ward_key,ward,lga_key,lga,state_key,state,zone
benue-gboko-gbkcentral-market,Gbk/Central Market,gboko,Gboko,benue,Benue,North Central
benue-gboko-gboko-east,Gboko East,gboko,Gboko,benue,Benue,North Central
benue-gboko-gboko-north-west,Gboko North West,gboko,Gboko,benue,Benue,North Central
benue-makurdi-agan,Agan,makurdi,Makurdi,benue,Benue,North Central
benue-makurdi-ankpawadata,Ankpa/Wadata,makurdi,Makurdi,benue,Benue,North Central
benue-makurdi-bar,Bar,makurdi,Makurdi,benue,Benue,North Central
benue-otukpo-adoka-haje,Adoka-Haje,otukpo,Oturkpo,benue,Benue,North Central
benue-otukpo-adoka-icho,Adoka-Icho,otukpo,Oturkpo,benue,Benue,North Central
benue-otukpo-allan,Allan,otukpo,Oturkpo,benue,Benue,North Central
benue-katsina-ala-ikurav-tiev-i,Ikurav Tiev I,katsina-ala,Katsina-Ala,benue,Benue,North Central
benue-katsina-ala-ikurav-tiev-ii,Ikurav Tiev II,katsina-ala,Katsina-Ala,benue,Benue,North Central
benue-katsina-ala-iwar-tongov-i,Iwar(Tongov I),katsina-ala,Katsina-Ala,benue,Benue,North Central
benue-vandeikya-mbadede,Mbadede,vandeikya,Vandeikya,benue,Benue,North Central
benue-vandeikya-mbagbam,Mbagbam,vandeikya,Vandeikya,benue,Benue,North Central
benue-vandeikya-mbagbera,Mbagbera,vandeikya,Vandeikya,benue,Benue,North Central
federal-capital-territory-abuja-municipal-area-council-city-centre,City Centre,abuja-municipal-area-council,Municipal Area Council,federal-capital-territory,Abuja Federal Capital Territory,North Central
federal-capital-territory-abuja-municipal-area-council-garki,Garki,abuja-municipal-area-council,Municipal Area Council,federal-capital-territory,Abuja Federal Capital Territory,North Central
federal-capital-territory-abuja-municipal-area-council-gui,Gui,abuja-municipal-area-council,Municipal Area Council,federal-capital-territory,Abuja Federal Capital Territory,North Central
federal-capital-territory-bwari-bwari-central,Bwari Central,bwari,Bwari,federal-capital-territory,Abuja Federal Capital Territory,North Central
federal-capital-territory-bwari-byazhin,Byazhin,bwari,Bwari,federal-capital-territory,Abuja Federal Capital Territory,North Central
federal-capital-territory-bwari-dutse-alhaji,Dutse Alhaji,bwari,Bwari,federal-capital-territory,Abuja Federal Capital Territory,North Central
federal-capital-territory-gwagwalada-dobi,Dobi,gwagwalada,Gwagwalada,federal-capital-territory,Abuja Federal Capital Territory,North Central
federal-capital-territory-gwagwalada-gwagwalada-centre,Gwagwalada Centre,gwagwalada,Gwagwalada,federal-capital-territory,Abuja Federal Capital Territory,North Central
federal-capital-territory-gwagwalada-gwako,Gwako,gwagwalada,Gwagwalada,federal-capital-territory,Abuja Federal Capital Territory,North Central
federal-capital-territory-kuje-chibiri,Chibiri,kuje,Kuje,federal-capital-territory,Abuja Federal Capital Territory,North Central
federal-capital-territory-kuje-gaube,Gaube,kuje,Kuje,federal-capital-territory,Abuja Federal Capital Territory,North Central
federal-capital-territory-kuje-gudun-karya,Gudun Karya,kuje,Kuje,federal-capital-territory,Abuja Federal Capital Territory,North Central
federal-capital-territory-kwali-ashara,Ashara,kwali,Kwali,federal-capital-territory,Abuja Federal Capital Territory,North Central
federal-capital-territory-kwali-dafa,Dafa,kwali,Kwali,federal-capital-territory,Abuja Federal Capital Territory,North Central
federal-capital-territory-kwali-gumbo,Gumbo,kwali,Kwali,federal-capital-territory,Abuja Federal Capital Territory,North Central
kogi-lokoja-eggan,Eggan,lokoja,Lokoja,kogi,Kogi,North Central
kogi-lokoja-kakanda,Kakanda,lokoja,Lokoja,kogi,Kogi,North Central
kogi-lokoja-kupa-north-east,Kupa North East,lokoja,Lokoja,kogi,Kogi,North Central
kogi-okene-abugaozuja,Abuga/Ozuja,okene,Okene,kogi,Kogi,North Central
kogi-okene-bariki,Bariki,okene,Okene,kogi,Kogi,North Central
kogi-okene-idoji,Idoji,okene,Okene,kogi,Kogi,North Central
kogi-kabba-bunu-aiyeteju,Aiyeteju,kabba-bunu,Kabba/Bunu,kogi,Kogi,North Central
kogi-kabba-bunu-aiyetoro-kiri,Aiyetoro-Kiri,kabba-bunu,Kabba/Bunu,kogi,Kogi,North Central
kogi-kabba-bunu-aiyewa,Aiyewa,kabba-bunu,Kabba/Bunu,kogi,Kogi,North Central
kogi-idah-ede,Ede,idah,Idah,kogi,Kogi,North Central
kogi-idah-ega,Ega,idah,Idah,kogi,Kogi,North Central
kogi-idah-ichala,Ichala,idah,Idah,kogi,Kogi,North Central
kogi-ankpa-ankpa-i,Ankpa I,ankpa,Ankpa,kogi,Kogi,North Central
kogi-ankpa-ankpa-ii,Ankpa II,ankpa,Ankpa,kogi,Kogi,North Central
kogi-ankpa-ankpa-suburb-i,Ankpa Suburb I,ankpa,Ankpa,kogi,Kogi,North Central
kwara-ilorin-east-agbeyangigbadamuosin,Agbeyangi/Gbadamu/Osin,ilorin-east,Ilorin East,kwara,Kwara,North Central
kwara-ilorin-east-apado,Apado,ilorin-east,Ilorin East,kwara,Kwara,North Central
kwara-ilorin-east-balogun-gambari-ii,Balogun Gambari II,ilorin-east,Ilorin East,kwara,Kwara,North Central
kwara-ilorin-west-adewole,Adewole,ilorin-west,Ilorin West,kwara,Kwara,North Central
kwara-ilorin-west-ajikobi,Ajikobi,ilorin-west,Ilorin West,kwara,Kwara,North Central
kwara-ilorin-west-baboko,Baboko,ilorin-west,Ilorin West,kwara,Kwara,North Central
kwara-offa-balogun,Balogun,offa,Offa,kwara,Kwara,North Central
kwara-offa-essa-a,Essa-A,offa,Offa,kwara,Kwara,North Central
kwara-offa-essa-b,Essa-B,offa,Offa,kwara,Kwara,North Central
kwara-ekiti-eruku,Eruku,ekiti,Ekiti,kwara,Kwara,North Central
kwara-ekiti-isapa,Isapa,ekiti,Ekiti,kwara,Kwara,North Central
kwara-ekiti-koro,Koro,ekiti,Ekiti,kwara,Kwara,North Central
kwara-edu-lafiagi-i,Lafiagi I,edu,Edu,kwara,Kwara,North Central
kwara-edu-lafiagi-ii,Lafiagi II,edu,Edu,kwara,Kwara,North Central
kwara-edu-lafiagi-iii,Lafiagi III,edu,Edu,kwara,Kwara,North Central
nasarawa-lafia-adogi,Adogi,lafia,Lafia,nasarawa,Nasarawa,North Central
nasarawa-lafia-agyaragun-tofa,Agyaragun Tofa,lafia,Lafia,nasarawa,Nasarawa,North Central
nasarawa-lafia-akurbabakin-rijiya,Akurba/Bakin Rijiya,lafia,Lafia,nasarawa,Nasarawa,North Central
nasarawa-keffi-ang-rimi,Ang.Rimi,keffi,Keffi,nasarawa,Nasarawa,North Central
nasarawa-keffi-angwan-iya-i,Angwan Iya I,keffi,Keffi,nasarawa,Nasarawa,North Central
nasarawa-keffi-angwan-iya-ii,Angwan Iya II,keffi,Keffi,nasarawa,Nasarawa,North Central
nasarawa-akwanga-agyaga,Agyaga,akwanga,Akwanga,nasarawa,Nasarawa,North Central
nasarawa-akwanga-akwanga-east,Akwanga East,akwanga,Akwanga,nasarawa,Nasarawa,North Central
nasarawa-akwanga-akwanga-west,Akwanga West,akwanga,Akwanga,nasarawa,Nasarawa,North Central
nasarawa-nasarawa-akum,Akum,nasarawa,Nasarawa,nasarawa,Nasarawa,North Central
nasarawa-nasarawa-ara-i,Ara I,nasarawa,Nasarawa,nasarawa,Nasarawa,North Central
nasarawa-nasarawa-ara-ii,Ara II,nasarawa,Nasarawa,nasarawa,Nasarawa,North Central
nasarawa-doma-agbashi,Agbashi,doma,Doma,nasarawa,Nasarawa,North Central
nasarawa-doma-akpanaja,Akpanaja,doma,Doma,nasarawa,Nasarawa,North Central
nasarawa-doma-alagye,Alagye,doma,Doma,nasarawa,Nasarawa,North Central
niger-chanchaga-limawa-a,Limawa 'A',chanchaga,Chanchaga,niger,Niger,North Central
niger-chanchaga-limawa-b,Limawa 'B',chanchaga,Chanchaga,niger,Niger,North Central
niger-chanchaga-makera,Makera,chanchaga,Chanchaga,niger,Niger,North Central
niger-kontagora-arewa,Arewa,kontagora,Kontagora,niger,Niger,North Central
niger-kontagora-central,Central,kontagora,Kontagora,niger,Niger,North Central
niger-kontagora-gabas,Gabas,kontagora,Kontagora,niger,Niger,North Central
niger-suleja-bagama-b,Bagama 'B',suleja,Suleja,niger,Niger,North Central
niger-suleja-bagmama-a,Bagmama 'A',suleja,Suleja,niger,Niger,North Central
niger-suleja-hashimi-a,Hashimi 'A',suleja,Suleja,niger,Niger,North Central
niger-bida-bariki,Bariki,bida,Bida,niger,Niger,North Central
niger-bida-ceniyan,Ceniyan,bida,Bida,niger,Niger,North Central
niger-bida-dokodza,Dokodza,bida,Bida,niger,Niger,North Central
niger-agaie-baro,Baro,agaie,Agaie,niger,Niger,North Central
niger-agaie-boku,Boku,agaie,Agaie,niger,Niger,North Central
niger-agaie-dauaci,Dauaci,agaie,Agaie,niger,Niger,North Central
plateau-jos-north-abba-na-shehu,Abba Na Shehu,jos-north,Jos North,plateau,Plateau,North Central
plateau-jos-north-ali-kazaure,Ali Kazaure,jos-north,Jos North,plateau,Plateau,North Central
plateau-jos-north-gangare,Gangare,jos-north,Jos North,plateau,Plateau,North Central
plateau-jos-south-bukuru,Bukuru,jos-south,Jos South,plateau,Plateau,North Central
plateau-jos-south-du,Du,jos-south,Jos South,plateau,Plateau,North Central
plateau-jos-south-giring,Giring,jos-south,Jos South,plateau,Plateau,North Central
plateau-barkin-ladi-barakin-ladi,Barakin Ladi,barkin-ladi,Barkin Ladi,plateau,Plateau,North Central
plateau-barkin-ladi-gassasho,Gassa/Sho,barkin-ladi,Barkin Ladi,plateau,Plateau,North Central
plateau-barkin-ladi-gindin-akwati,Gindin Akwati,barkin-ladi,Barkin Ladi,plateau,Plateau,North Central
plateau-mangu-ampang-west,Ampang west,mangu,Mangu,plateau,Plateau,North Central
plateau-mangu-chanso,Chanso,mangu,Mangu,plateau,Plateau,North Central
plateau-mangu-gindiri-i,Gindiri  I,mangu,Mangu,plateau,Plateau,North Central
plateau-pankshin-chip,Chip,pankshin,Pankshin,plateau,Plateau,North Central
plateau-pankshin-dok-pai,Dok-Pai,pankshin,Pankshin,plateau,Plateau,North Central
plateau-pankshin-fier,Fier,pankshin,Pankshin,plateau,Plateau,North Central
adamawa-yola-north-ajiya,Ajiya,yola-north,Yola North,adamawa,Adamawa,North East
adamawa-yola-north-alkalawa,Alkalawa,yola-north,Yola North,adamawa,Adamawa,North East
adamawa-yola-north-doubeli,Doubeli,yola-north,Yola North,adamawa,Adamawa,North East
adamawa-yola-south-adarawo,Adarawo,yola-south,Yola South,adamawa,Adamawa,North East
adamawa-yola-south-bako,Bako,yola-south,Yola South,adamawa,Adamawa,North East
adamawa-yola-south-bole-yolde-pate,Bole Yolde Pate,yola-south,Yola South,adamawa,Adamawa,North East
adamawa-numan-bare,Bare,numan,Numan,adamawa,Adamawa,North East
adamawa-numan-bolki,Bolki,numan,Numan,adamawa,Adamawa,North East
adamawa-numan-gamadio,Gamadio,numan,Numan,adamawa,Adamawa,North East
adamawa-mubi-north-bahuli,Bahuli,mubi-north,Mubi North,adamawa,Adamawa,North East
adamawa-mubi-north-betso,Betso,mubi-north,Mubi North,adamawa,Adamawa,North East
adamawa-mubi-north-digil,Digil,mubi-north,Mubi North,adamawa,Adamawa,North East
gombe-gombe-ajiya,Ajiya,gombe,Gombe,gombe,Gombe,North East
gombe-gombe-bajoga,Bajoga,gombe,Gombe,gombe,Gombe,North East
gombe-gombe-bolari-east,Bolari East,gombe,Gombe,gombe,Gombe,North East
gombe-yamaltu-deba-deba,Deba,yamaltu-deba,Yamaltu/Deba,gombe,Gombe,North East
gombe-yamaltu-deba-difa-lubo-kinafa,Difa / Lubo / Kinafa,yamaltu-deba,Yamaltu/Deba,gombe,Gombe,North East
gombe-yamaltu-deba-gwani-shinga-wade,Gwani / Shinga / Wade,yamaltu-deba,Yamaltu/Deba,gombe,Gombe,North East
gombe-kaltungo-awak,Awak,kaltungo,Kaltungo,gombe,Gombe,North East
gombe-kaltungo-bule-kaltin,Bule / Kaltin,kaltungo,Kaltungo,gombe,Gombe,North East
gombe-kaltungo-kaltungo-east,Kaltungo East,kaltungo,Kaltungo,gombe,Gombe,North East
gombe-balanga-bambam,Bambam,balanga,Balanga,gombe,Gombe,North East
gombe-balanga-bangu,Bangu,balanga,Balanga,gombe,Gombe,North East
gombe-balanga-dadiya,Dadiya,balanga,Balanga,gombe,Gombe,North East
gombe-nafada-barwo-nasarawo,Barwo / Nasarawo,nafada,Nafada,gombe,Gombe,North East
gombe-nafada-barwo-winde,Barwo Winde,nafada,Nafada,gombe,Gombe,North East
gombe-nafada-birin-bolewa,Birin Bolewa,nafada,Nafada,gombe,Gombe,North East
taraba-jalingo-abbare-yelwa,Abbare Yelwa,jalingo,Jalingo,taraba,Taraba,North East
taraba-jalingo-barade,Barade,jalingo,Jalingo,taraba,Taraba,North East
taraba-jalingo-kachalla-sembe,Kachalla Sembe,jalingo,Jalingo,taraba,Taraba,North East
taraba-wukari-akwana,Akwana,wukari,Wukari,taraba,Taraba,North East
taraba-wukari-avyi,Avyi,wukari,Wukari,taraba,Taraba,North East
taraba-wukari-bantaje,Bantaje,wukari,Wukari,taraba,Taraba,North East
taraba-sardauna-gembu-a,Gembu 'A',sardauna,Sardauna,taraba,Taraba,North East
taraba-sardauna-gembu-b,Gembu 'B',sardauna,Sardauna,taraba,Taraba,North East
taraba-sardauna-kabri,Kabri,sardauna,Sardauna,taraba,Taraba,North East
taraba-ardo-kola-alim-gora,Alim-Gora,ardo-kola,Ardo-Kola,taraba,Taraba,North East
taraba-ardo-kola-ardo-kola,Ardo Kola,ardo-kola,Ardo-Kola,taraba,Taraba,North East
taraba-ardo-kola-iware,Iware,ardo-kola,Ardo-Kola,taraba,Taraba,North East
taraba-donga-akate,Akate,donga,Donga,taraba,Taraba,North East
taraba-donga-asibiti,Asibiti,donga,Donga,taraba,Taraba,North East
taraba-donga-bikadarko,Bikadarko,donga,Donga,taraba,Taraba,North East
yobe-damaturu-bindigarifawari,Bindigari/Fawari,damaturu,Damaturu,yobe,Yobe,North East
yobe-damaturu-damakasu,Damakasu,damaturu,Damaturu,yobe,Yobe,North East
yobe-damaturu-damaturu-central,Damaturu Central,damaturu,Damaturu,yobe,Yobe,North East
yobe-potiskum-bare-barebauyalalai-dumbulwa,Bare-Bare/Bauya/Lalai Dumbulwa,potiskum,Potiskum,yobe,Yobe,North East
yobe-potiskum-bolewa-a,Bolewa 'A',potiskum,Potiskum,yobe,Yobe,North East
yobe-potiskum-bolewa-b,Bolewa 'B',potiskum,Potiskum,yobe,Yobe,North East
yobe-nguru-bulabulin,Bulabulin,nguru,Nguru,yobe,Yobe,North East
yobe-nguru-bulanguwa,Bulanguwa,nguru,Nguru,yobe,Yobe,North East
yobe-nguru-dabule,Dabule,nguru,Nguru,yobe,Yobe,North East
yobe-bade-dagona,Dagona,bade,Bade,yobe,Yobe,North East
yobe-bade-gwio-kura,Gwio-Kura,bade,Bade,yobe,Yobe,North East
yobe-bade-katuzu,Katuzu,bade,Bade,yobe,Yobe,North East
yobe-geidam-asheikri,Asheikri,geidam,Geidam,yobe,Yobe,North East
yobe-geidam-ballegallabameleri,Balle/Gallaba/Meleri,geidam,Geidam,yobe,Yobe,North East
yobe-geidam-damakarwakusur,Damakarwa/Kusur,geidam,Geidam,yobe,Yobe,North East
kaduna-kaduna-north-badarawa,Badarawa,kaduna-north,Kaduna North,kaduna,Kaduna,North West
kaduna-kaduna-north-gabasawa,Gabasawa,kaduna-north,Kaduna North,kaduna,Kaduna,North West
kaduna-kaduna-north-gaji,Gaji,kaduna-north,Kaduna North,kaduna,Kaduna,North West
kaduna-kaduna-south-badiko,Badiko,kaduna-south,Kaduna South,kaduna,Kaduna,North West
kaduna-kaduna-south-barnawa,Barnawa,kaduna-south,Kaduna South,kaduna,Kaduna,North West
kaduna-kaduna-south-kakuri-gwari,Kakuri Gwari,kaduna-south,Kaduna South,kaduna,Kaduna,North West
kaduna-zaria-dambo,Dambo,zaria,Zaria,kaduna,Kaduna,North West
kaduna-zaria-dutsen-abba,Dutsen Abba,zaria,Zaria,kaduna,Kaduna,North West
kaduna-zaria-gyallesu,Gyallesu,zaria,Zaria,kaduna,Kaduna,North West
kaduna-jemaa-asso,Asso,jemaa,Jema'A,kaduna,Kaduna,North West
kaduna-jemaa-atuku,Atuku,jemaa,Jema'A,kaduna,Kaduna,North West
kaduna-jemaa-bedde,Bedde,jemaa,Jema'A,kaduna,Kaduna,North West
kaduna-soba-dan-wata,Dan Wata,soba,Soba,kaduna,Kaduna,North West
kaduna-soba-gamagira,Gamagira,soba,Soba,kaduna,Kaduna,North West
kaduna-soba-garun-gwanki,Garun Gwanki,soba,Soba,kaduna,Kaduna,North West
kano-kano-municipal-chedi,Chedi,kano-municipal,Kano Municipal,kano,Kano,North West
kano-kano-municipal-danagundi,Dan'agundi,kano-municipal,Kano Municipal,kano,Kano,North West
kano-kano-municipal-gandun-albasa,Gandun Albasa,kano-municipal,Kano Municipal,kano,Kano,North West
kano-fagge-fagge-a,Fagge A,fagge,Fagge,kano,Kano,North West
kano-fagge-fagge-b,Fagge B,fagge,Fagge,kano,Kano,North West
kano-fagge-fagge-c,Fagge C,fagge,Fagge,kano,Kano,North West
kano-dala-adakawa,Adakawa,dala,Dala,kano,Kano,North West
kano-dala-bakin-ruwa,Bakin Ruwa,dala,Dala,kano,Kano,North West
kano-dala-dala,Dala,dala,Dala,kano,Kano,North West
kano-nasarawa-dakata,Dakata,nasarawa,Nasarawa,kano,Kano,North West
kano-nasarawa-gama,Gama,nasarawa,Nasarawa,kano,Kano,North West
kano-nasarawa-gawuna,Gawuna,nasarawa,Nasarawa,kano,Kano,North West
kano-gwale-dandago,Dandago,gwale,Gwale,kano,Kano,North West
kano-gwale-diso,Diso,gwale,Gwale,kano,Kano,North West
kano-gwale-dorayi,Dorayi,gwale,Gwale,kano,Kano,North West
katsina-katsina-kangiwa,Kangiwa,katsina,Katsina,katsina,Katsina,North West
katsina-katsina-shinkafi-a,Shinkafi 'A,katsina,Katsina,katsina,Katsina,North West
katsina-katsina-shinkafi-b,Shinkafi 'B',katsina,Katsina,katsina,Katsina,North West
katsina-daura-kusugu,Kusugu,daura,Daura,katsina,Katsina,North West
katsina-daura-madobi-a,Madobi A,daura,Daura,katsina,Katsina,North West
katsina-daura-madobi-b,Madobi B,daura,Daura,katsina,Katsina,North West
katsina-funtua-dandutse,Dandutse,funtua,Funtua,katsina,Katsina,North West
katsina-funtua-dukke,Dukke,funtua,Funtua,katsina,Katsina,North West
katsina-funtua-goya,Goya,funtua,Funtua,katsina,Katsina,North West
katsina-mashi-bamble,Bamble,mashi,Mashi,katsina,Katsina,North West
katsina-mashi-doguru-a,Doguru 'A',mashi,Mashi,katsina,Katsina,North West
katsina-mashi-doguru-b,Doguru 'B',mashi,Mashi,katsina,Katsina,North West
katsina-dutsinma-bagagadi,Bagagadi,dutsinma,Dutsin Ma,katsina,Katsina,North West
katsina-dutsinma-dabawa,Dabawa,dutsinma,Dutsin Ma,katsina,Katsina,North West
katsina-dutsinma-dutsin-ma-a,Dutsin-Ma A,dutsinma,Dutsin Ma,katsina,Katsina,North West
kebbi-birnin-kebbi-ambursa,Ambursa,birnin-kebbi,Birnin Kebbi,kebbi,Kebbi,North West
kebbi-birnin-kebbi-birnin-kebbi-dangaladima,Birnin Kebbi Dangaladima,birnin-kebbi,Birnin Kebbi,kebbi,Kebbi,North West
kebbi-birnin-kebbi-birnin-kebbi-mafara,Birnin Kebbi Mafara,birnin-kebbi,Birnin Kebbi,kebbi,Kebbi,North West
kebbi-argungu-alwasagotomo,Alwasa/Gotomo,argungu,Argungu,kebbi,Kebbi,North West
kebbi-argungu-dikko,Dikko,argungu,Argungu,kebbi,Kebbi,North West
kebbi-argungu-felande,Felande,argungu,Argungu,kebbi,Kebbi,North West
kebbi-yauri-chulukoma,Chulu/Koma,yauri,Yauri,kebbi,Kebbi,North West
kebbi-yauri-gungun-sarki,Gungun Sarki,yauri,Yauri,kebbi,Kebbi,North West
kebbi-yauri-jijima,Jijima,yauri,Yauri,kebbi,Kebbi,North West
kebbi-zuru-bedi,Bedi,zuru,Zuru,kebbi,Kebbi,North West
kebbi-zuru-ciroman-dabai,Ciroman Dabai,zuru,Zuru,kebbi,Kebbi,North West
kebbi-zuru-isgogo-dago,Isgogo /Dago,zuru,Zuru,kebbi,Kebbi,North West
kebbi-kalgo-badariyamagarza,Badariya/Magarza,kalgo,Kalgo,kebbi,Kebbi,North West
kebbi-kalgo-dangomagayi,Dangoma/Gayi,kalgo,Kalgo,kebbi,Kebbi,North West
kebbi-kalgo-diggi,Diggi,kalgo,Kalgo,kebbi,Kebbi,North West
sokoto-sokoto-north-magajin-gari-a,Magajin Gari 'A',sokoto-north,Sokoto North,sokoto,Sokoto,North West
sokoto-sokoto-north-magajin-gari-b,Magajin gari B,sokoto-north,Sokoto North,sokoto,Sokoto,North West
sokoto-sokoto-north-magajin-rafi-a,Magajin Rafi 'A',sokoto-north,Sokoto North,sokoto,Sokoto,North West
sokoto-sokoto-south-gagi-a,Gagi 'A',sokoto-south,Sokoto South,sokoto,Sokoto,North West
sokoto-sokoto-south-gagi-b,Gagi 'B',sokoto-south,Sokoto South,sokoto,Sokoto,North West
sokoto-sokoto-south-gagi-c,Gagi 'C',sokoto-south,Sokoto South,sokoto,Sokoto,North West
sokoto-tambuwal-bagidalukkingo,Bagida/Lukkingo,tambuwal,Tambuwal,sokoto,Sokoto,North West
sokoto-tambuwal-bakayasabon-birni,Bakaya/Sabon Birni,tambuwal,Tambuwal,sokoto,Sokoto,North West
sokoto-tambuwal-barkejinabaguda,Barkeji/Nabaguda,tambuwal,Tambuwal,sokoto,Sokoto,North West
sokoto-bodinga-badaudarhela,Badau/Darhela,bodinga,Bodinga,sokoto,Sokoto,North West
sokoto-bodinga-bagarawa,Bagarawa,bodinga,Bodinga,sokoto,Sokoto,North West
sokoto-bodinga-bangidabaga,Bangi/Dabaga,bodinga,Bodinga,sokoto,Sokoto,North West
sokoto-wamako-arkilla,Arkilla,wamako,Wamakko,sokoto,Sokoto,North West
sokoto-wamako-badokasarawa,Bado/Kasarawa,wamako,Wamakko,sokoto,Sokoto,North West
sokoto-wamako-dundayegumburawa,Dundaye/Gumburawa,wamako,Wamakko,sokoto,Sokoto,North West
zamfara-gusau-galadima,Galadima,gusau,Gusau,zamfara,Zamfara,North West
zamfara-gusau-mada,Mada,gusau,Gusau,zamfara,Zamfara,North West
zamfara-gusau-madawaki,Madawaki,gusau,Gusau,zamfara,Zamfara,North West
zamfara-kaura-namoda-banga,Banga,kaura-namoda,Kaura Namoda,zamfara,Zamfara,North West
zamfara-kaura-namoda-dan-isa,Dan-Isa,kaura-namoda,Kaura Namoda,zamfara,Zamfara,North West
zamfara-kaura-namoda-gabake,Gabake,kaura-namoda,Kaura Namoda,zamfara,Zamfara,North West
zamfara-talata-mafara-garbadu,Garbadu,talata-mafara,Talata Mafara,zamfara,Zamfara,North West
zamfara-talata-mafara-gwaram,Gwaram,talata-mafara,Talata Mafara,zamfara,Zamfara,North West
zamfara-talata-mafara-jangebe,Jangebe,talata-mafara,Talata Mafara,zamfara,Zamfara,North West
zamfara-maru-bindin,Bindin,maru,Maru,zamfara,Zamfara,North West
zamfara-maru-bingin,Bingin,maru,Maru,zamfara,Zamfara,North West
zamfara-maru-dan-gulbi,Dan Gulbi,maru,Maru,zamfara,Zamfara,North West
zamfara-bungudu-bingi-north,Bingi North,bungudu,Bungudu,zamfara,Zamfara,North West
zamfara-bungudu-bingi-south,Bingi South,bungudu,Bungudu,zamfara,Zamfara,North West
zamfara-bungudu-bungudu,Bungudu,bungudu,Bungudu,zamfara,Zamfara,North West
abia-aba-north-ariaria-market,Ariaria Market,aba-north,Aba North,abia,Abia,South East
abia-aba-north-eziama,Eziama,aba-north,Aba North,abia,Abia,South East
abia-aba-north-industrial-area,Industrial Area,aba-north,Aba North,abia,Abia,South East
abia-aba-south-aba-river,Aba River,aba-south,Aba South,abia,Abia,South East
abia-aba-south-aba-town-hall,Aba Town Hall,aba-south,Aba South,abia,Abia,South East
abia-aba-south-asa,Asa,aba-south,Aba South,abia,Abia,South East
abia-umuahia-north-afugiri,Afugiri,umuahia-north,Umuahia North,abia,Abia,South East
abia-umuahia-north-ibeku-east-i,Ibeku East I,umuahia-north,Umuahia North,abia,Abia,South East
abia-umuahia-north-ibeku-east-ii,Ibeku East II,umuahia-north,Umuahia North,abia,Abia,South East
abia-umuahia-south-ahiaukwu-i,Ahiaukwu  I,umuahia-south,Umuahia South,abia,Abia,South East
abia-umuahia-south-ahiaukwu-ii,Ahiaukwu  II,umuahia-south,Umuahia South,abia,Abia,South East
abia-umuahia-south-amakama,Amakama,umuahia-south,Umuahia South,abia,Abia,South East
abia-arochukwu-arochukwu-i,Arochukwu I,arochukwu,Arochukwu,abia,Abia,South East
abia-arochukwu-arochukwu-ii,Arochukwu II,arochukwu,Arochukwu,abia,Abia,South East
abia-arochukwu-arochukwu-iii,Arochukwu III,arochukwu,Arochukwu,abia,Abia,South East
anambra-awka-north-achalla-i,Achalla  I,awka-north,Awka North,anambra,Anambra,South East
anambra-awka-north-achalla-ii,Achalla  II,awka-north,Awka North,anambra,Anambra,South East
anambra-awka-north-achalla-iii,Achalla  III,awka-north,Awka North,anambra,Anambra,South East
anambra-awka-south-agu-oka,Agu Oka,awka-south,Awka South,anambra,Anambra,South East
anambra-awka-south-amawbia-i,Amawbia  I,awka-south,Awka South,anambra,Anambra,South East
anambra-awka-south-amawbia-ii,Amawbia  II,awka-south,Awka South,anambra,Anambra,South East
anambra-onitsha-north-american-quarters,American Quarters,onitsha-north,Onitsha North,anambra,Anambra,South East
anambra-onitsha-north-g-r-a,G.R.A,onitsha-north,Onitsha North,anambra,Anambra,South East
anambra-onitsha-north-inland-town-i,Inland Town I,onitsha-north,Onitsha North,anambra,Anambra,South East
anambra-onitsha-south-bridge-head-i,Bridge Head I,onitsha-south,Onitsha South,anambra,Anambra,South East
anambra-onitsha-south-bridge-head-ii,Bridge Head II,onitsha-south,Onitsha South,anambra,Anambra,South East
anambra-onitsha-south-bridge-head-iii,Bridge Head III,onitsha-south,Onitsha South,anambra,Anambra,South East
anambra-nnewi-north-nnewi-ichi-i,Nnewi-ichi  I,nnewi-north,Nnewi North,anambra,Anambra,South East
anambra-nnewi-north-nnewi-ichi-ii,Nnewi-ichi  II,nnewi-north,Nnewi North,anambra,Anambra,South East
anambra-nnewi-north-otolo-i,Otolo  I,nnewi-north,Nnewi North,anambra,Anambra,South East
ebonyi-abakaliki-abakpa,Abakpa,abakaliki,Abakaliki,ebonyi,Ebonyi,South East
ebonyi-abakaliki-abaomege,Abaomege,abakaliki,Abakaliki,ebonyi,Ebonyi,South East
ebonyi-abakaliki-abofia,Abofia,abakaliki,Abakaliki,ebonyi,Ebonyi,South East
ebonyi-afikpo-north-amata-akpoha,Amata-Akpoha,afikpo-north,Afikpo North,ebonyi,Ebonyi,South East
ebonyi-afikpo-north-amogu-akpoha,Amogu Akpoha,afikpo-north,Afikpo North,ebonyi,Ebonyi,South East
ebonyi-afikpo-north-ezeke-amasiri,Ezeke Amasiri,afikpo-north,Afikpo North,ebonyi,Ebonyi,South East
ebonyi-afikpo-south-amaeke-ekoli,Amaeke Ekoli,afikpo-south,Afikpo South,ebonyi,Ebonyi,South East
ebonyi-afikpo-south-amaigbo,Amaigbo,afikpo-south,Afikpo South,ebonyi,Ebonyi,South East
ebonyi-afikpo-south-amangwu,Amangwu,afikpo-south,Afikpo South,ebonyi,Ebonyi,South East
ebonyi-ezza-north-amuda-amawula,Amuda / Amawula,ezza-north,Ezza North,ebonyi,Ebonyi,South East
ebonyi-ezza-north-ekka,Ekka,ezza-north,Ezza North,ebonyi,Ebonyi,South East
ebonyi-ezza-north-inyere,Inyere,ezza-north,Ezza North,ebonyi,Ebonyi,South East
ebonyi-ohaozara-amaechi-okposi,Amaechi okposi,ohaozara,Ohaozara,ebonyi,Ebonyi,South East
ebonyi-ohaozara-ene-na-ezeraku,Ene- Na - Ezeraku,ohaozara,Ohaozara,ebonyi,Ebonyi,South East
ebonyi-ohaozara-mgbom-okposi,Mgbom Okposi,ohaozara,Ohaozara,ebonyi,Ebonyi,South East
imo-owerri-north-agbalaobubeulakwo,Agbala/Obube/Ulakwo,owerri-north,Owerri North,imo,Imo,South East
imo-owerri-north-awakaihitte-ogada,Awaka/Ihitte-Ogada,owerri-north,Owerri North,imo,Imo,South East
imo-owerri-north-egbu,Egbu,owerri-north,Owerri North,imo,Imo,South East
imo-owerri-west-amakohia-ubindegwu-ohii,Amakohia-Ubi/Ndegwu Ohii,owerri-west,Owerri West,imo,Imo,South East
imo-owerri-west-avuoforola,Avu/Oforola,owerri-west,Owerri West,imo,Imo,South East
imo-owerri-west-emeabiamokolochi,Emeabiam/Okolochi,owerri-west,Owerri West,imo,Imo,South East
imo-orlu-amaifeke,Amaifeke,orlu,Orlu,imo,Imo,South East
imo-orlu-ebeneseumuezennachi-ihioma,Ebenese/Umueze/Nnachi Ihioma,orlu,Orlu,imo,Imo,South East
imo-orlu-eziachiamike,Eziachi/Amike,orlu,Orlu,imo,Imo,South East
imo-okigwe-agbobu,Agbobu,okigwe,Okigwe,imo,Imo,South East
imo-okigwe-aku,Aku,okigwe,Okigwe,imo,Imo,South East
imo-okigwe-amuro,Amuro,okigwe,Okigwe,imo,Imo,South East
imo-aboh-mbaise-amuzu,Amuzu,aboh-mbaise,Aboh-Mbaise,imo,Imo,South East
imo-aboh-mbaise-enyiogugu,Enyiogugu,aboh-mbaise,Aboh-Mbaise,imo,Imo,South East
imo-aboh-mbaise-ibeku,Ibeku,aboh-mbaise,Aboh-Mbaise,imo,Imo,South East
akwa-ibom-uyo-etoi-i,Etoi I,uyo,Uyo,akwa-ibom,Akwa Ibom,South South
akwa-ibom-uyo-etoi-ii,Etoi II,uyo,Uyo,akwa-ibom,Akwa Ibom,South South
akwa-ibom-uyo-ikono-i,Ikono I,uyo,Uyo,akwa-ibom,Akwa Ibom,South South
akwa-ibom-eket-central-i,Central I,eket,Eket,akwa-ibom,Akwa Ibom,South South
akwa-ibom-eket-central-ii,Central II,eket,Eket,akwa-ibom,Akwa Ibom,South South
akwa-ibom-eket-central-iii,Central III,eket,Eket,akwa-ibom,Akwa Ibom,South South
akwa-ibom-ikot-ekpene-ikot-ekpene-i,Ikot Ekpene I,ikot-ekpene,Ikot Ekpene,akwa-ibom,Akwa Ibom,South South
akwa-ibom-ikot-ekpene-ikot-ekpene-ii,Ikot Ekpene II,ikot-ekpene,Ikot Ekpene,akwa-ibom,Akwa Ibom,South South
akwa-ibom-ikot-ekpene-ikot-ekpene-iii,Ikot Ekpene III,ikot-ekpene,Ikot Ekpene,akwa-ibom,Akwa Ibom,South South
akwa-ibom-oron-oron-urban-i,Oron Urban I,oron,Oron,akwa-ibom,Akwa Ibom,South South
akwa-ibom-oron-oron-urban-ii,Oron Urban II,oron,Oron,akwa-ibom,Akwa Ibom,South South
akwa-ibom-oron-oron-urban-iii,Oron Urban III,oron,Oron,akwa-ibom,Akwa Ibom,South South
akwa-ibom-abak-abak-urban-i,Abak Urban I,abak,Abak,akwa-ibom,Akwa Ibom,South South
akwa-ibom-abak-abak-urban-ii,Abak Urban II,abak,Abak,akwa-ibom,Akwa Ibom,South South
akwa-ibom-abak-abak-urban-iii,Abak Urban III,abak,Abak,akwa-ibom,Akwa Ibom,South South
bayelsa-yenagoa-attissa-i,Attissa I,yenagoa,Yenegoa,bayelsa,Bayelsa,South South
bayelsa-yenagoa-attissa-ii,Attissa II,yenagoa,Yenegoa,bayelsa,Bayelsa,South South
bayelsa-yenagoa-attissa-iii,Attissa III,yenagoa,Yenegoa,bayelsa,Bayelsa,South South
bayelsa-brass-brass-i,Brass I,brass,Brass,bayelsa,Bayelsa,South South
bayelsa-brass-brass-ward-ii,Brass ward II,brass,Brass,bayelsa,Bayelsa,South South
bayelsa-brass-cafe-farmosa,Cafe Farmosa,brass,Brass,bayelsa,Bayelsa,South South
bayelsa-kolokuma-opokuma-igbedi,Igbedi,kolokuma-opokuma,Kolokuma/Opokuma,bayelsa,Bayelsa,South South
bayelsa-kolokuma-opokuma-kaiama,Kaiama,kolokuma-opokuma,Kolokuma/Opokuma,bayelsa,Bayelsa,South South
bayelsa-kolokuma-opokuma-kaiamaolobiri,Kaiama/Olobiri,kolokuma-opokuma,Kolokuma/Opokuma,bayelsa,Bayelsa,South South
bayelsa-nembe-bassambiri-i,Bassambiri I,nembe,Nembe,bayelsa,Bayelsa,South South
bayelsa-nembe-bassambiri-ii,Bassambiri II,nembe,Nembe,bayelsa,Bayelsa,South South
bayelsa-nembe-bassambiri-iii,Bassambiri III,nembe,Nembe,bayelsa,Bayelsa,South South
bayelsa-ogbia-anyama,Anyama,ogbia,Ogbia,bayelsa,Bayelsa,South South
bayelsa-ogbia-emeyal,Emeyal,ogbia,Ogbia,bayelsa,Bayelsa,South South
bayelsa-ogbia-imiringi,Imiringi,ogbia,Ogbia,bayelsa,Bayelsa,South South
cross-river-calabar-municipal-eigth,Eigth,calabar-municipal,Calabar Municipal,cross-river,Cross River,South South
cross-river-calabar-municipal-five,Five,calabar-municipal,Calabar Municipal,cross-river,Cross River,South South
cross-river-calabar-municipal-four,Four,calabar-municipal,Calabar Municipal,cross-river,Cross River,South South
cross-river-calabar-south-eight-8,Eight (8),calabar-south,Calabar South,cross-river,Cross River,South South
cross-river-calabar-south-eleven-11,Eleven (11),calabar-south,Calabar South,cross-river,Cross River,South South
cross-river-calabar-south-five-5,Five (5),calabar-south,Calabar South,cross-river,Cross River,South South
cross-river-abi-adadama,Adadama,abi,Abi,cross-river,Cross River,South South
cross-river-abi-afafanyiigonigoni,Afafanyi/Igonigoni,abi,Abi,cross-river,Cross River,South South
cross-river-abi-ebom,Ebom,abi,Abi,cross-river,Cross River,South South
cross-river-bekwarra-abuochiche,Abuochiche,bekwarra,Bekwarra,cross-river,Cross River,South South
cross-river-bekwarra-afrike-ochagbe,Afrike Ochagbe,bekwarra,Bekwarra,cross-river,Cross River,South South
cross-river-bekwarra-afrike-okpeche,Afrike Okpeche,bekwarra,Bekwarra,cross-river,Cross River,South South
cross-river-ogoja-ekajuk-i,Ekajuk I,ogoja,Ogoja,cross-river,Cross River,South South
cross-river-ogoja-ekajuk-ii,Ekajuk II,ogoja,Ogoja,cross-river,Cross River,South South
cross-river-ogoja-mbube-east-i,Mbube East I,ogoja,Ogoja,cross-river,Cross River,South South
delta-oshimili-south-agu,Agu,oshimili-south,Oshimili South,delta,Delta,South South
delta-oshimili-south-anala-amakom,Anala-Amakom,oshimili-south,Oshimili South,delta,Delta,South South
delta-oshimili-south-cable-point-i,Cable Point I,oshimili-south,Oshimili South,delta,Delta,South South
delta-warri-north-ebrohimi,Ebrohimi,warri-north,Warri North,delta,Delta,South South
delta-warri-north-eghoro,Eghoro,warri-north,Warri North,delta,Delta,South South
delta-warri-north-gbokoda,Gbokoda,warri-north,Warri North,delta,Delta,South South
delta-warri-south-bowen,Bowen,warri-south,Warri South,delta,Delta,South South
delta-warri-south-edjeba,Edjeba,warri-south,Warri South,delta,Delta,South South
delta-warri-south-g-r-a,G.R.A.,warri-south,Warri South,delta,Delta,South South
delta-uvwie-army-barracks-area,Army Barracks Area,uvwie,Uvwie,delta,Delta,South South
delta-uvwie-effurun-i,Effurun I,uvwie,Uvwie,delta,Delta,South South
delta-uvwie-effurun-ii,Effurun II,uvwie,Uvwie,delta,Delta,South South
delta-oshimili-north-akwukwu,Akwukwu,oshimili-north,Oshimili North,delta,Delta,South South
delta-oshimili-north-ebu,Ebu,oshimili-north,Oshimili North,delta,Delta,South South
delta-oshimili-north-ibusa-i,Ibusa  I,oshimili-north,Oshimili North,delta,Delta,South South
edo-oredo-graetete,Gra/Etete,oredo,Oredo,edo,Edo,South South
edo-oredo-ibiwe-iwegie-ugbague,Ibiwe/ Iwegie/ Ugbague,oredo,Oredo,edo,Edo,South South
edo-oredo-ihogbe-isekhere-oreoghene-ibiwe-ice-road,Ihogbe/ Isekhere/ Oreoghene/ Ibiwe/ Ice Road,oredo,Oredo,edo,Edo,South South
edo-owan-east-emai-i,Emai I,owan-east,Owan East,edo,Edo,South South
edo-owan-east-emai-ii,Emai II,owan-east,Owan East,edo,Edo,South South
edo-owan-east-igueikao,Igue/Ikao,owan-east,Owan East,edo,Edo,South South
edo-esan-central-ewu-i,Ewu I,esan-central,Esan Central,edo,Edo,South South
edo-esan-central-ewu-ii,Ewu II,esan-central,Esan Central,edo,Edo,South South
edo-esan-central-ikekato,Ikekato,esan-central,Esan Central,edo,Edo,South South
edo-etsako-west-anwain,Anwain,etsako-west,Etsako West,edo,Edo,South South
edo-etsako-west-auchi,Auchi,etsako-west,Etsako West,edo,Edo,South South
edo-etsako-west-auchi-i,Auchi I,etsako-west,Etsako West,edo,Edo,South South
rivers-port-harcourt-abulomaamadi-ama,Abuloma/Amadi-Ama,port-harcourt,Port-Harcourt,rivers,Rivers,South South
rivers-port-harcourt-diobu,Diobu,port-harcourt,Port-Harcourt,rivers,Rivers,South South
rivers-port-harcourt-elekahia,Elekahia,port-harcourt,Port-Harcourt,rivers,Rivers,South South
rivers-obio-akpor-choba,Choba,obio-akpor,Obio/Akpor,rivers,Rivers,South South
rivers-obio-akpor-elelenwo-3b,Elelenwo (3B),obio-akpor,Obio/Akpor,rivers,Rivers,South South
rivers-obio-akpor-oro-igwe,Oro-Igwe,obio-akpor,Obio/Akpor,rivers,Rivers,South South
rivers-okrika-kalio,Kalio,okrika,Okrika,rivers,Rivers,South South
rivers-okrika-ogan,Ogan,okrika,Okrika,rivers,Rivers,South South
rivers-okrika-ogoloma-i,Ogoloma I,okrika,Okrika,rivers,Rivers,South South
rivers-eleme-agbonchia,Agbonchia,eleme,Eleme,rivers,Rivers,South South
rivers-eleme-akpajo,Akpajo,eleme,Eleme,rivers,Rivers,South South
rivers-eleme-alesa,Alesa,eleme,Eleme,rivers,Rivers,South South
rivers-bonny-ward-ii-court-ada-allison,Ward II Court/ Ada Allison,bonny,Bonny,rivers,Rivers,South South
rivers-bonny-ward-iii-dan-jumbo-beresiri,Ward III Dan Jumbo/ Beresiri,bonny,Bonny,rivers,Rivers,South South
rivers-bonny-ward-iii-orosiriri,Ward III Orosiriri,bonny,Bonny,rivers,Rivers,South South
ekiti-ado-ekiti-ado-a-idofin,Ado 'A' Idofin,ado-ekiti,Ado-Ekiti,ekiti,Ekiti,South West
ekiti-ado-ekiti-ado-b-inisa,Ado 'B' Inisa,ado-ekiti,Ado-Ekiti,ekiti,Ekiti,South West
ekiti-ado-ekiti-ado-c-idolofin,Ado 'C' Idolofin,ado-ekiti,Ado-Ekiti,ekiti,Ekiti,South West
ekiti-ijero-ekamarun-ward-a,Ekamarun Ward 'A',ijero,Ijero,ekiti,Ekiti,South West
ekiti-ijero-ekameta,Ekameta,ijero,Ijero,ekiti,Ekiti,South West
ekiti-ijero-ijero-ward-a,Ijero Ward 'A',ijero,Ijero,ekiti,Ekiti,South West
ekiti-efon-efon-i,Efon I,efon,Efon,ekiti,Ekiti,South West
ekiti-efon-efon-ii,Efon II,efon,Efon,ekiti,Ekiti,South West
ekiti-efon-efon-iii,Efon III,efon,Efon,ekiti,Ekiti,South West
ekiti-emure-ida-mudu-i,Ida Mudu I,emure,Emure,ekiti,Ekiti,South West
ekiti-emure-ida-mudu-ii,Ida Mudu II,emure,Emure,ekiti,Ekiti,South West
ekiti-emure-odo-emure-i,Odo Emure I,emure,Emure,ekiti,Ekiti,South West
ekiti-gbonyin-ado-a-idofin,Ado 'A' Idofin,gbonyin,Gbonyin,ekiti,Ekiti,South West
ekiti-gbonyin-ado-b-inisa,Ado 'B' Inisa,gbonyin,Gbonyin,ekiti,Ekiti,South West
ekiti-gbonyin-ado-c-idolofin,Ado 'C' Idolofin,gbonyin,Gbonyin,ekiti,Ekiti,South West
lagos-lagos-island-agarawuobadina,Agarawu/Obadina,lagos-island,Lagos Island,lagos,Lagos,South West
lagos-lagos-island-anikantamo,Anikantamo,lagos-island,Lagos Island,lagos,Lagos,South West
lagos-lagos-island-eiyekole,Eiyekole,lagos-island,Lagos Island,lagos,Lagos,South West
lagos-ikeja-adekunle-vill-adeniyi-jonesogba,Adekunle Vill./Adeniyi Jones/Ogba,ikeja,Ikeja,lagos,Lagos,South West
lagos-ikeja-airportonipetesiinilekere,Airport/Onipetesi/Inilekere,ikeja,Ikeja,lagos,Lagos,South West
lagos-ikeja-alausaoregunolusosun,Alausa/Oregun/Olusosun,ikeja,Ikeja,lagos,Lagos,South West
lagos-surulere-adeniranogunsanya,Adeniran/Ogunsanya,surulere,Surulere,lagos,Lagos,South West
lagos-surulere-aguda,Aguda,surulere,Surulere,lagos,Lagos,South West
lagos-surulere-akinhanmicole,Akinhanmi/Cole,surulere,Surulere,lagos,Lagos,South West
lagos-alimosho-abule-egbaaborumeiranalagbado,Abule-Egba/Aboru/Meiran/Alagbado,alimosho,Alimosho,lagos,Lagos,South West
lagos-alimosho-ayoboijon-village-camp-david,Ayobo/Ijon Village (Camp David),alimosho,Alimosho,lagos,Lagos,South West
lagos-alimosho-egbeagodo,Egbe/Agodo,alimosho,Alimosho,lagos,Lagos,South West
lagos-kosofe-agboyi-i,Agboyi I,kosofe,Kosofe,lagos,Lagos,South West
lagos-kosofe-agboyi-ii,Agboyi II,kosofe,Kosofe,lagos,Lagos,South West
lagos-kosofe-anthonyajao-estatemendemaryland,Anthony/Ajao Estate/Mende/Maryland,kosofe,Kosofe,lagos,Lagos,South West
ogun-abeokuta-north-ago-oko,Ago Oko,abeokuta-north,Abeokuta North,ogun,Ogun,South West
ogun-abeokuta-north-elega,Elega,abeokuta-north,Abeokuta North,ogun,Ogun,South West
ogun-abeokuta-north-gbagura,Gbagura,abeokuta-north,Abeokuta North,ogun,Ogun,South West
ogun-abeokuta-south-ago-egunijesa,Ago-Egun/Ijesa,abeokuta-south,Abeokuta South,ogun,Ogun,South West
ogun-abeokuta-south-ake-i,Ake I,abeokuta-south,Abeokuta South,ogun,Ogun,South West
ogun-abeokuta-south-ake-ii,Ake II,abeokuta-south,Abeokuta South,ogun,Ogun,South West
ogun-ijebu-ode-ijadeimepe-i,Ijade/Imepe I,ijebu-ode,Ijebu Ode,ogun,Ogun,South West
ogun-ijebu-ode-ijadeimepe-ii,Ijade/Imepe II,ijebu-ode,Ijebu Ode,ogun,Ogun,South West
ogun-ijebu-ode-ijasiidepo,Ijasi/Idepo,ijebu-ode,Ijebu Ode,ogun,Ogun,South West
ogun-sagamu-abalabi,Abalabi,sagamu,Shagamu,ogun,Ogun,South West
ogun-sagamu-abigi,Abigi,sagamu,Shagamu,ogun,Ogun,South West
ogun-sagamu-ado-odo-i,Ado Odo I,sagamu,Shagamu,ogun,Ogun,South West
ogun-remo-north-akaka,Akaka,remo-north,Remo North,ogun,Ogun,South West
ogun-remo-north-ayegbami,Ayegbami,remo-north,Remo North,ogun,Ogun,South West
ogun-remo-north-iganajina,Igan/Ajina,remo-north,Remo North,ogun,Ogun,South West
osun-osogbo-alagba,Alagba,osogbo,Osogbo,osun,Osun,South West
osun-osogbo-are-ago,Are-Ago,osogbo,Osogbo,osun,Osun,South West
osun-osogbo-ataoja-a,Ataoja  'A',osogbo,Osogbo,osun,Osun,South West
osun-ife-central-akarabata,Akarabata,ife-central,Ife Central,osun,Osun,South West
osun-ife-central-ilare-i,Ilare I,ife-central,Ife Central,osun,Osun,South West
osun-ife-central-ilare-ii,Ilare II,ife-central,Ife Central,osun,Osun,South West
osun-ilesha-east-biladu,Biladu,ilesha-east,Ilesha East,osun,Osun,South West
osun-ilesha-east-bolorunduro,Bolorunduro,ilesha-east,Ilesha East,osun,Osun,South West
osun-ilesha-east-ifosanoke-eso,Ifosan/Oke-Eso,ilesha-east,Ilesha East,osun,Osun,South West
osun-ilesha-west-ayeso,Ayeso,ilesha-west,Ilesha West,osun,Osun,South West
osun-ilesha-west-ereja,Ereja,ilesha-west,Ilesha West,osun,Osun,South West
osun-ilesha-west-ikoyi-ikoti-araromi,Ikoyi / Ikoti Araromi,ilesha-west,Ilesha West,osun,Osun,South West
osun-ede-north-abogundesagba,Abogunde/Sagba,ede-north,Ede North,osun,Osun,South West
osun-ede-north-alusekere,Alusekere,ede-north,Ede North,osun,Osun,South West
osun-ede-north-apaso,Apaso,ede-north,Ede North,osun,Osun,South West
oyo-ibadan-north-ward-iii-n4,"Ward III, N4",ibadan-north,Ibadan North,oyo,Oyo,South West
oyo-ibadan-north-ward-ii-n3,"Ward II, N3",ibadan-north,Ibadan North,oyo,Oyo,South West
oyo-ibadan-north-ward-i-n2,Ward I N2,ibadan-north,Ibadan North,oyo,Oyo,South West
oyo-ibadan-south-ward-08-sw7,Ward 08 SW7,ibadan-south,Ibadan South West,oyo,Oyo,South West
oyo-ibadan-south-ward-10-sw8-ii,Ward 10 SW8 II,ibadan-south,Ibadan South West,oyo,Oyo,South West
oyo-ibadan-south-ward-11-sw9-1,Ward 11 SW9(1),ibadan-south,Ibadan South West,oyo,Oyo,South West
oyo-ogbomosho-north-aajeogunbado,Aaje/Ogunbado,ogbomosho-north,Ogbomosho North,oyo,Oyo,South West
oyo-ogbomosho-north-abogunde,Abogunde,ogbomosho-north,Ogbomosho North,oyo,Oyo,South West
oyo-ogbomosho-north-aguodo-masifa,Aguodo/ Masifa,ogbomosho-north,Ogbomosho North,oyo,Oyo,South West
oyo-oyo-east-agboyemolete,Agboye/Molete,oyo-east,Oyo East,oyo,Oyo,South West
oyo-oyo-east-ajagba,Ajagba,oyo-east,Oyo East,oyo,Oyo,South West
oyo-oyo-east-alaodimodeke,Alaodi/Modeke,oyo-east,Oyo East,oyo,Oyo,South West
oyo-saki-east-agbonle,Agbonle,saki-east,Saki East,oyo,Oyo,South West
oyo-saki-east-ago-amodu-i,Ago Amodu I,saki-east,Saki East,oyo,Oyo,South West
oyo-saki-east-ago-amodu-ii,Ago Amodu II,saki-east,Saki East,oyo,Oyo,South West
jigawa-auyo-auyakayi,Auyakayi,auyo,Auyo,jigawa,Jigawa,North West
jigawa-auyo-auyo,Auyo,auyo,Auyo,jigawa,Jigawa,North West
jigawa-auyo-ayama,Ayama,auyo,Auyo,jigawa,Jigawa,North West
jigawa-auyo-ayan,Ayan,auyo,Auyo,jigawa,Jigawa,North West
jigawa-auyo-gamafoi,Gamafoi,auyo,Auyo,jigawa,Jigawa,North West
jigawa-auyo-gamsarka,Gamsarka,auyo,Auyo,jigawa,Jigawa,North West
jigawa-auyo-gatafa,Gatafa,auyo,Auyo,jigawa,Jigawa,North West
jigawa-auyo-kafur,Kafur,auyo,Auyo,jigawa,Jigawa,North West
jigawa-auyo-tsidir,Tsidir,auyo,Auyo,jigawa,Jigawa,North West
jigawa-auyo-unik,Unik,auyo,Auyo,jigawa,Jigawa,North West
jigawa-babura-babura,Babura,babura,Babura,jigawa,Jigawa,North West
jigawa-babura-batali,Batali,babura,Babura,jigawa,Jigawa,North West
jigawa-babura-dorawa,Dorawa,babura,Babura,jigawa,Jigawa,North West
jigawa-babura-garu,Garu,babura,Babura,jigawa,Jigawa,North West
jigawa-babura-gasakoli,Gasakoli,babura,Babura,jigawa,Jigawa,North West
jigawa-babura-insharuwa,Insharuwa,babura,Babura,jigawa,Jigawa,North West
jigawa-babura-jigawa,Jigawa,babura,Babura,jigawa,Jigawa,North West
jigawa-babura-kanya,Kanya,babura,Babura,jigawa,Jigawa,North West
jigawa-babura-kuzunzumi,Kuzunzumi,babura,Babura,jigawa,Jigawa,North West
jigawa-babura-kyambo,Kyambo,babura,Babura,jigawa,Jigawa,North West
jigawa-babura-takwasa,Takwasa,babura,Babura,jigawa,Jigawa,North West
jigawa-birnin-kudu-birnin-kudu,Birnin Kudu,birnin-kudu,Birnin-Kudu,jigawa,Jigawa,North West
jigawa-birnin-kudu-kangire,Kangire,birnin-kudu,Birnin-Kudu,jigawa,Jigawa,North West
jigawa-birnin-kudu-kantoga,Kantoga,birnin-kudu,Birnin-Kudu,jigawa,Jigawa,North West
jigawa-birnin-kudu-kiyako,Kiyako,birnin-kudu,Birnin-Kudu,jigawa,Jigawa,North West
jigawa-birnin-kudu-kwangwara,Kwangwara,birnin-kudu,Birnin-Kudu,jigawa,Jigawa,North West
jigawa-birnin-kudu-lafiya,Lafiya,birnin-kudu,Birnin-Kudu,jigawa,Jigawa,North West
jigawa-birnin-kudu-sundimina,Sundimina,birnin-kudu,Birnin-Kudu,jigawa,Jigawa,North West
jigawa-birnin-kudu-surko,Surko,birnin-kudu,Birnin-Kudu,jigawa,Jigawa,North West
jigawa-birnin-kudu-unguwar-ya,"Unguwar""Ya",birnin-kudu,Birnin-Kudu,jigawa,Jigawa,North West
jigawa-birnin-kudu-wurno,Wurno,birnin-kudu,Birnin-Kudu,jigawa,Jigawa,North West
jigawa-birnin-kudu-yalwan-damai,Yalwan Damai,birnin-kudu,Birnin-Kudu,jigawa,Jigawa,North West
jigawa-birniwa-batu,Batu,birniwa,Birniwa,jigawa,Jigawa,North West
jigawa-birniwa-birniwa,Birniwa,birniwa,Birniwa,jigawa,Jigawa,North West
jigawa-birniwa-dangwaleri,Dangwaleri,birniwa,Birniwa,jigawa,Jigawa,North West
jigawa-birniwa-diginsa,Diginsa,birniwa,Birniwa,jigawa,Jigawa,North West
jigawa-birniwa-fagi,Fagi,birniwa,Birniwa,jigawa,Jigawa,North West
jigawa-birniwa-kachallari,Kachallari,birniwa,Birniwa,jigawa,Jigawa,North West
jigawa-birniwa-karanka,Karanka,birniwa,Birniwa,jigawa,Jigawa,North West
jigawa-birniwa-kazura,Kazura,birniwa,Birniwa,jigawa,Jigawa,North West
jigawa-birniwa-machinamari,Machinamari,birniwa,Birniwa,jigawa,Jigawa,North West
jigawa-birniwa-matamu,Matamu,birniwa,Birniwa,jigawa,Jigawa,North West
jigawa-birniwa-nguwa,Nguwa,birniwa,Birniwa,jigawa,Jigawa,North West
jigawa-buji-ahoto,Ahoto,buji,Buji,jigawa,Jigawa,North West
jigawa-buji-buji,Buji,buji,Buji,jigawa,Jigawa,North West
jigawa-buji-churbun,Churbun,buji,Buji,jigawa,Jigawa,North West
jigawa-buji-falageri,Falageri,buji,Buji,jigawa,Jigawa,North West
jigawa-buji-gantsa,Gantsa,buji,Buji,jigawa,Jigawa,North West
jigawa-buji-k-lelen-kudu,K/Lelen Kudu,buji,Buji,jigawa,Jigawa,North West
jigawa-buji-kawaya,Kawaya,buji,Buji,jigawa,Jigawa,North West
jigawa-buji-kukuma,Kukuma,buji,Buji,jigawa,Jigawa,North West
jigawa-buji-madabe,Madabe,buji,Buji,jigawa,Jigawa,North West
jigawa-buji-yayarin-tukur,Yayarin Tukur,buji,Buji,jigawa,Jigawa,North West
jigawa-dutse-abaya,Abaya,dutse,Dutse,jigawa,Jigawa,North West
jigawa-dutse-chamo,Chamo,dutse,Dutse,jigawa,Jigawa,North West
jigawa-dutse-dundubus,Dundubus,dutse,Dutse,jigawa,Jigawa,North West
jigawa-dutse-duru,Duru,dutse,Dutse,jigawa,Jigawa,North West
jigawa-dutse-jigawar-tsada,Jigawar Tsada,dutse,Dutse,jigawa,Jigawa,North West
jigawa-dutse-kachi,Kachi,dutse,Dutse,jigawa,Jigawa,North West
jigawa-dutse-karnaya,Karnaya,dutse,Dutse,jigawa,Jigawa,North West
jigawa-dutse-kudai,Kudai,dutse,Dutse,jigawa,Jigawa,North West
jigawa-dutse-limawa,Limawa,dutse,Dutse,jigawa,Jigawa,North West
jigawa-dutse-madobi,Madobi,dutse,Dutse,jigawa,Jigawa,North West
jigawa-dutse-sakwaya,Sakwaya,dutse,Dutse,jigawa,Jigawa,North West
jigawa-gagarawa-gagarawa-gari,Gagarawa Gari,gagarawa,Gagarawa,jigawa,Jigawa,North West
jigawa-gagarawa-gagarawa-tasha,Gagarawa Tasha,gagarawa,Gagarawa,jigawa,Jigawa,North West
jigawa-gagarawa-garin-chiroma,Garin Chiroma,gagarawa,Gagarawa,jigawa,Jigawa,North West
jigawa-gagarawa-kore-balatu,Kore Balatu,gagarawa,Gagarawa,jigawa,Jigawa,North West
jigawa-gagarawa-madaka,Madaka,gagarawa,Gagarawa,jigawa,Jigawa,North West
jigawa-gagarawa-maiaduwa,Maiaduwa,gagarawa,Gagarawa,jigawa,Jigawa,North West
jigawa-gagarawa-maikilili,Maikilili,gagarawa,Gagarawa,jigawa,Jigawa,North West
jigawa-gagarawa-medu,Medu,gagarawa,Gagarawa,jigawa,Jigawa,North West
jigawa-gagarawa-yalawa,Yalawa,gagarawa,Gagarawa,jigawa,Jigawa,North West
jigawa-gagarawa-zarada,Zarada,gagarawa,Gagarawa,jigawa,Jigawa,North West
jigawa-garki-buduru,Buduru,garki,Garki,jigawa,Jigawa,North West
jigawa-garki-doko,Doko,garki,Garki,jigawa,Jigawa,North West
jigawa-garki-garki,Garki,garki,Garki,jigawa,Jigawa,North West
jigawa-garki-gwarzon-garki,Gwarzon Garki,garki,Garki,jigawa,Jigawa,North West
jigawa-garki-jirima,Jirima,garki,Garki,jigawa,Jigawa,North West
jigawa-garki-kanya,Kanya,garki,Garki,jigawa,Jigawa,North West
jigawa-garki-kargo,Kargo,garki,Garki,jigawa,Jigawa,North West
jigawa-garki-kore,Kore,garki,Garki,jigawa,Jigawa,North West
jigawa-garki-muku,Muku,garki,Garki,jigawa,Jigawa,North West
jigawa-garki-rafin-marke,Rafin Marke,garki,Garki,jigawa,Jigawa,North West
jigawa-garki-siyori,Siyori,garki,Garki,jigawa,Jigawa,North West
jigawa-gumel-baikarya,Baikarya,gumel,Gumel,jigawa,Jigawa,North West
jigawa-gumel-danama,Danama,gumel,Gumel,jigawa,Jigawa,North West
jigawa-gumel-dantanoma,Dantanoma,gumel,Gumel,jigawa,Jigawa,North West
jigawa-gumel-galagamma,Galagamma,gumel,Gumel,jigawa,Jigawa,North West
jigawa-gumel-garin-alhaji-barka,Garin Alhaji Barka,gumel,Gumel,jigawa,Jigawa,North West
jigawa-gumel-garin-gambo,Garin Gambo,gumel,Gumel,jigawa,Jigawa,North West
jigawa-gumel-gusau,Gusau,gumel,Gumel,jigawa,Jigawa,North West
jigawa-gumel-hammado,Hammado,gumel,Gumel,jigawa,Jigawa,North West
jigawa-gumel-kofar-arewa,Kofar Arewa,gumel,Gumel,jigawa,Jigawa,North West
jigawa-gumel-kofar-yamma,Kofar Yamma,gumel,Gumel,jigawa,Jigawa,North West
jigawa-gumel-zango,Zango,gumel,Gumel,jigawa,Jigawa,North West
jigawa-guri-abunabo,Abunabo,guri,Guri,jigawa,Jigawa,North West
jigawa-guri-adiyani,Adiyani,guri,Guri,jigawa,Jigawa,North West
jigawa-guri-dawa,Dawa,guri,Guri,jigawa,Jigawa,North West
jigawa-guri-garbagal,Garbagal,guri,Guri,jigawa,Jigawa,North West
jigawa-guri-guri,Guri,guri,Guri,jigawa,Jigawa,North West
jigawa-guri-kadira,Kadira,guri,Guri,jigawa,Jigawa,North West
jigawa-guri-lafiya,Lafiya,guri,Guri,jigawa,Jigawa,North West
jigawa-guri-margadu,Margadu,guri,Guri,jigawa,Jigawa,North West
jigawa-guri-matara-baba,Matara Baba,guri,Guri,jigawa,Jigawa,North West
jigawa-guri-musari,Musari,guri,Guri,jigawa,Jigawa,North West
jigawa-gwaram-basirka,Basirka,gwaram,Gwaram,jigawa,Jigawa,North West
jigawa-gwaram-dingaya,Dingaya,gwaram,Gwaram,jigawa,Jigawa,North West
jigawa-gwaram-fagam,Fagam,gwaram,Gwaram,jigawa,Jigawa,North West
jigawa-gwaram-farin-dutse,Farin Dutse,gwaram,Gwaram,jigawa,Jigawa,North West
jigawa-gwaram-gwaram-tsohuwa,Gwaram Tsohuwa,gwaram,Gwaram,jigawa,Jigawa,North West
jigawa-gwaram-kila,Kila,gwaram,Gwaram,jigawa,Jigawa,North West
jigawa-gwaram-kwandiko,Kwandiko,gwaram,Gwaram,jigawa,Jigawa,North West
jigawa-gwaram-maruta,Maruta,gwaram,Gwaram,jigawa,Jigawa,North West
jigawa-gwaram-sara,Sara,gwaram,Gwaram,jigawa,Jigawa,North West
jigawa-gwaram-tsangarwa,Tsangarwa,gwaram,Gwaram,jigawa,Jigawa,North West
jigawa-gwaram-zandan-nagogo,Zandan Nagogo,gwaram,Gwaram,jigawa,Jigawa,North West
jigawa-gwiwa-buntusu,Buntusu,gwiwa,Gwiwa,jigawa,Jigawa,North West
jigawa-gwiwa-dabi,Dabi,gwiwa,Gwiwa,jigawa,Jigawa,North West
jigawa-gwiwa-darina,Darina,gwiwa,Gwiwa,jigawa,Jigawa,North West
jigawa-gwiwa-furji-yamma,Furji Yamma,gwiwa,Gwiwa,jigawa,Jigawa,North West
jigawa-gwiwa-guntai,Guntai,gwiwa,Gwiwa,jigawa,Jigawa,North West
jigawa-gwiwa-gwiwa,Gwiwa,gwiwa,Gwiwa,jigawa,Jigawa,North West
jigawa-gwiwa-korayel,Korayel,gwiwa,Gwiwa,jigawa,Jigawa,North West
jigawa-gwiwa-rorau,Rorau,gwiwa,Gwiwa,jigawa,Jigawa,North West
jigawa-gwiwa-shafe,Shafe,gwiwa,Gwiwa,jigawa,Jigawa,North West
jigawa-gwiwa-yola,Yola,gwiwa,Gwiwa,jigawa,Jigawa,North West
jigawa-gwiwa-zaumar-sainawa,Zaumar Sainawa,gwiwa,Gwiwa,jigawa,Jigawa,North West
jigawa-hadejia-atafi,Atafi,hadejia,Hadejia,jigawa,Jigawa,North West
jigawa-hadejia-dubantu,Dubantu,hadejia,Hadejia,jigawa,Jigawa,North West
jigawa-hadejia-gagulmari,Gagulmari,hadejia,Hadejia,jigawa,Jigawa,North West
jigawa-hadejia-kasuwar-kofa,Kasuwar Kofa,hadejia,Hadejia,jigawa,Jigawa,North West
jigawa-hadejia-kasuwar-kuda,Kasuwar Kuda,hadejia,Hadejia,jigawa,Jigawa,North West
jigawa-hadejia-majema,Majema,hadejia,Hadejia,jigawa,Jigawa,North West
jigawa-hadejia-matsaro,Matsaro,hadejia,Hadejia,jigawa,Jigawa,North West
jigawa-hadejia-rumfa,Rumfa,hadejia,Hadejia,jigawa,Jigawa,North West
jigawa-hadejia-sabon-garu,Sabon Garu,hadejia,Hadejia,jigawa,Jigawa,North West
jigawa-hadejia-yankoli,Yankoli,hadejia,Hadejia,jigawa,Jigawa,North West
jigawa-hadejia-yayari,Yayari,hadejia,Hadejia,jigawa,Jigawa,North West
jigawa-jahun-aujara,Aujara,jahun,Jahun,jigawa,Jigawa,North West
jigawa-jahun-gangawa,Gangawa,jahun,Jahun,jigawa,Jigawa,North West
jigawa-jahun-gauza-tazara,Gauza Tazara,jahun,Jahun,jigawa,Jigawa,North West
jigawa-jahun-gunka,Gunka,jahun,Jahun,jigawa,Jigawa,North West
jigawa-jahun-harbo-sabuwa,Harbo Sabuwa,jahun,Jahun,jigawa,Jigawa,North West
jigawa-jahun-harbo-tsohuwa,Harbo Tsohuwa,jahun,Jahun,jigawa,Jigawa,North West
jigawa-jahun-idanduna,Idanduna,jahun,Jahun,jigawa,Jigawa,North West
jigawa-jahun-jabarna,Jabarna,jahun,Jahun,jigawa,Jigawa,North West
jigawa-jahun-jahun,Jahun,jahun,Jahun,jigawa,Jigawa,North West
jigawa-jahun-kale,Kale,jahun,Jahun,jigawa,Jigawa,North West
jigawa-jahun-kanwa,Kanwa,jahun,Jahun,jigawa,Jigawa,North West
jigawa-kafin-hausa-balangu,Balangu,kafin-hausa,Kafin-Hausa,jigawa,Jigawa,North West
jigawa-kafin-hausa-dumadumin-toka,Dumadumin Toka,kafin-hausa,Kafin-Hausa,jigawa,Jigawa,North West
jigawa-kafin-hausa-gafaya,Gafaya,kafin-hausa,Kafin-Hausa,jigawa,Jigawa,North West
jigawa-kafin-hausa-jabo,Jabo,kafin-hausa,Kafin-Hausa,jigawa,Jigawa,North West
jigawa-kafin-hausa-kafin-hausa,Kafin Hausa,kafin-hausa,Kafin-Hausa,jigawa,Jigawa,North West
jigawa-kafin-hausa-kazalewa,Kazalewa,kafin-hausa,Kafin-Hausa,jigawa,Jigawa,North West
jigawa-kafin-hausa-majawa,Majawa,kafin-hausa,Kafin-Hausa,jigawa,Jigawa,North West
jigawa-kafin-hausa-mezan,Mezan,kafin-hausa,Kafin-Hausa,jigawa,Jigawa,North West
jigawa-kafin-hausa-ruba,Ruba,kafin-hausa,Kafin-Hausa,jigawa,Jigawa,North West
jigawa-kafin-hausa-sarawa,Sarawa,kafin-hausa,Kafin-Hausa,jigawa,Jigawa,North West
jigawa-kafin-hausa-zago,Zago,kafin-hausa,Kafin-Hausa,jigawa,Jigawa,North West
jigawa-kaugawa-arbus,Arbus,kaugawa,Kaugawa,jigawa,Jigawa,North West
jigawa-kaugawa-askandu,Askandu,kaugawa,Kaugawa,jigawa,Jigawa,North West
jigawa-kaugawa-dabuwaran,Dabuwaran,kaugawa,Kaugawa,jigawa,Jigawa,North West
jigawa-kaugawa-dakaiyawa,Dakaiyawa,kaugawa,Kaugawa,jigawa,Jigawa,North West
jigawa-kaugawa-hadin,Hadin,kaugawa,Kaugawa,jigawa,Jigawa,North West
jigawa-kaugawa-ja-e,Ja'E,kaugawa,Kaugawa,jigawa,Jigawa,North West
jigawa-kaugawa-jarkasa,Jarkasa,kaugawa,Kaugawa,jigawa,Jigawa,North West
jigawa-kaugawa-kaugama,Kaugama,kaugawa,Kaugawa,jigawa,Jigawa,North West
jigawa-kaugawa-marke,Marke,kaugawa,Kaugawa,jigawa,Jigawa,North West
jigawa-kaugawa-unguwar-jibrin,Unguwar Jibrin,kaugawa,Kaugawa,jigawa,Jigawa,North West
jigawa-kaugawa-yalo,Yalo,kaugawa,Kaugawa,jigawa,Jigawa,North West
jigawa-kazaure-ba-auzini,Ba'Auzini,kazaure,Kazaure,jigawa,Jigawa,North West
jigawa-kazaure-daba,Daba,kazaure,Kazaure,jigawa,Jigawa,North West
jigawa-kazaure-dabaza,Dabaza,kazaure,Kazaure,jigawa,Jigawa,North West
jigawa-kazaure-dandi,Dandi,kazaure,Kazaure,jigawa,Jigawa,North West
jigawa-kazaure-gada,Gada,kazaure,Kazaure,jigawa,Jigawa,North West
jigawa-kazaure-kanti,Kanti,kazaure,Kazaure,jigawa,Jigawa,North West
jigawa-kazaure-maradawa,Maradawa,kazaure,Kazaure,jigawa,Jigawa,North West
jigawa-kazaure-sabaru,Sabaru,kazaure,Kazaure,jigawa,Jigawa,North West
jigawa-kazaure-unguwar-arewa,Unguwar Arewa,kazaure,Kazaure,jigawa,Jigawa,North West
jigawa-kazaure-unguwar-gabas,Unguwar Gabas,kazaure,Kazaure,jigawa,Jigawa,North West
jigawa-kazaure-unguwar-yamma,Unguwar Yamma,kazaure,Kazaure,jigawa,Jigawa,North West
jigawa-kirikasamma-baturiya,Baturiya,kirikasamma,Kirikasamma,jigawa,Jigawa,North West
jigawa-kirikasamma-bulunchai,Bulunchai,kirikasamma,Kirikasamma,jigawa,Jigawa,North West
jigawa-kirikasamma-doleri,Doleri,kirikasamma,Kirikasamma,jigawa,Jigawa,North West
jigawa-kirikasamma-fandum,Fandum,kirikasamma,Kirikasamma,jigawa,Jigawa,North West
jigawa-kirikasamma-gayin,Gayin,kirikasamma,Kirikasamma,jigawa,Jigawa,North West
jigawa-kirikasamma-kirika-samma,Kirika Samma,kirikasamma,Kirikasamma,jigawa,Jigawa,North West
jigawa-kirikasamma-madachi,Madachi,kirikasamma,Kirikasamma,jigawa,Jigawa,North West
jigawa-kirikasamma-marma,Marma,kirikasamma,Kirikasamma,jigawa,Jigawa,North West
jigawa-kirikasamma-tarabu,Tarabu,kirikasamma,Kirikasamma,jigawa,Jigawa,North West
jigawa-kirikasamma-tsheguwa,Tsheguwa,kirikasamma,Kirikasamma,jigawa,Jigawa,North West
jigawa-kiyawa-abalago,Abalago,kiyawa,Kiyawa,jigawa,Jigawa,North West
jigawa-kiyawa-andaza,Andaza,kiyawa,Kiyawa,jigawa,Jigawa,North West
jigawa-kiyawa-faki,Faki,kiyawa,Kiyawa,jigawa,Jigawa,North West
jigawa-kiyawa-garko,Garko,kiyawa,Kiyawa,jigawa,Jigawa,North West
jigawa-kiyawa-guruduba,Guruduba,kiyawa,Kiyawa,jigawa,Jigawa,North West
jigawa-kiyawa-katanga,Katanga,kiyawa,Kiyawa,jigawa,Jigawa,North West
jigawa-kiyawa-katuka,Katuka,kiyawa,Kiyawa,jigawa,Jigawa,North West
jigawa-kiyawa-kiyawa,Kiyawa,kiyawa,Kiyawa,jigawa,Jigawa,North West
jigawa-kiyawa-kwanda,Kwanda,kiyawa,Kiyawa,jigawa,Jigawa,North West
jigawa-kiyawa-maje,Maje,kiyawa,Kiyawa,jigawa,Jigawa,North West
jigawa-kiyawa-tsurma,Tsurma,kiyawa,Kiyawa,jigawa,Jigawa,North West
jigawa-maigatari-balarabe,Balarabe,maigatari,Maigatari,jigawa,Jigawa,North West
jigawa-maigatari-dankumbo,Dankumbo,maigatari,Maigatari,jigawa,Jigawa,North West
jigawa-maigatari-fulata,Fulata,maigatari,Maigatari,jigawa,Jigawa,North West
jigawa-maigatari-galadi,Galadi,maigatari,Maigatari,jigawa,Jigawa,North West
jigawa-maigatari-jajeri,Jajeri,maigatari,Maigatari,jigawa,Jigawa,North West
jigawa-maigatari-kukayasku,Kukayasku,maigatari,Maigatari,jigawa,Jigawa,North West
jigawa-maigatari-madana,Madana,maigatari,Maigatari,jigawa,Jigawa,North West
jigawa-maigatari-maigatari-arewa,Maigatari Arewa,maigatari,Maigatari,jigawa,Jigawa,North West
jigawa-maigatari-maigatari-kudu,Maigatari Kudu,maigatari,Maigatari,jigawa,Jigawa,North West
jigawa-maigatari-matoya,Matoya,maigatari,Maigatari,jigawa,Jigawa,North West
jigawa-maigatari-turbus,Turbus,maigatari,Maigatari,jigawa,Jigawa,North West
jigawa-malam-madori-arki,Arki,malam-madori,Malam-Madori,jigawa,Jigawa,North West
jigawa-malam-madori-dunari,Dunari,malam-madori,Malam-Madori,jigawa,Jigawa,North West
jigawa-malam-madori-fateka-akurya,Fateka Akurya,malam-madori,Malam-Madori,jigawa,Jigawa,North West
jigawa-malam-madori-garin-gabas,Garin Gabas,malam-madori,Malam-Madori,jigawa,Jigawa,North West
jigawa-malam-madori-maira-kumi-bara-musa,Maira Kumi‐Bara Musa,malam-madori,Malam-Madori,jigawa,Jigawa,North West
jigawa-malam-madori-maka-ddari,Maka Ddari,malam-madori,Malam-Madori,jigawa,Jigawa,North West
jigawa-malam-madori-malam-madori,Malam Madori,malam-madori,Malam-Madori,jigawa,Jigawa,North West
jigawa-malam-madori-shaiya,Shaiya,malam-madori,Malam-Madori,jigawa,Jigawa,North West
jigawa-malam-madori-tagwaro,Tagwaro,malam-madori,Malam-Madori,jigawa,Jigawa,North West
jigawa-malam-madori-tashena,Tashena,malam-madori,Malam-Madori,jigawa,Jigawa,North West
jigawa-malam-madori-tonikutara,Tonikutara,malam-madori,Malam-Madori,jigawa,Jigawa,North West
jigawa-miga-dangyatin,Dangyatin,miga,Miga,jigawa,Jigawa,North West
jigawa-miga-garbo,Garbo,miga,Miga,jigawa,Jigawa,North West
jigawa-miga-hantsu,Hantsu,miga,Miga,jigawa,Jigawa,North West
jigawa-miga-koya,Koya,miga,Miga,jigawa,Jigawa,North West
jigawa-miga-miga,Miga,miga,Miga,jigawa,Jigawa,North West
jigawa-miga-sabon-gari-takanebu,Sabon Gari Takanebu,miga,Miga,jigawa,Jigawa,North West
jigawa-miga-sansani,Sansani,miga,Miga,jigawa,Jigawa,North West
jigawa-miga-tsakuwawa,Tsakuwawa,miga,Miga,jigawa,Jigawa,North West
jigawa-miga-yanduna,Yanduna,miga,Miga,jigawa,Jigawa,North West
jigawa-miga-zareku,Zareku,miga,Miga,jigawa,Jigawa,North West
jigawa-ringim-chai-chai,Chai‐Chai,ringim,Ringim,jigawa,Jigawa,North West
jigawa-ringim-dabi,Dabi,ringim,Ringim,jigawa,Jigawa,North West
jigawa-ringim-kafin-babushe,Kafin Babushe,ringim,Ringim,jigawa,Jigawa,North West
jigawa-ringim-karshi,Karshi,ringim,Ringim,jigawa,Jigawa,North West
jigawa-ringim-kyarama,Kyarama,ringim,Ringim,jigawa,Jigawa,North West
jigawa-ringim-ringim,Ringim,ringim,Ringim,jigawa,Jigawa,North West
jigawa-ringim-sankara,Sankara,ringim,Ringim,jigawa,Jigawa,North West
jigawa-ringim-sintilmawa,Sintilmawa,ringim,Ringim,jigawa,Jigawa,North West
jigawa-ringim-tofa,Tofa,ringim,Ringim,jigawa,Jigawa,North West
jigawa-ringim-yandutse,Yandutse,ringim,Ringim,jigawa,Jigawa,North West
jigawa-roni-amaryawa,Amaryawa,roni,Roni,jigawa,Jigawa,North West
jigawa-roni-baragumi,Baragumi,roni,Roni,jigawa,Jigawa,North West
jigawa-roni-dansure,Dansure,roni,Roni,jigawa,Jigawa,North West
jigawa-roni-fara,Fara,roni,Roni,jigawa,Jigawa,North West
jigawa-roni-gora,Gora,roni,Roni,jigawa,Jigawa,North West
jigawa-roni-kwaita,Kwaita,roni,Roni,jigawa,Jigawa,North West
jigawa-roni-roni,Roni,roni,Roni,jigawa,Jigawa,North West
jigawa-roni-sankau,Sankau,roni,Roni,jigawa,Jigawa,North West
jigawa-roni-tunas,Tunas,roni,Roni,jigawa,Jigawa,North West
jigawa-roni-yanzaki,Yanzaki,roni,Roni,jigawa,Jigawa,North West
jigawa-roni-zugai,Zugai,roni,Roni,jigawa,Jigawa,North West
jigawa-sule-tankarkar-albasu,Albasu,sule-tankarkar,Sule-Tankarkar,jigawa,Jigawa,North West
jigawa-sule-tankarkar-amanga,Amanga,sule-tankarkar,Sule-Tankarkar,jigawa,Jigawa,North West
jigawa-sule-tankarkar-dangwanki,Dangwanki,sule-tankarkar,Sule-Tankarkar,jigawa,Jigawa,North West
jigawa-sule-tankarkar-danladi,Danladi,sule-tankarkar,Sule-Tankarkar,jigawa,Jigawa,North West
jigawa-sule-tankarkar-danzomo,Danzomo,sule-tankarkar,Sule-Tankarkar,jigawa,Jigawa,North West
jigawa-sule-tankarkar-jeke,Jeke,sule-tankarkar,Sule-Tankarkar,jigawa,Jigawa,North West
jigawa-sule-tankarkar-shabaru,Shabaru,sule-tankarkar,Sule-Tankarkar,jigawa,Jigawa,North West
jigawa-sule-tankarkar-sule-tankarkar,Sule‐Tankarkar,sule-tankarkar,Sule-Tankarkar,jigawa,Jigawa,North West
jigawa-sule-tankarkar-takatsaba,Takatsaba,sule-tankarkar,Sule-Tankarkar,jigawa,Jigawa,North West
jigawa-sule-tankarkar-yandamo,Yandamo,sule-tankarkar,Sule-Tankarkar,jigawa,Jigawa,North West
jigawa-taura-ajaura,Ajaura,taura,Taura,jigawa,Jigawa,North West
jigawa-taura-chakwaikwaiwa,Chakwaikwaiwa,taura,Taura,jigawa,Jigawa,North West
jigawa-taura-chukuto,Chukuto,taura,Taura,jigawa,Jigawa,North West
jigawa-taura-gujungu,Gujungu,taura,Taura,jigawa,Jigawa,North West
jigawa-taura-kiri,Kiri,taura,Taura,jigawa,Jigawa,North West
jigawa-taura-kwalam,Kwalam,taura,Taura,jigawa,Jigawa,North West
jigawa-taura-maje,Maje,taura,Taura,jigawa,Jigawa,North West
jigawa-taura-majiya,Majiya,taura,Taura,jigawa,Jigawa,North West
jigawa-taura-s-garin-yaya,S/Garin Yaya,taura,Taura,jigawa,Jigawa,North West
jigawa-taura-taura,Taura,taura,Taura,jigawa,Jigawa,North West
jigawa-yankwashi-achilafiya,Achilafiya,yankwashi,Yankwashi,jigawa,Jigawa,North West
jigawa-yankwashi-belas,Belas,yankwashi,Yankwashi,jigawa,Jigawa,North West
jigawa-yankwashi-dawan-gawo,Dawan‐Gawo,yankwashi,Yankwashi,jigawa,Jigawa,North West
jigawa-yankwashi-gurjiya,Gurjiya,yankwashi,Yankwashi,jigawa,Jigawa,North West
jigawa-yankwashi-gwarta,Gwarta,yankwashi,Yankwashi,jigawa,Jigawa,North West
jigawa-yankwashi-karkarna,Karkarna,yankwashi,Yankwashi,jigawa,Jigawa,North West
jigawa-yankwashi-kuda,Kuda,yankwashi,Yankwashi,jigawa,Jigawa,North West
jigawa-yankwashi-ringim,Ringim,yankwashi,Yankwashi,jigawa,Jigawa,North West
jigawa-yankwashi-yankwashi,Yankwashi,yankwashi,Yankwashi,jigawa,Jigawa,North West
jigawa-yankwashi-zungumba,Zungumba,yankwashi,Yankwashi,jigawa,Jigawa,North West
bauchi-alkaleri-alkaleri,Alkaleri,alkaleri,Alkaleri,bauchi,Bauchi,North East
bauchi-alkaleri-pali,Pali,alkaleri,Alkaleri,bauchi,Bauchi,North East
bauchi-alkaleri-gar,Gar,alkaleri,Alkaleri,bauchi,Bauchi,North East
bauchi-alkaleri-gwaram,Gwaram,alkaleri,Alkaleri,bauchi,Bauchi,North East
bauchi-alkaleri-maimadi,Maimadi,alkaleri,Alkaleri,bauchi,Bauchi,North East
bauchi-alkaleri-dan-kungibar,Dan Kungibar,alkaleri,Alkaleri,bauchi,Bauchi,North East
bauchi-alkaleri-birin-gigara-yankari,Birin/ Gigara/ Yankari,alkaleri,Alkaleri,bauchi,Bauchi,North East
bauchi-alkaleri-yuli-lim,Yuli/ Lim,alkaleri,Alkaleri,bauchi,Bauchi,North East
bauchi-alkaleri-futuk,Futuk,alkaleri,Alkaleri,bauchi,Bauchi,North East
bauchi-alkaleri-yalo,Yalo,alkaleri,Alkaleri,bauchi,Bauchi,North East
bauchi-alkaleri-gwana-mansur,Gwana / Mansur,alkaleri,Alkaleri,bauchi,Bauchi,North East
bauchi-bauchi-majidadi-a,Majidadi 'A',bauchi,Bauchi,bauchi,Bauchi,North East
bauchi-bauchi-majidadi-b,Majidadi 'B',bauchi,Bauchi,bauchi,Bauchi,North East
bauchi-bauchi-makama-sarki-baki,Makama/Sarki Baki,bauchi,Bauchi,bauchi,Bauchi,North East
bauchi-bauchi-zungur-liman-katagum,Zungur/Liman Katagum,bauchi,Bauchi,bauchi,Bauchi,North East
bauchi-bauchi-mun-munsal,Mun/Munsal,bauchi,Bauchi,bauchi,Bauchi,North East
bauchi-bauchi-dandango-yamrat,Dandango/Yamrat,bauchi,Bauchi,bauchi,Bauchi,North East
bauchi-bauchi-birshi-miri,Birshi/Miri,bauchi,Bauchi,bauchi,Bauchi,North East
bauchi-bauchi-kundum-durum,Kundum/Durum,bauchi,Bauchi,bauchi,Bauchi,North East
bauchi-bauchi-kangyare-turwun,Kangyare/Turwun,bauchi,Bauchi,bauchi,Bauchi,North East
bauchi-bauchi-galambi-gwaskwaram,Galambi/Gwaskwaram,bauchi,Bauchi,bauchi,Bauchi,North East
bauchi-bauchi-dan-iya-hardo,Dan'Iya Hardo,bauchi,Bauchi,bauchi,Bauchi,North East
bauchi-bauchi-dawaki,Dawaki,bauchi,Bauchi,bauchi,Bauchi,North East
bauchi-bogoro-bogoro-a,"Bogoro ""A""",bogoro,Bogoro,bauchi,Bauchi,North East
bauchi-bogoro-bogoro-b,"Bogoro ""B""",bogoro,Bogoro,bauchi,Bauchi,North East
bauchi-bogoro-bogoro-c,"Bogoro ""C""",bogoro,Bogoro,bauchi,Bauchi,North East
bauchi-bogoro-bogoro-d,"Bogoro ""D""",bogoro,Bogoro,bauchi,Bauchi,North East
bauchi-bogoro-b-o-i-a,"B O I ""A""",bogoro,Bogoro,bauchi,Bauchi,North East
bauchi-bogoro-b-o-i-b,"B O I ""B""",bogoro,Bogoro,bauchi,Bauchi,North East
bauchi-bogoro-b-o-i-c,"B O I ""C""",bogoro,Bogoro,bauchi,Bauchi,North East
bauchi-bogoro-lusa-a,"Lusa ""A""",bogoro,Bogoro,bauchi,Bauchi,North East
bauchi-bogoro-lusa-b,"Lusa ""B""",bogoro,Bogoro,bauchi,Bauchi,North East
bauchi-bogoro-lusa-c,"Lusa ""C""",bogoro,Bogoro,bauchi,Bauchi,North East
bauchi-damban-garuza,Garuza,damban,Damban,bauchi,Bauchi,North East
bauchi-damban-gurbana,Gurbana,damban,Damban,bauchi,Bauchi,North East
bauchi-damban-dambam,Dambam,damban,Damban,bauchi,Bauchi,North East
bauchi-damban-yanda,Yanda,damban,Damban,bauchi,Bauchi,North East
bauchi-damban-yame,Yame,damban,Damban,bauchi,Bauchi,North East
bauchi-damban-dagauda,Dagauda,damban,Damban,bauchi,Bauchi,North East
bauchi-damban-gargawa,Gargawa,damban,Damban,bauchi,Bauchi,North East
bauchi-damban-zaura,Zaura,damban,Damban,bauchi,Bauchi,North East
bauchi-damban-jalam-central,Jalam Central,damban,Damban,bauchi,Bauchi,North East
bauchi-damban-jalam-east,Jalam East,damban,Damban,bauchi,Bauchi,North East
bauchi-darazo-darazo,Darazo,darazo,Darazo,bauchi,Bauchi,North East
bauchi-darazo-tauya,Tauya,darazo,Darazo,bauchi,Bauchi,North East
bauchi-darazo-gabarin,Gabarin,darazo,Darazo,bauchi,Bauchi,North East
bauchi-darazo-konkiyal,Konkiyal,darazo,Darazo,bauchi,Bauchi,North East
bauchi-darazo-lago,Lago,darazo,Darazo,bauchi,Bauchi,North East
bauchi-darazo-sade,Sade,darazo,Darazo,bauchi,Bauchi,North East
bauchi-darazo-lanzai,Lanzai,darazo,Darazo,bauchi,Bauchi,North East
bauchi-darazo-yautare,Yautare,darazo,Darazo,bauchi,Bauchi,North East
bauchi-darazo-gabciyari,Gabciyari,darazo,Darazo,bauchi,Bauchi,North East
bauchi-darazo-wahu,Wahu,darazo,Darazo,bauchi,Bauchi,North East
bauchi-darazo-papa,Papa,darazo,Darazo,bauchi,Bauchi,North East
bauchi-dass-bagel-bajar,Bagel/Bajar,dass,Dass,bauchi,Bauchi,North East
bauchi-dass-bundot,Bundot,dass,Dass,bauchi,Bauchi,North East
bauchi-dass-bununu-central,Bununu Central,dass,Dass,bauchi,Bauchi,North East
bauchi-dass-bununu-south,Bununu South,dass,Dass,bauchi,Bauchi,North East
bauchi-dass-baraza,Baraza,dass,Dass,bauchi,Bauchi,North East
bauchi-dass-dott,Dott,dass,Dass,bauchi,Bauchi,North East
bauchi-dass-durr,Durr,dass,Dass,bauchi,Bauchi,North East
bauchi-dass-polchi,Polchi,dass,Dass,bauchi,Bauchi,North East
bauchi-dass-wandi,Wandi,dass,Dass,bauchi,Bauchi,North East
bauchi-dass-zumbul-lukshi,Zumbul/Lukshi,dass,Dass,bauchi,Bauchi,North East
bauchi-gamawa-gamawa,Gamawa,gamawa,Gamawa,bauchi,Bauchi,North East
bauchi-gamawa-kafin-romi,Kafin Romi,gamawa,Gamawa,bauchi,Bauchi,North East
bauchi-gamawa-gololo,Gololo,gamawa,Gamawa,bauchi,Bauchi,North East
bauchi-gamawa-kubdiya,Kubdiya,gamawa,Gamawa,bauchi,Bauchi,North East
bauchi-gamawa-alagarno-jadori,Alagarno/Jadori,gamawa,Gamawa,bauchi,Bauchi,North East
bauchi-gamawa-tumbi,Tumbi,gamawa,Gamawa,bauchi,Bauchi,North East
bauchi-gamawa-udubo,Udubo,gamawa,Gamawa,bauchi,Bauchi,North East
bauchi-gamawa-tarmasuwa,Tarmasuwa,gamawa,Gamawa,bauchi,Bauchi,North East
bauchi-gamawa-raga,Raga,gamawa,Gamawa,bauchi,Bauchi,North East
bauchi-gamawa-gadiya,Gadiya,gamawa,Gamawa,bauchi,Bauchi,North East
bauchi-gamawa-zindi,Zindi,gamawa,Gamawa,bauchi,Bauchi,North East
bauchi-ganjuwa-ganjuwa,Ganjuwa,ganjuwa,Ganjuwa,bauchi,Bauchi,North East
bauchi-ganjuwa-gungura,Gungura,ganjuwa,Ganjuwa,bauchi,Bauchi,North East
bauchi-ganjuwa-kafin-madaki,Kafin Madaki,ganjuwa,Ganjuwa,bauchi,Bauchi,North East
bauchi-ganjuwa-kariya,Kariya,ganjuwa,Ganjuwa,bauchi,Bauchi,North East
bauchi-ganjuwa-kubi-east,Kubi East,ganjuwa,Ganjuwa,bauchi,Bauchi,North East
bauchi-ganjuwa-kubi-west,Kubi West,ganjuwa,Ganjuwa,bauchi,Bauchi,North East
bauchi-ganjuwa-miya-east,Miya East,ganjuwa,Ganjuwa,bauchi,Bauchi,North East
bauchi-ganjuwa-miya-west,Miya West,ganjuwa,Ganjuwa,bauchi,Bauchi,North East
bauchi-ganjuwa-nasarawa-north,Nasarawa North,ganjuwa,Ganjuwa,bauchi,Bauchi,North East
bauchi-ganjuwa-nasarawa-south,Nasarawa South,ganjuwa,Ganjuwa,bauchi,Bauchi,North East
bauchi-ganjuwa-yali,Yali,ganjuwa,Ganjuwa,bauchi,Bauchi,North East
bauchi-giade-chinkani,Chinkani,giade,Giade,bauchi,Bauchi,North East
bauchi-giade-sabon-sara,Sabon Sara,giade,Giade,bauchi,Bauchi,North East
bauchi-giade-doguwa-central,Doguwa Central,giade,Giade,bauchi,Bauchi,North East
bauchi-giade-doguwa-south,Doguwa South,giade,Giade,bauchi,Bauchi,North East
bauchi-giade-giade,Giade,giade,Giade,bauchi,Bauchi,North East
bauchi-giade-isawa,Isawa,giade,Giade,bauchi,Bauchi,North East
bauchi-giade-uzum-a,"Uzum ""A""",giade,Giade,bauchi,Bauchi,North East
bauchi-giade-uzum-b,"Uzum ""B""",giade,Giade,bauchi,Bauchi,North East
bauchi-giade-zabi,Zabi,giade,Giade,bauchi,Bauchi,North East
bauchi-giade-zirrami,Zirrami,giade,Giade,bauchi,Bauchi,North East
bauchi-itas-gadau-itas,Itas,itas-gadau,Itas/Gadau,bauchi,Bauchi,North East
bauchi-itas-gadau-mashema,Mashema,itas-gadau,Itas/Gadau,bauchi,Bauchi,North East
bauchi-itas-gadau-gwarai,Gwarai,itas-gadau,Itas/Gadau,bauchi,Bauchi,North East
bauchi-itas-gadau-abdallawa-magarya,Abdallawa/Magarya,itas-gadau,Itas/Gadau,bauchi,Bauchi,North East
bauchi-itas-gadau-buzawa,Buzawa,itas-gadau,Itas/Gadau,bauchi,Bauchi,North East
bauchi-itas-gadau-bilkicheri,Bilkicheri,itas-gadau,Itas/Gadau,bauchi,Bauchi,North East
bauchi-itas-gadau-bambal,Bambal,itas-gadau,Itas/Gadau,bauchi,Bauchi,North East
bauchi-itas-gadau-gadau,Gadau,itas-gadau,Itas/Gadau,bauchi,Bauchi,North East
bauchi-itas-gadau-kashuri,Kashuri,itas-gadau,Itas/Gadau,bauchi,Bauchi,North East
bauchi-itas-gadau-zubuki,Zubuki,itas-gadau,Itas/Gadau,bauchi,Bauchi,North East
bauchi-jama-are-jama-are-a,Jama'Are 'A',jama-are,Jama'Are,bauchi,Bauchi,North East
bauchi-jama-are-jama-are-b,Jama'Are 'B',jama-are,Jama'Are,bauchi,Bauchi,North East
bauchi-jama-are-jama-are-c,Jama'Are 'C',jama-are,Jama'Are,bauchi,Bauchi,North East
bauchi-jama-are-jama-are-d,Jama'Are 'D',jama-are,Jama'Are,bauchi,Bauchi,North East
bauchi-jama-are-dogon-jeji-a,"Dogon Jeji ""A""",jama-are,Jama'Are,bauchi,Bauchi,North East
bauchi-jama-are-dogon-jeji-b,"Dogon Jeji ""B""",jama-are,Jama'Are,bauchi,Bauchi,North East
bauchi-jama-are-dogon-jeji-c,"Dogon Jeji ""C""",jama-are,Jama'Are,bauchi,Bauchi,North East
bauchi-jama-are-hanafari,Hanafari,jama-are,Jama'Are,bauchi,Bauchi,North East
bauchi-jama-are-galdimari,Galdimari,jama-are,Jama'Are,bauchi,Bauchi,North East
bauchi-jama-are-jurara,Jurara,jama-are,Jama'Are,bauchi,Bauchi,North East
bauchi-katagum-tsakuwa-kofar-gabas-kofar-kuka,Tsakuwa Kofar Gabas/ Kofar Kuka,katagum,Katagum,bauchi,Bauchi,North East
bauchi-katagum-nasarawa-bakin-kasuwa,Nasarawa Bakin Kasuwa,katagum,Katagum,bauchi,Bauchi,North East
bauchi-katagum-madangala,Madangala,katagum,Katagum,bauchi,Bauchi,North East
bauchi-katagum-madara,Madara,katagum,Katagum,bauchi,Bauchi,North East
bauchi-katagum-buskuri,Buskuri,katagum,Katagum,bauchi,Bauchi,North East
bauchi-katagum-ragwam-magonshi,Ragwam/Magonshi,katagum,Katagum,bauchi,Bauchi,North East
bauchi-katagum-gambaki-bidir,Gambaki/Bidir,katagum,Katagum,bauchi,Bauchi,North East
bauchi-katagum-chinade,Chinade,katagum,Katagum,bauchi,Bauchi,North East
bauchi-katagum-bulkachuwa-dagaro,Bulkachuwa/Dagaro,katagum,Katagum,bauchi,Bauchi,North East
bauchi-katagum-yayu,Yayu,katagum,Katagum,bauchi,Bauchi,North East
bauchi-katagum-madachi-gangai,Madachi/Gangai,katagum,Katagum,bauchi,Bauchi,North East
bauchi-kirfi-badara,Badara,kirfi,Kirfi,bauchi,Bauchi,North East
bauchi-kirfi-bara,Bara,kirfi,Kirfi,bauchi,Bauchi,North East
bauchi-kirfi-beni-a,"Beni ""A""",kirfi,Kirfi,bauchi,Bauchi,North East
bauchi-kirfi-beni-b,"Beni ""B""",kirfi,Kirfi,bauchi,Bauchi,North East
bauchi-kirfi-dewu-central,Dewu Central,kirfi,Kirfi,bauchi,Bauchi,North East
bauchi-kirfi-dewu-east,Dewu East,kirfi,Kirfi,bauchi,Bauchi,North East
bauchi-kirfi-kirfi,Kirfi,kirfi,Kirfi,bauchi,Bauchi,North East
bauchi-kirfi-shango,Shango,kirfi,Kirfi,bauchi,Bauchi,North East
bauchi-kirfi-tubule,Tubule,kirfi,Kirfi,bauchi,Bauchi,North East
bauchi-kirfi-wanka,Wanka,kirfi,Kirfi,bauchi,Bauchi,North East
bauchi-misau-zadawa,Zadawa,misau,Misau,bauchi,Bauchi,North East
bauchi-misau-beti,Beti,misau,Misau,bauchi,Bauchi,North East
bauchi-misau-jarkasa,Jarkasa,misau,Misau,bauchi,Bauchi,North East
bauchi-misau-kukadi-gundari,Kukadi/Gundari,misau,Misau,bauchi,Bauchi,North East
bauchi-misau-ajilin-gugulin,Ajilin/Gugulin,misau,Misau,bauchi,Bauchi,North East
bauchi-misau-tofu,Tofu,misau,Misau,bauchi,Bauchi,North East
bauchi-misau-hardawa,Hardawa,misau,Misau,bauchi,Bauchi,North East
bauchi-misau-sarma-akuyam,Sarma/Akuyam,misau,Misau,bauchi,Bauchi,North East
bauchi-misau-sirko,Sirko,misau,Misau,bauchi,Bauchi,North East
bauchi-misau-gwaram,Gwaram,misau,Misau,bauchi,Bauchi,North East
bauchi-ningi-ningi,Ningi,ningi,Ningi,bauchi,Bauchi,North East
bauchi-ningi-dingis,Dingis,ningi,Ningi,bauchi,Bauchi,North East
bauchi-ningi-nasaru,Nasaru,ningi,Ningi,bauchi,Bauchi,North East
bauchi-ningi-jangu,Jangu,ningi,Ningi,bauchi,Bauchi,North East
bauchi-ningi-balma,Balma,ningi,Ningi,bauchi,Bauchi,North East
bauchi-ningi-kudu-yamma,Kudu / Yamma,ningi,Ningi,bauchi,Bauchi,North East
bauchi-ningi-tiffi-guda,Tiffi / Guda,ningi,Ningi,bauchi,Bauchi,North East
bauchi-ningi-burra-kyata,Burra / Kyata,ningi,Ningi,bauchi,Bauchi,North East
bauchi-ningi-sama,Sama,ningi,Ningi,bauchi,Bauchi,North East
bauchi-ningi-bashe,Bashe,ningi,Ningi,bauchi,Bauchi,North East
bauchi-ningi-kurmi,Kurmi,ningi,Ningi,bauchi,Bauchi,North East
bauchi-shira-andubun,Andubun,shira,Shira,bauchi,Bauchi,North East
bauchi-shira-sambuwal,Sambuwal,shira,Shira,bauchi,Bauchi,North East
bauchi-shira-bukul-bangire,Bukul/Bangire,shira,Shira,bauchi,Bauchi,North East
bauchi-shira-disina,Disina,shira,Shira,bauchi,Bauchi,North East
bauchi-shira-faggo,Faggo,shira,Shira,bauchi,Bauchi,North East
bauchi-shira-beli-gagidaba,Beli/Gagidaba,shira,Shira,bauchi,Bauchi,North East
bauchi-shira-kilbori,Kilbori,shira,Shira,bauchi,Bauchi,North East
bauchi-shira-shira,Shira,shira,Shira,bauchi,Bauchi,North East
bauchi-shira-tsafi,Tsafi,shira,Shira,bauchi,Bauchi,North East
bauchi-shira-tumfafi,Tumfafi,shira,Shira,bauchi,Bauchi,North East
bauchi-shira-zubo,Zubo,shira,Shira,bauchi,Bauchi,North East
bauchi-tafawa-balewa-kardam-a,"Kardam ""A""",tafawa-balewa,Tafawa-Balewa,bauchi,Bauchi,North East
bauchi-tafawa-balewa-kardam-b,"Kardam ""B""",tafawa-balewa,Tafawa-Balewa,bauchi,Bauchi,North East
bauchi-tafawa-balewa-lere-north,Lere North,tafawa-balewa,Tafawa-Balewa,bauchi,Bauchi,North East
bauchi-tafawa-balewa-lere-south,Lere South,tafawa-balewa,Tafawa-Balewa,bauchi,Bauchi,North East
bauchi-tafawa-balewa-tapshin,Tapshin,tafawa-balewa,Tafawa-Balewa,bauchi,Bauchi,North East
bauchi-tafawa-balewa-wai,Wai,tafawa-balewa,Tafawa-Balewa,bauchi,Bauchi,North East
bauchi-tafawa-balewa-ball,Ball,tafawa-balewa,Tafawa-Balewa,bauchi,Bauchi,North East
bauchi-tafawa-balewa-bula,Bula,tafawa-balewa,Tafawa-Balewa,bauchi,Bauchi,North East
bauchi-tafawa-balewa-dajin,Dajin,tafawa-balewa,Tafawa-Balewa,bauchi,Bauchi,North East
bauchi-tafawa-balewa-dull,Dull,tafawa-balewa,Tafawa-Balewa,bauchi,Bauchi,North East
bauchi-tafawa-balewa-bununu,Bununu,tafawa-balewa,Tafawa-Balewa,bauchi,Bauchi,North East
bauchi-toro-toro-tulai,Toro / Tulai,toro,Toro,bauchi,Bauchi,North East
bauchi-toro-tilden-fulani,Tilden Fulani,toro,Toro,bauchi,Bauchi,North East
bauchi-toro-ribina,Ribina,toro,Toro,bauchi,Bauchi,North East
bauchi-toro-mara-palama,Mara / Palama,toro,Toro,bauchi,Bauchi,North East
bauchi-toro-rauta-geji,Rauta / Geji,toro,Toro,bauchi,Bauchi,North East
bauchi-toro-jama-a-zaranda,Jama'A / Zaranda,toro,Toro,bauchi,Bauchi,North East
bauchi-toro-lame,Lame,toro,Toro,bauchi,Bauchi,North East
bauchi-toro-wonu,Wonu,toro,Toro,bauchi,Bauchi,North East
bauchi-toro-zalau-rishi,Zalau / Rishi,toro,Toro,bauchi,Bauchi,North East
bauchi-toro-tama,Tama,toro,Toro,bauchi,Bauchi,North East
bauchi-toro-rahama,Rahama,toro,Toro,bauchi,Bauchi,North East
bauchi-warji-baima-north-west,Baima North / West,warji,Warji,bauchi,Bauchi,North East
bauchi-warji-baima-south-east,Baima South/East,warji,Warji,bauchi,Bauchi,North East
bauchi-warji-dagu-east,Dagu East,warji,Warji,bauchi,Bauchi,North East
bauchi-warji-dagu-west,Dagu West,warji,Warji,bauchi,Bauchi,North East
bauchi-warji-gabanga,Gabanga,warji,Warji,bauchi,Bauchi,North East
bauchi-warji-katanga,Katanga,warji,Warji,bauchi,Bauchi,North East
bauchi-warji-ranga,Ranga,warji,Warji,bauchi,Bauchi,North East
bauchi-warji-tiyin,Tiyin,warji,Warji,bauchi,Bauchi,North East
bauchi-warji-tudun-wada-east,Tudun Wada East,warji,Warji,bauchi,Bauchi,North East
bauchi-warji-tudun-wada-west,Tudun Wada West,warji,Warji,bauchi,Bauchi,North East
bauchi-zaki-bursali,Bursali,zaki,Zaki,bauchi,Bauchi,North East
bauchi-zaki-katagum,Katagum,zaki,Zaki,bauchi,Bauchi,North East
bauchi-zaki-tashena-gadai,Tashena / Gadai,zaki,Zaki,bauchi,Bauchi,North East
bauchi-zaki-makawa,Makawa,zaki,Zaki,bauchi,Bauchi,North East
bauchi-zaki-sakwa,Sakwa,zaki,Zaki,bauchi,Bauchi,North East
bauchi-zaki-gumai,Gumai,zaki,Zaki,bauchi,Bauchi,North East
bauchi-zaki-murmur-north,Murmur North,zaki,Zaki,bauchi,Bauchi,North East
bauchi-zaki-murmur-south,Murmur South,zaki,Zaki,bauchi,Bauchi,North East
bauchi-zaki-alangawari-kafin-larabawa,Alangawari / Kafin / Larabawa,zaki,Zaki,bauchi,Bauchi,North East
bauchi-zaki-maiwa,Maiwa,zaki,Zaki,bauchi,Bauchi,North East
bauchi-zaki-mainako,Mainako,zaki,Zaki,bauchi,Bauchi,North East
enugu-aninri-aninri-ward-1,Aninri Ward 1,enugu-aninri,Aninri,enugu,Enugu,South East
enugu-aninri-aninri-ward-2,Aninri Ward 2,enugu-aninri,Aninri,enugu,Enugu,South East
enugu-aninri-aninri-ward-3,Aninri Ward 3,enugu-aninri,Aninri,enugu,Enugu,South East
enugu-awgu-awgu-ward-1,Awgu Ward 1,enugu-awgu,Awgu,enugu,Enugu,South East
enugu-awgu-awgu-ward-2,Awgu Ward 2,enugu-awgu,Awgu,enugu,Enugu,South East
enugu-awgu-awgu-ward-3,Awgu Ward 3,enugu-awgu,Awgu,enugu,Enugu,South East
enugu-enugu-east-enugu-east-ward-1,Enugu East Ward 1,enugu-enugu-east,Enugu East,enugu,Enugu,South East
enugu-enugu-east-enugu-east-ward-2,Enugu East Ward 2,enugu-enugu-east,Enugu East,enugu,Enugu,South East
enugu-enugu-east-enugu-east-ward-3,Enugu East Ward 3,enugu-enugu-east,Enugu East,enugu,Enugu,South East
enugu-enugu-north-enugu-north-ward-1,Enugu North Ward 1,enugu-enugu-north,Enugu North,enugu,Enugu,South East
enugu-enugu-north-enugu-north-ward-2,Enugu North Ward 2,enugu-enugu-north,Enugu North,enugu,Enugu,South East
enugu-enugu-north-enugu-north-ward-3,Enugu North Ward 3,enugu-enugu-north,Enugu North,enugu,Enugu,South East
enugu-enugu-south-enugu-south-ward-1,Enugu South Ward 1,enugu-enugu-south,Enugu South,enugu,Enugu,South East
enugu-enugu-south-enugu-south-ward-2,Enugu South Ward 2,enugu-enugu-south,Enugu South,enugu,Enugu,South East
enugu-enugu-south-enugu-south-ward-3,Enugu South Ward 3,enugu-enugu-south,Enugu South,enugu,Enugu,South East
enugu-ezeagu-ezeagu-ward-1,Ezeagu Ward 1,enugu-ezeagu,Ezeagu,enugu,Enugu,South East
enugu-ezeagu-ezeagu-ward-2,Ezeagu Ward 2,enugu-ezeagu,Ezeagu,enugu,Enugu,South East
enugu-ezeagu-ezeagu-ward-3,Ezeagu Ward 3,enugu-ezeagu,Ezeagu,enugu,Enugu,South East
enugu-igbo-etiti-igbo-etiti-ward-1,Igbo-Etiti Ward 1,enugu-igbo-etiti,Igbo-Etiti,enugu,Enugu,South East
enugu-igbo-etiti-igbo-etiti-ward-2,Igbo-Etiti Ward 2,enugu-igbo-etiti,Igbo-Etiti,enugu,Enugu,South East
enugu-igbo-etiti-igbo-etiti-ward-3,Igbo-Etiti Ward 3,enugu-igbo-etiti,Igbo-Etiti,enugu,Enugu,South East
enugu-igbo-eze-north-igbo-eze-north-ward-1,Igbo-Eze North Ward 1,enugu-igbo-eze-north,Igbo-Eze North,enugu,Enugu,South East
enugu-igbo-eze-north-igbo-eze-north-ward-2,Igbo-Eze North Ward 2,enugu-igbo-eze-north,Igbo-Eze North,enugu,Enugu,South East
enugu-igbo-eze-north-igbo-eze-north-ward-3,Igbo-Eze North Ward 3,enugu-igbo-eze-north,Igbo-Eze North,enugu,Enugu,South East
enugu-igbo-eze-south-igbo-eze-south-ward-1,Igbo-Eze South Ward 1,enugu-igbo-eze-south,Igbo-Eze South,enugu,Enugu,South East
enugu-igbo-eze-south-igbo-eze-south-ward-2,Igbo-Eze South Ward 2,enugu-igbo-eze-south,Igbo-Eze South,enugu,Enugu,South East
enugu-igbo-eze-south-igbo-eze-south-ward-3,Igbo-Eze South Ward 3,enugu-igbo-eze-south,Igbo-Eze South,enugu,Enugu,South East
enugu-isi-uzo-isi-uzo-ward-1,Isi-Uzo Ward 1,enugu-isi-uzo,Isi-Uzo,enugu,Enugu,South East
enugu-isi-uzo-isi-uzo-ward-2,Isi-Uzo Ward 2,enugu-isi-uzo,Isi-Uzo,enugu,Enugu,South East
enugu-isi-uzo-isi-uzo-ward-3,Isi-Uzo Ward 3,enugu-isi-uzo,Isi-Uzo,enugu,Enugu,South East
enugu-nkanu-east-nkanu-east-ward-1,Nkanu East Ward 1,enugu-nkanu-east,Nkanu East,enugu,Enugu,South East
enugu-nkanu-east-nkanu-east-ward-2,Nkanu East Ward 2,enugu-nkanu-east,Nkanu East,enugu,Enugu,South East
enugu-nkanu-east-nkanu-east-ward-3,Nkanu East Ward 3,enugu-nkanu-east,Nkanu East,enugu,Enugu,South East
enugu-nkanu-west-nkanu-west-ward-1,Nkanu West Ward 1,enugu-nkanu-west,Nkanu West,enugu,Enugu,South East
enugu-nkanu-west-nkanu-west-ward-2,Nkanu West Ward 2,enugu-nkanu-west,Nkanu West,enugu,Enugu,South East
enugu-nkanu-west-nkanu-west-ward-3,Nkanu West Ward 3,enugu-nkanu-west,Nkanu West,enugu,Enugu,South East
enugu-nsukka-nsukka-ward-1,Nsukka Ward 1,enugu-nsukka,Nsukka,enugu,Enugu,South East
enugu-nsukka-nsukka-ward-2,Nsukka Ward 2,enugu-nsukka,Nsukka,enugu,Enugu,South East
enugu-nsukka-nsukka-ward-3,Nsukka Ward 3,enugu-nsukka,Nsukka,enugu,Enugu,South East
enugu-oji-river-oji-river-ward-1,Oji River Ward 1,enugu-oji-river,Oji River,enugu,Enugu,South East
enugu-oji-river-oji-river-ward-2,Oji River Ward 2,enugu-oji-river,Oji River,enugu,Enugu,South East
enugu-oji-river-oji-river-ward-3,Oji River Ward 3,enugu-oji-river,Oji River,enugu,Enugu,South East
enugu-udenu-udenu-ward-1,Udenu Ward 1,enugu-udenu,Udenu,enugu,Enugu,South East
enugu-udenu-udenu-ward-2,Udenu Ward 2,enugu-udenu,Udenu,enugu,Enugu,South East
enugu-udenu-udenu-ward-3,Udenu Ward 3,enugu-udenu,Udenu,enugu,Enugu,South East
enugu-udi-udi-ward-1,Udi Ward 1,enugu-udi,Udi,enugu,Enugu,South East
enugu-udi-udi-ward-2,Udi Ward 2,enugu-udi,Udi,enugu,Enugu,South East
enugu-udi-udi-ward-3,Udi Ward 3,enugu-udi,Udi,enugu,Enugu,South East
enugu-uzo-uwani-uzo-uwani-ward-1,Uzo-Uwani Ward 1,enugu-uzo-uwani,Uzo-Uwani,enugu,Enugu,South East
enugu-uzo-uwani-uzo-uwani-ward-2,Uzo-Uwani Ward 2,enugu-uzo-uwani,Uzo-Uwani,enugu,Enugu,South East
enugu-uzo-uwani-uzo-uwani-ward-3,Uzo-Uwani Ward 3,enugu-uzo-uwani,Uzo-Uwani,enugu,Enugu,South East
borno-abadam-abadam-ward-1,Abadam Ward 1,borno-abadam,Abadam,borno,Borno,North East
borno-abadam-abadam-ward-2,Abadam Ward 2,borno-abadam,Abadam,borno,Borno,North East
borno-abadam-abadam-ward-3,Abadam Ward 3,borno-abadam,Abadam,borno,Borno,North East
borno-askira-uba-askira-uba-ward-1,Askira/Uba Ward 1,borno-askira-uba,Askira/Uba,borno,Borno,North East
borno-askira-uba-askira-uba-ward-2,Askira/Uba Ward 2,borno-askira-uba,Askira/Uba,borno,Borno,North East
borno-askira-uba-askira-uba-ward-3,Askira/Uba Ward 3,borno-askira-uba,Askira/Uba,borno,Borno,North East
borno-bama-bama-ward-1,Bama Ward 1,borno-bama,Bama,borno,Borno,North East
borno-bama-bama-ward-2,Bama Ward 2,borno-bama,Bama,borno,Borno,North East
borno-bama-bama-ward-3,Bama Ward 3,borno-bama,Bama,borno,Borno,North East
borno-bayo-bayo-ward-1,Bayo Ward 1,borno-bayo,Bayo,borno,Borno,North East
borno-bayo-bayo-ward-2,Bayo Ward 2,borno-bayo,Bayo,borno,Borno,North East
borno-bayo-bayo-ward-3,Bayo Ward 3,borno-bayo,Bayo,borno,Borno,North East
borno-biu-biu-ward-1,Biu Ward 1,borno-biu,Biu,borno,Borno,North East
borno-biu-biu-ward-2,Biu Ward 2,borno-biu,Biu,borno,Borno,North East
borno-biu-biu-ward-3,Biu Ward 3,borno-biu,Biu,borno,Borno,North East
borno-chibok-chibok-ward-1,Chibok Ward 1,borno-chibok,Chibok,borno,Borno,North East
borno-chibok-chibok-ward-2,Chibok Ward 2,borno-chibok,Chibok,borno,Borno,North East
borno-chibok-chibok-ward-3,Chibok Ward 3,borno-chibok,Chibok,borno,Borno,North East
borno-damboa-damboa-ward-1,Damboa Ward 1,borno-damboa,Damboa,borno,Borno,North East
borno-damboa-damboa-ward-2,Damboa Ward 2,borno-damboa,Damboa,borno,Borno,North East
borno-damboa-damboa-ward-3,Damboa Ward 3,borno-damboa,Damboa,borno,Borno,North East
borno-dikwa-dikwa-ward-1,Dikwa Ward 1,borno-dikwa,Dikwa,borno,Borno,North East
borno-dikwa-dikwa-ward-2,Dikwa Ward 2,borno-dikwa,Dikwa,borno,Borno,North East
borno-dikwa-dikwa-ward-3,Dikwa Ward 3,borno-dikwa,Dikwa,borno,Borno,North East
borno-gubio-gubio-ward-1,Gubio Ward 1,borno-gubio,Gubio,borno,Borno,North East
borno-gubio-gubio-ward-2,Gubio Ward 2,borno-gubio,Gubio,borno,Borno,North East
borno-gubio-gubio-ward-3,Gubio Ward 3,borno-gubio,Gubio,borno,Borno,North East
borno-guzamala-guzamala-ward-1,Guzamala Ward 1,borno-guzamala,Guzamala,borno,Borno,North East
borno-guzamala-guzamala-ward-2,Guzamala Ward 2,borno-guzamala,Guzamala,borno,Borno,North East
borno-guzamala-guzamala-ward-3,Guzamala Ward 3,borno-guzamala,Guzamala,borno,Borno,North East
borno-gwoza-gwoza-ward-1,Gwoza Ward 1,borno-gwoza,Gwoza,borno,Borno,North East
borno-gwoza-gwoza-ward-2,Gwoza Ward 2,borno-gwoza,Gwoza,borno,Borno,North East
borno-gwoza-gwoza-ward-3,Gwoza Ward 3,borno-gwoza,Gwoza,borno,Borno,North East
borno-hawul-hawul-ward-1,Hawul Ward 1,borno-hawul,Hawul,borno,Borno,North East
borno-hawul-hawul-ward-2,Hawul Ward 2,borno-hawul,Hawul,borno,Borno,North East
borno-hawul-hawul-ward-3,Hawul Ward 3,borno-hawul,Hawul,borno,Borno,North East
borno-jere-jere-ward-1,Jere Ward 1,borno-jere,Jere,borno,Borno,North East
borno-jere-jere-ward-2,Jere Ward 2,borno-jere,Jere,borno,Borno,North East
borno-jere-jere-ward-3,Jere Ward 3,borno-jere,Jere,borno,Borno,North East
borno-kaga-kaga-ward-1,Kaga Ward 1,borno-kaga,Kaga,borno,Borno,North East
borno-kaga-kaga-ward-2,Kaga Ward 2,borno-kaga,Kaga,borno,Borno,North East
borno-kaga-kaga-ward-3,Kaga Ward 3,borno-kaga,Kaga,borno,Borno,North East
borno-kala-balge-kala-balge-ward-1,Kala/Balge Ward 1,borno-kala-balge,Kala/Balge,borno,Borno,North East
borno-kala-balge-kala-balge-ward-2,Kala/Balge Ward 2,borno-kala-balge,Kala/Balge,borno,Borno,North East
borno-kala-balge-kala-balge-ward-3,Kala/Balge Ward 3,borno-kala-balge,Kala/Balge,borno,Borno,North East
borno-konduga-konduga-ward-1,Konduga Ward 1,borno-konduga,Konduga,borno,Borno,North East
borno-konduga-konduga-ward-2,Konduga Ward 2,borno-konduga,Konduga,borno,Borno,North East
borno-konduga-konduga-ward-3,Konduga Ward 3,borno-konduga,Konduga,borno,Borno,North East
borno-kukawa-kukawa-ward-1,Kukawa Ward 1,borno-kukawa,Kukawa,borno,Borno,North East
borno-kukawa-kukawa-ward-2,Kukawa Ward 2,borno-kukawa,Kukawa,borno,Borno,North East
borno-kukawa-kukawa-ward-3,Kukawa Ward 3,borno-kukawa,Kukawa,borno,Borno,North East
borno-kwaya-kusar-kwaya-kusar-ward-1,Kwaya Kusar Ward 1,borno-kwaya-kusar,Kwaya Kusar,borno,Borno,North East
borno-kwaya-kusar-kwaya-kusar-ward-2,Kwaya Kusar Ward 2,borno-kwaya-kusar,Kwaya Kusar,borno,Borno,North East
borno-kwaya-kusar-kwaya-kusar-ward-3,Kwaya Kusar Ward 3,borno-kwaya-kusar,Kwaya Kusar,borno,Borno,North East
borno-mafa-mafa-ward-1,Mafa Ward 1,borno-mafa,Mafa,borno,Borno,North East
borno-mafa-mafa-ward-2,Mafa Ward 2,borno-mafa,Mafa,borno,Borno,North East
borno-mafa-mafa-ward-3,Mafa Ward 3,borno-mafa,Mafa,borno,Borno,North East
borno-magumeri-magumeri-ward-1,Magumeri Ward 1,borno-magumeri,Magumeri,borno,Borno,North East
borno-magumeri-magumeri-ward-2,Magumeri Ward 2,borno-magumeri,Magumeri,borno,Borno,North East
borno-magumeri-magumeri-ward-3,Magumeri Ward 3,borno-magumeri,Magumeri,borno,Borno,North East
borno-maiduguri-maiduguri-ward-1,Maiduguri Ward 1,borno-maiduguri,Maiduguri,borno,Borno,North East
borno-maiduguri-maiduguri-ward-2,Maiduguri Ward 2,borno-maiduguri,Maiduguri,borno,Borno,North East
borno-maiduguri-maiduguri-ward-3,Maiduguri Ward 3,borno-maiduguri,Maiduguri,borno,Borno,North East
borno-marte-marte-ward-1,Marte Ward 1,borno-marte,Marte,borno,Borno,North East
borno-marte-marte-ward-2,Marte Ward 2,borno-marte,Marte,borno,Borno,North East
borno-marte-marte-ward-3,Marte Ward 3,borno-marte,Marte,borno,Borno,North East
borno-mobbar-mobbar-ward-1,Mobbar Ward 1,borno-mobbar,Mobbar,borno,Borno,North East
borno-mobbar-mobbar-ward-2,Mobbar Ward 2,borno-mobbar,Mobbar,borno,Borno,North East
borno-mobbar-mobbar-ward-3,Mobbar Ward 3,borno-mobbar,Mobbar,borno,Borno,North East
borno-monguno-monguno-ward-1,Monguno Ward 1,borno-monguno,Monguno,borno,Borno,North East
borno-monguno-monguno-ward-2,Monguno Ward 2,borno-monguno,Monguno,borno,Borno,North East
borno-monguno-monguno-ward-3,Monguno Ward 3,borno-monguno,Monguno,borno,Borno,North East
borno-ngala-ngala-ward-1,Ngala Ward 1,borno-ngala,Ngala,borno,Borno,North East
borno-ngala-ngala-ward-2,Ngala Ward 2,borno-ngala,Ngala,borno,Borno,North East
borno-ngala-ngala-ward-3,Ngala Ward 3,borno-ngala,Ngala,borno,Borno,North East
borno-nganzai-nganzai-ward-1,Nganzai Ward 1,borno-nganzai,Nganzai,borno,Borno,North East
borno-nganzai-nganzai-ward-2,Nganzai Ward 2,borno-nganzai,Nganzai,borno,Borno,North East
borno-nganzai-nganzai-ward-3,Nganzai Ward 3,borno-nganzai,Nganzai,borno,Borno,North East
borno-shani-shani-ward-1,Shani Ward 1,borno-shani,Shani,borno,Borno,North East
borno-shani-shani-ward-2,Shani Ward 2,borno-shani,Shani,borno,Borno,North East
borno-shani-shani-ward-3,Shani Ward 3,borno-shani,Shani,borno,Borno,North East
ondo-akoko-north-east-akoko-north-east-ward-1,Akoko North East Ward 1,ondo-akoko-north-east,Akoko North East,ondo,Ondo,South West
ondo-akoko-north-east-akoko-north-east-ward-2,Akoko North East Ward 2,ondo-akoko-north-east,Akoko North East,ondo,Ondo,South West
ondo-akoko-north-east-akoko-north-east-ward-3,Akoko North East Ward 3,ondo-akoko-north-east,Akoko North East,ondo,Ondo,South West
ondo-akoko-north-west-akoko-north-west-ward-1,Akoko North West Ward 1,ondo-akoko-north-west,Akoko North West,ondo,Ondo,South West
ondo-akoko-north-west-akoko-north-west-ward-2,Akoko North West Ward 2,ondo-akoko-north-west,Akoko North West,ondo,Ondo,South West
ondo-akoko-north-west-akoko-north-west-ward-3,Akoko North West Ward 3,ondo-akoko-north-west,Akoko North West,ondo,Ondo,South West
ondo-akoko-south-east-akoko-south-east-ward-1,Akoko South East Ward 1,ondo-akoko-south-east,Akoko South East,ondo,Ondo,South West
ondo-akoko-south-east-akoko-south-east-ward-2,Akoko South East Ward 2,ondo-akoko-south-east,Akoko South East,ondo,Ondo,South West
ondo-akoko-south-east-akoko-south-east-ward-3,Akoko South East Ward 3,ondo-akoko-south-east,Akoko South East,ondo,Ondo,South West
ondo-akoko-south-west-akoko-south-west-ward-1,Akoko South West Ward 1,ondo-akoko-south-west,Akoko South West,ondo,Ondo,South West
ondo-akoko-south-west-akoko-south-west-ward-2,Akoko South West Ward 2,ondo-akoko-south-west,Akoko South West,ondo,Ondo,South West
ondo-akoko-south-west-akoko-south-west-ward-3,Akoko South West Ward 3,ondo-akoko-south-west,Akoko South West,ondo,Ondo,South West
ondo-akure-north-akure-north-ward-1,Akure North Ward 1,ondo-akure-north,Akure North,ondo,Ondo,South West
ondo-akure-north-akure-north-ward-2,Akure North Ward 2,ondo-akure-north,Akure North,ondo,Ondo,South West
ondo-akure-north-akure-north-ward-3,Akure North Ward 3,ondo-akure-north,Akure North,ondo,Ondo,South West
ondo-akure-south-akure-south-ward-1,Akure South Ward 1,ondo-akure-south,Akure South,ondo,Ondo,South West
ondo-akure-south-akure-south-ward-2,Akure South Ward 2,ondo-akure-south,Akure South,ondo,Ondo,South West
ondo-akure-south-akure-south-ward-3,Akure South Ward 3,ondo-akure-south,Akure South,ondo,Ondo,South West
ondo-ese-odo-ese-odo-ward-1,Ese Odo Ward 1,ondo-ese-odo,Ese Odo,ondo,Ondo,South West
ondo-ese-odo-ese-odo-ward-2,Ese Odo Ward 2,ondo-ese-odo,Ese Odo,ondo,Ondo,South West
ondo-ese-odo-ese-odo-ward-3,Ese Odo Ward 3,ondo-ese-odo,Ese Odo,ondo,Ondo,South West
ondo-idanre-idanre-ward-1,Idanre Ward 1,ondo-idanre,Idanre,ondo,Ondo,South West
ondo-idanre-idanre-ward-2,Idanre Ward 2,ondo-idanre,Idanre,ondo,Ondo,South West
ondo-idanre-idanre-ward-3,Idanre Ward 3,ondo-idanre,Idanre,ondo,Ondo,South West
ondo-ifedore-ifedore-ward-1,Ifedore Ward 1,ondo-ifedore,Ifedore,ondo,Ondo,South West
ondo-ifedore-ifedore-ward-2,Ifedore Ward 2,ondo-ifedore,Ifedore,ondo,Ondo,South West
ondo-ifedore-ifedore-ward-3,Ifedore Ward 3,ondo-ifedore,Ifedore,ondo,Ondo,South West
ondo-ilaje-ilaje-ward-1,Ilaje Ward 1,ondo-ilaje,Ilaje,ondo,Ondo,South West
ondo-ilaje-ilaje-ward-2,Ilaje Ward 2,ondo-ilaje,Ilaje,ondo,Ondo,South West
ondo-ilaje-ilaje-ward-3,Ilaje Ward 3,ondo-ilaje,Ilaje,ondo,Ondo,South West
ondo-ile-oluji-okeigbo-ile-oluji-okeigbo-ward-1,Ile-Oluji/Okeigbo Ward 1,ondo-ile-oluji-okeigbo,Ile-Oluji/Okeigbo,ondo,Ondo,South West
ondo-ile-oluji-okeigbo-ile-oluji-okeigbo-ward-2,Ile-Oluji/Okeigbo Ward 2,ondo-ile-oluji-okeigbo,Ile-Oluji/Okeigbo,ondo,Ondo,South West
ondo-ile-oluji-okeigbo-ile-oluji-okeigbo-ward-3,Ile-Oluji/Okeigbo Ward 3,ondo-ile-oluji-okeigbo,Ile-Oluji/Okeigbo,ondo,Ondo,South West
ondo-irele-irele-ward-1,Irele Ward 1,ondo-irele,Irele,ondo,Ondo,South West
ondo-irele-irele-ward-2,Irele Ward 2,ondo-irele,Irele,ondo,Ondo,South West
ondo-irele-irele-ward-3,Irele Ward 3,ondo-irele,Irele,ondo,Ondo,South West
ondo-odigbo-odigbo-ward-1,Odigbo Ward 1,ondo-odigbo,Odigbo,ondo,Ondo,South West
ondo-odigbo-odigbo-ward-2,Odigbo Ward 2,ondo-odigbo,Odigbo,ondo,Ondo,South West
ondo-odigbo-odigbo-ward-3,Odigbo Ward 3,ondo-odigbo,Odigbo,ondo,Ondo,South West
ondo-okitipupa-okitipupa-ward-1,Okitipupa Ward 1,ondo-okitipupa,Okitipupa,ondo,Ondo,South West
ondo-okitipupa-okitipupa-ward-2,Okitipupa Ward 2,ondo-okitipupa,Okitipupa,ondo,Ondo,South West
ondo-okitipupa-okitipupa-ward-3,Okitipupa Ward 3,ondo-okitipupa,Okitipupa,ondo,Ondo,South West
ondo-ondo-east-ondo-east-ward-1,Ondo East Ward 1,ondo-ondo-east,Ondo East,ondo,Ondo,South West
ondo-ondo-east-ondo-east-ward-2,Ondo East Ward 2,ondo-ondo-east,Ondo East,ondo,Ondo,South West
ondo-ondo-east-ondo-east-ward-3,Ondo East Ward 3,ondo-ondo-east,Ondo East,ondo,Ondo,South West
ondo-ondo-west-ondo-west-ward-1,Ondo West Ward 1,ondo-ondo-west,Ondo West,ondo,Ondo,South West
ondo-ondo-west-ondo-west-ward-2,Ondo West Ward 2,ondo-ondo-west,Ondo West,ondo,Ondo,South West
ondo-ondo-west-ondo-west-ward-3,Ondo West Ward 3,ondo-ondo-west,Ondo West,ondo,Ondo,South West
ondo-ose-ose-ward-1,Ose Ward 1,ondo-ose,Ose,ondo,Ondo,South West
ondo-ose-ose-ward-2,Ose Ward 2,ondo-ose,Ose,ondo,Ondo,South West
ondo-ose-ose-ward-3,Ose Ward 3,ondo-ose,Ose,ondo,Ondo,South West
ondo-owo-owo-ward-1,Owo Ward 1,ondo-owo,Owo,ondo,Ondo,South West
ondo-owo-owo-ward-2,Owo Ward 2,ondo-owo,Owo,ondo,Ondo,South West
ondo-owo-owo-ward-3,Owo Ward 3,ondo-owo,Owo,ondo,Ondo,South West
