session,gender,disability_scope,olevel_exam_body,loc_level,loc_label,zone,state,lga,ward,school,candidate_count,passed_count,utme_candidate_count,utme_qualified_count,admitted_count,matriculated_count,pass_rate_pct,utme_qualifying_rate_pct,admission_rate_pct,matriculation_completion_rate_pct
2019/2020,Female,all,NABTEB,lga,Oshimili North,South South,Delta,Oshimili North,,,1125,815,734,272,256,227,72.4444,37.0572,94.1176,88.6719
2019/2020,Female,all,NABTEB,lga,Oshimili South,South South,Delta,Oshimili South,,,1216,881,792,291,263,233,72.4507,36.7424,90.378,88.5932
2019/2020,Female,all,NABTEB,lga,Uvwie,South South,Delta,Uvwie,,,1213,877,794,292,267,239,72.3001,36.7758,91.4384,89.5131
2019/2020,Female,all,NABTEB,lga,Warri North,South South,Delta,Warri North,,,1141,825,738,273,261,233,72.305,36.9919,95.6044,89.272
2019/2020,Female,all,NABTEB,lga,Warri South,South South,Delta,Warri South,,,1110,803,717,266,247,233,72.3423,37.099,92.8571,94.332
2019/2020,Female,all,NECO,lga,Oshimili North,South South,Delta,Oshimili North,,,2091,1356,1383,498,454,404,64.8494,36.0087,91.1647,88.9868
2019/2020,Female,all,NECO,lga,Oshimili South,South South,Delta,Oshimili South,,,2195,1424,1407,506,490,460,64.8747,35.963,96.8379,93.8776
2019/2020,Female,all,NECO,lga,Uvwie,South South,Delta,Uvwie,,,2307,1497,1498,539,518,478,64.8895,35.9813,96.1039,92.278
2019/2020,Female,all,NECO,lga,Warri North,South South,Delta,Warri North,,,2087,1352,1371,493,480,434,64.782,35.9592,97.3631,90.4167
2019/2020,Female,all,NECO,lga,Warri South,South South,Delta,Warri South,,,2166,1405,1394,501,475,434,64.8661,35.9397,94.8104,91.3684
2019/2020,Female,all,WAEC,lga,Oshimili North,South South,Delta,Oshimili North,,,2699,1907,1762,638,646,552,70.6558,36.2089,101.2539,85.4489
2019/2020,Female,all,WAEC,lga,Oshimili South,South South,Delta,Oshimili South,,,2834,2007,1860,674,648,561,70.8186,36.2366,96.1424,86.5741
2019/2020,Female,all,WAEC,lga,Uvwie,South South,Delta,Uvwie,,,2951,2090,1950,708,695,614,70.8234,36.3077,98.1638,88.3453
2019/2020,Female,all,WAEC,lga,Warri North,South South,Delta,Warri North,,,2718,1924,1739,630,634,558,70.7873,36.2277,100.6349,88.0126
2019/2020,Female,all,WAEC,lga,Warri South,South South,Delta,Warri South,,,2700,1912,1729,627,661,589,70.8148,36.2637,105.4226,89.1074
2019/2020,Female,disabled,NABTEB,lga,Oshimili North,South South,Delta,Oshimili North,,,146,108,90,38,39,42,73.9726,42.2222,102.6316,107.6923
2019/2020,Female,disabled,NABTEB,lga,Oshimili South,South South,Delta,Oshimili South,,,150,111,90,38,35,36,74.0,42.2222,92.1053,102.8571
2019/2020,Female,disabled,NABTEB,lga,Uvwie,South South,Delta,Uvwie,,,158,116,96,40,51,54,73.4177,41.6667,127.5,105.8824
2019/2020,Female,disabled,NABTEB,lga,Warri North,South South,Delta,Warri North,,,156,115,93,39,35,36,73.7179,41.9355,89.7436,102.8571
2019/2020,Female,disabled,NABTEB,lga,Warri South,South South,Delta,Warri South,,,148,110,87,37,47,48,74.3243,42.5287,127.027,102.1277
2019/2020,Female,disabled,NECO,lga,Oshimili North,South South,Delta,Oshimili North,,,225,144,141,48,35,35,64.0,34.0426,72.9167,100.0
2019/2020,Female,disabled,NECO,lga,Oshimili South,South South,Delta,Oshimili South,,,234,148,141,48,55,55,63.2479,34.0426,114.5833,100.0
2019/2020,Female,disabled,NECO,lga,Uvwie,South South,Delta,Uvwie,,,241,153,138,48,60,61,63.4855,34.7826,125.0,101.6667
2019/2020,Female,disabled,NECO,lga,Warri North,South South,Delta,Warri North,,,247,157,144,50,60,60,63.5628,34.7222,120.0,100.0
2019/2020,Female,disabled,NECO,lga,Warri South,South South,Delta,Warri South,,,251,160,147,49,50,50,63.745,33.3333,102.0408,100.0
2019/2020,Female,disabled,WAEC,lga,Oshimili North,South South,Delta,Oshimili North,,,273,191,165,61,53,54,69.9634,36.9697,86.8852,101.8868
2019/2020,Female,disabled,WAEC,lga,Oshimili South,South South,Delta,Oshimili South,,,291,206,180,66,60,59,70.7904,36.6667,90.9091,98.3333
2019/2020,Female,disabled,WAEC,lga,Uvwie,South South,Delta,Uvwie,,,303,215,188,69,53,53,70.9571,36.7021,76.8116,100.0
2019/2020,Female,disabled,WAEC,lga,Warri North,South South,Delta,Warri North,,,303,215,187,69,63,69,70.9571,36.8984,91.3043,109.5238
2019/2020,Female,disabled,WAEC,lga,Warri South,South South,Delta,Warri South,,,312,221,192,71,59,64,70.8333,36.9792,83.0986,108.4746
2019/2020,Male,all,NABTEB,lga,Oshimili North,South South,Delta,Oshimili North,,,1150,831,784,290,264,251,72.2609,36.9898,91.0345,95.0758
2019/2020,Male,all,NABTEB,lga,Oshimili South,South South,Delta,Oshimili South,,,1260,910,852,314,293,257,72.2222,36.8545,93.3121,87.7133
2019/2020,Male,all,NABTEB,lga,Uvwie,South South,Delta,Uvwie,,,1262,908,891,325,300,258,71.9493,36.4759,92.3077,86.0
2019/2020,Male,all,NABTEB,lga,Warri North,South South,Delta,Warri North,,,1201,867,837,308,305,281,72.1898,36.7981,99.026,92.1311
2019/2020,Male,all,NABTEB,lga,Warri South,South South,Delta,Warri South,,,1187,858,820,303,272,244,72.2831,36.9512,89.769,89.7059
2019/2020,Male,all,NECO,lga,Oshimili North,South South,Delta,Oshimili North,,,2148,1398,1484,538,501,458,65.0838,36.2534,93.1227,91.4172
2019/2020,Male,all,NECO,lga,Oshimili South,South South,Delta,Oshimili South,,,2311,1504,1596,580,525,478,65.0801,36.3409,90.5172,91.0476
2019/2020,Male,all,NECO,lga,Uvwie,South South,Delta,Uvwie,,,2358,1533,1608,580,570,526,65.0127,36.0697,98.2759,92.2807
2019/2020,Male,all,NECO,lga,Warri North,South South,Delta,Warri North,,,2229,1449,1546,560,531,472,65.0067,36.2225,94.8214,88.8889
2019/2020,Male,all,NECO,lga,Warri South,South South,Delta,Warri South,,,2278,1484,1585,575,552,516,65.1449,36.2776,96.0,93.4783
2019/2020,Male,all,WAEC,lga,Oshimili North,South South,Delta,Oshimili North,,,2733,1936,1882,681,670,583,70.8379,36.1849,98.3847,87.0149
2019/2020,Male,all,WAEC,lga,Oshimili South,South South,Delta,Oshimili South,,,2892,2048,1987,717,701,605,70.816,36.0845,97.7685,86.3053
2019/2020,Male,all,WAEC,lga,Uvwie,South South,Delta,Uvwie,,,3090,2190,2142,773,810,703,70.8738,36.0878,104.7865,86.7901
2019/2020,Male,all,WAEC,lga,Warri North,South South,Delta,Warri North,,,2909,2060,2033,733,722,640,70.8147,36.0551,98.4993,88.6427
2019/2020,Male,all,WAEC,lga,Warri South,South South,Delta,Warri South,,,2889,2045,1977,714,737,655,70.7857,36.1153,103.2213,88.8738
2019/2020,Male,disabled,NABTEB,lga,Oshimili North,South South,Delta,Oshimili North,,,132,96,84,36,21,21,72.7273,42.8571,58.3333,100.0
2019/2020,Male,disabled,NABTEB,lga,Oshimili South,South South,Delta,Oshimili South,,,146,107,92,38,28,28,73.2877,41.3043,73.6842,100.0
2019/2020,Male,disabled,NABTEB,lga,Uvwie,South South,Delta,Uvwie,,,150,108,99,40,28,28,72.0,40.404,70.0,100.0
2019/2020,Male,disabled,NABTEB,lga,Warri North,South South,Delta,Warri North,,,156,114,99,40,35,35,73.0769,40.404,87.5,100.0
2019/2020,Male,disabled,NABTEB,lga,Warri South,South South,Delta,Warri South,,,149,108,99,40,21,21,72.4832,40.404,52.5,100.0
2019/2020,Male,disabled,NECO,lga,Oshimili North,South South,Delta,Oshimili North,,,224,148,146,52,60,60,66.0714,35.6164,115.3846,100.0
2019/2020,Male,disabled,NECO,lga,Oshimili South,South South,Delta,Oshimili South,,,242,160,161,59,54,54,66.1157,36.646,91.5254,100.0
2019/2020,Male,disabled,NECO,lga,Uvwie,South South,Delta,Uvwie,,,246,162,153,53,54,54,65.8537,34.6405,101.8868,100.0
2019/2020,Male,disabled,NECO,lga,Warri North,South South,Delta,Warri North,,,249,164,162,58,60,60,65.8635,35.8025,103.4483,100.0
2019/2020,Male,disabled,NECO,lga,Warri South,South South,Delta,Warri South,,,259,172,173,63,72,72,66.4093,36.4162,114.2857,100.0
2019/2020,Male,disabled,WAEC,lga,Oshimili North,South South,Delta,Oshimili North,,,290,205,186,65,60,60,70.6897,34.9462,92.3077,100.0
2019/2020,Male,disabled,WAEC,lga,Oshimili South,South South,Delta,Oshimili South,,,294,209,187,66,55,56,71.0884,35.2941,83.3333,101.8182
2019/2020,Male,disabled,WAEC,lga,Uvwie,South South,Delta,Uvwie,,,315,224,205,72,65,67,71.1111,35.122,90.2778,103.0769
2019/2020,Male,disabled,WAEC,lga,Warri North,South South,Delta,Warri North,,,335,238,218,77,65,69,71.0448,35.3211,84.4156,106.1538
2019/2020,Male,disabled,WAEC,lga,Warri South,South South,Delta,Warri South,,,339,240,216,76,70,74,70.7965,35.1852,92.1053,105.7143
2020/2021,Female,all,NABTEB,lga,Oshimili North,South South,Delta,Oshimili North,,,1281,961,839,320,278,252,75.0195,38.1406,86.875,90.6475
2020/2021,Female,all,NABTEB,lga,Oshimili South,South South,Delta,Oshimili South,,,1309,979,864,328,274,233,74.7899,37.963,83.5366,85.0365
2020/2021,Female,all,NABTEB,lga,Uvwie,South South,Delta,Uvwie,,,1403,1050,919,352,317,282,74.8396,38.3025,90.0568,88.959
2020/2021,Female,all,NABTEB,lga,Warri North,South South,Delta,Warri North,,,1294,965,834,317,284,264,74.575,38.0096,89.5899,92.9577
2020/2021,Female,all,NABTEB,lga,Warri South,South South,Delta,Warri South,,,1278,952,854,329,296,270,74.4914,38.5246,89.9696,91.2162
2020/2021,Female,all,NECO,lga,Oshimili North,South South,Delta,Oshimili North,,,2393,1638,1565,601,510,460,68.4496,38.4026,84.8586,90.1961
2020/2021,Female,all,NECO,lga,Oshimili South,South South,Delta,Oshimili South,,,2457,1679,1613,618,538,504,68.3354,38.3137,87.055,93.6803
2020/2021,Female,all,NECO,lga,Uvwie,South South,Delta,Uvwie,,,2578,1762,1690,649,581,517,68.3476,38.4024,89.5223,88.9845
2020/2021,Female,all,NECO,lga,Warri North,South South,Delta,Warri North,,,2447,1673,1589,612,546,497,68.3694,38.5148,89.2157,91.0256
2020/2021,Female,all,NECO,lga,Warri South,South South,Delta,Warri South,,,2289,1565,1528,587,509,471,68.3705,38.4162,86.7121,92.5344
2020/2021,Female,all,WAEC,lga,Oshimili North,South South,Delta,Oshimili North,,,3129,2321,2076,793,713,632,74.1771,38.1985,89.9117,88.6396
2020/2021,Female,all,WAEC,lga,Oshimili South,South South,Delta,Oshimili South,,,3213,2384,2094,800,733,634,74.1986,38.2044,91.625,86.4939
2020/2021,Female,all,WAEC,lga,Uvwie,South South,Delta,Uvwie,,,3429,2544,2240,855,802,691,74.1907,38.1696,93.8012,86.1596
2020/2021,Female,all,WAEC,lga,Warri North,South South,Delta,Warri North,,,3016,2237,2007,768,733,637,74.1711,38.2661,95.4427,86.9031
2020/2021,Female,all,WAEC,lga,Warri South,South South,Delta,Warri South,,,3040,2255,1972,753,722,640,74.1776,38.1846,95.8831,88.6427
2020/2021,Female,disabled,NABTEB,lga,Oshimili North,South South,Delta,Oshimili North,,,168,129,100,38,48,48,76.7857,38.0,126.3158,100.0
2020/2021,Female,disabled,NABTEB,lga,Oshimili South,South South,Delta,Oshimili South,,,167,126,104,40,48,48,75.4491,38.4615,120.0,100.0
2020/2021,Female,disabled,NABTEB,lga,Uvwie,South South,Delta,Uvwie,,,170,130,104,40,66,66,76.4706,38.4615,165.0,100.0
2020/2021,Female,disabled,NABTEB,lga,Warri North,South South,Delta,Warri North,,,181,133,108,42,60,60,73.4807,38.8889,142.8571,100.0
2020/2021,Female,disabled,NABTEB,lga,Warri South,South South,Delta,Warri South,,,177,131,108,42,60,60,74.0113,38.8889,142.8571,100.0
2020/2021,Female,disabled,NECO,lga,Oshimili North,South South,Delta,Oshimili North,,,251,172,158,62,55,58,68.5259,39.2405,88.7097,105.4545
2020/2021,Female,disabled,NECO,lga,Oshimili South,South South,Delta,Oshimili South,,,265,180,168,64,61,71,67.9245,38.0952,95.3125,116.3934
2020/2021,Female,disabled,NECO,lga,Uvwie,South South,Delta,Uvwie,,,269,183,165,63,60,68,68.0297,38.1818,95.2381,113.3333
2020/2021,Female,disabled,NECO,lga,Warri North,South South,Delta,Warri North,,,273,187,160,63,60,72,68.4982,39.375,95.2381,120.0
2020/2021,Female,disabled,NECO,lga,Warri South,South South,Delta,Warri South,,,267,180,169,64,55,63,67.4157,37.8698,85.9375,114.5455
2020/2021,Female,disabled,WAEC,lga,Oshimili North,South South,Delta,Oshimili North,,,316,236,196,72,60,60,74.6835,36.7347,83.3333,100.0
2020/2021,Female,disabled,WAEC,lga,Oshimili South,South South,Delta,Oshimili South,,,343,256,216,80,70,70,74.6356,37.037,87.5,100.0
2020/2021,Female,disabled,WAEC,lga,Uvwie,South South,Delta,Uvwie,,,372,278,230,86,75,75,74.7312,37.3913,87.2093,100.0
2020/2021,Female,disabled,WAEC,lga,Warri North,South South,Delta,Warri North,,,349,260,217,81,75,75,74.4986,37.3272,92.5926,100.0
2020/2021,Female,disabled,WAEC,lga,Warri South,South South,Delta,Warri South,,,359,268,215,80,60,60,74.6518,37.2093,75.0,100.0
2020/2021,Male,all,NABTEB,lga,Oshimili North,South South,Delta,Oshimili North,,,1306,978,916,350,323,291,74.8851,38.2096,92.2857,90.0929
2020/2021,Male,all,NABTEB,lga,Oshimili South,South South,Delta,Oshimili South,,,1348,1009,941,361,294,257,74.8516,38.3634,81.4404,87.415
2020/2021,Male,all,NABTEB,lga,Uvwie,South South,Delta,Uvwie,,,1407,1053,987,379,336,284,74.8401,38.3992,88.6544,84.5238
2020/2021,Male,all,NABTEB,lga,Warri North,South South,Delta,Warri North,,,1326,991,903,348,316,292,74.736,38.5382,90.8046,92.4051
2020/2021,Male,all,NABTEB,lga,Warri South,South South,Delta,Warri South,,,1350,1010,949,362,310,294,74.8148,38.1454,85.6354,94.8387
2020/2021,Male,all,NECO,lga,Oshimili North,South South,Delta,Oshimili North,,,2380,1627,1648,630,565,519,68.3613,38.2282,89.6825,91.8584
2020/2021,Male,all,NECO,lga,Oshimili South,South South,Delta,Oshimili South,,,2474,1692,1725,659,579,515,68.3913,38.2029,87.8604,88.9465
2020/2021,Male,all,NECO,lga,Uvwie,South South,Delta,Uvwie,,,2658,1818,1843,705,613,556,68.3973,38.2528,86.9504,90.7015
2020/2021,Male,all,NECO,lga,Warri North,South South,Delta,Warri North,,,2509,1717,1740,666,581,535,68.4336,38.2759,87.2372,92.0826
2020/2021,Male,all,NECO,lga,Warri South,South South,Delta,Warri South,,,2459,1682,1743,667,587,544,68.4018,38.2674,88.006,92.6746
2020/2021,Male,all,WAEC,lga,Oshimili North,South South,Delta,Oshimili North,,,3063,2268,2095,803,743,647,74.0451,38.3294,92.528,87.0794
2020/2021,Male,all,WAEC,lga,Oshimili South,South South,Delta,Oshimili South,,,3269,2422,2281,875,799,698,74.0899,38.3604,91.3143,87.3592
2020/2021,Male,all,WAEC,lga,Uvwie,South South,Delta,Uvwie,,,3546,2627,2484,951,893,782,74.0835,38.285,93.9012,87.57
2020/2021,Male,all,WAEC,lga,Warri North,South South,Delta,Warri North,,,3117,2309,2176,833,780,689,74.0776,38.2812,93.6375,88.3333
2020/2021,Male,all,WAEC,lga,Warri South,South South,Delta,Warri South,,,3244,2402,2283,873,819,707,74.0444,38.2392,93.8144,86.3248
2020/2021,Male,disabled,NABTEB,lga,Oshimili North,South South,Delta,Oshimili North,,,162,124,100,38,49,49,76.5432,38.0,128.9474,100.0
2020/2021,Male,disabled,NABTEB,lga,Oshimili South,South South,Delta,Oshimili South,,,165,126,104,40,42,45,76.3636,38.4615,105.0,107.1429
2020/2021,Male,disabled,NABTEB,lga,Uvwie,South South,Delta,Uvwie,,,174,132,108,42,49,49,75.8621,38.8889,116.6667,100.0
2020/2021,Male,disabled,NABTEB,lga,Warri North,South South,Delta,Warri North,,,177,134,108,42,63,66,75.7062,38.8889,150.0,104.7619
2020/2021,Male,disabled,NABTEB,lga,Warri South,South South,Delta,Warri South,,,175,134,108,41,49,54,76.5714,37.963,119.5122,110.2041
2020/2021,Male,disabled,NECO,lga,Oshimili North,South South,Delta,Oshimili North,,,254,173,165,63,66,67,68.1102,38.1818,104.7619,101.5152
2020/2021,Male,disabled,NECO,lga,Oshimili South,South South,Delta,Oshimili South,,,247,169,161,60,54,57,68.4211,37.2671,90.0,105.5556
2020/2021,Male,disabled,NECO,lga,Uvwie,South South,Delta,Uvwie,,,281,192,182,68,54,59,68.3274,37.3626,79.4118,109.2593
2020/2021,Male,disabled,NECO,lga,Warri North,South South,Delta,Warri North,,,299,205,190,72,72,77,68.5619,37.8947,100.0,106.9444
2020/2021,Male,disabled,NECO,lga,Warri South,South South,Delta,Warri South,,,285,193,193,73,72,81,67.7193,37.8238,98.6301,112.5
2020/2021,Male,disabled,WAEC,lga,Oshimili North,South South,Delta,Oshimili North,,,318,234,207,77,55,55,73.5849,37.1981,71.4286,100.0
2020/2021,Male,disabled,WAEC,lga,Oshimili South,South South,Delta,Oshimili South,,,346,256,223,83,62,69,73.9884,37.2197,74.6988,111.2903
2020/2021,Male,disabled,WAEC,lga,Uvwie,South South,Delta,Uvwie,,,370,274,249,93,72,76,74.0541,37.3494,77.4194,105.5556
2020/2021,Male,disabled,WAEC,lga,Warri North,South South,Delta,Warri North,,,355,263,234,88,78,87,74.0845,37.6068,88.6364,111.5385
2020/2021,Male,disabled,WAEC,lga,Warri South,South South,Delta,Warri South,,,371,273,239,90,61,68,73.5849,37.6569,67.7778,111.4754
2021/2022,Female,all,NABTEB,lga,Oshimili North,South South,Delta,Oshimili North,,,1348,1053,869,355,289,251,78.1157,40.8516,81.4085,86.8512
2021/2022,Female,all,NABTEB,lga,Oshimili South,South South,Delta,Oshimili South,,,1453,1136,960,393,332,300,78.1831,40.9375,84.4784,90.3614
2021/2022,Female,all,NABTEB,lga,Uvwie,South South,Delta,Uvwie,,,1478,1154,979,400,328,291,78.0785,40.858,82.0,88.7195
2021/2022,Female,all,NABTEB,lga,Warri North,South South,Delta,Warri North,,,1377,1075,929,381,314,292,78.0683,41.0118,82.4147,92.9936
2021/2022,Female,all,NABTEB,lga,Warri South,South South,Delta,Warri South,,,1333,1042,878,359,302,278,78.1695,40.8884,84.1226,92.053
2021/2022,Female,all,NECO,lga,Oshimili North,South South,Delta,Oshimili North,,,2403,1729,1560,647,536,501,71.9517,41.4744,82.8439,93.4701
2021/2022,Female,all,NECO,lga,Oshimili South,South South,Delta,Oshimili South,,,2525,1816,1678,693,576,530,71.9208,41.2992,83.1169,92.0139
2021/2022,Female,all,NECO,lga,Uvwie,South South,Delta,Uvwie,,,2794,2009,1815,752,600,548,71.9041,41.4325,79.7872,91.3333
2021/2022,Female,all,NECO,lga,Warri North,South South,Delta,Warri North,,,2602,1870,1749,725,572,512,71.8678,41.4523,78.8966,89.5105
2021/2022,Female,all,NECO,lga,Warri South,South South,Delta,Warri South,,,2476,1783,1650,681,582,537,72.0113,41.2727,85.4626,92.268
2021/2022,Female,all,WAEC,lga,Oshimili North,South South,Delta,Oshimili North,,,3301,2557,2185,902,803,705,77.4614,41.2815,89.0244,87.7958
2021/2022,Female,all,WAEC,lga,Oshimili South,South South,Delta,Oshimili South,,,3536,2738,2311,957,825,723,77.4321,41.4106,86.2069,87.6364
2021/2022,Female,all,WAEC,lga,Uvwie,South South,Delta,Uvwie,,,3532,2734,2331,962,832,731,77.4066,41.2698,86.4865,87.8606
2021/2022,Female,all,WAEC,lga,Warri North,South South,Delta,Warri North,,,3305,2557,2185,901,756,672,77.3676,41.2357,83.9068,88.8889
2021/2022,Female,all,WAEC,lga,Warri South,South South,Delta,Warri South,,,3319,2569,2208,913,818,709,77.4028,41.3496,89.5947,86.6748
2021/2022,Female,disabled,NABTEB,lga,Oshimili North,South South,Delta,Oshimili North,,,172,135,101,38,42,42,78.4884,37.6238,110.5263,100.0
2021/2022,Female,disabled,NABTEB,lga,Oshimili South,South South,Delta,Oshimili South,,,174,137,101,38,60,63,78.7356,37.6238,157.8947,105.0
2021/2022,Female,disabled,NABTEB,lga,Uvwie,South South,Delta,Uvwie,,,184,144,111,42,60,61,78.2609,37.8378,142.8571,101.6667
2021/2022,Female,disabled,NABTEB,lga,Warri North,South South,Delta,Warri North,,,186,146,115,46,66,74,78.4946,40.0,143.4783,112.1212
2021/2022,Female,disabled,NABTEB,lga,Warri South,South South,Delta,Warri South,,,179,141,101,38,60,67,78.7709,37.6238,157.8947,111.6667
2021/2022,Female,disabled,NECO,lga,Oshimili North,South South,Delta,Oshimili North,,,269,197,162,68,60,72,73.2342,41.9753,88.2353,120.0
2021/2022,Female,disabled,NECO,lga,Oshimili South,South South,Delta,Oshimili South,,,279,203,172,71,64,71,72.7599,41.2791,90.1408,110.9375
2021/2022,Female,disabled,NECO,lga,Uvwie,South South,Delta,Uvwie,,,312,226,189,79,60,72,72.4359,41.7989,75.9494,120.0
2021/2022,Female,disabled,NECO,lga,Warri North,South South,Delta,Warri North,,,291,212,184,77,63,72,72.8522,41.8478,81.8182,114.2857
2021/2022,Female,disabled,NECO,lga,Warri South,South South,Delta,Warri South,,,298,218,186,76,64,72,73.1544,40.8602,84.2105,112.5
2021/2022,Female,disabled,WAEC,lga,Oshimili North,South South,Delta,Oshimili North,,,341,266,214,87,75,75,78.0059,40.6542,86.2069,100.0
2021/2022,Female,disabled,WAEC,lga,Oshimili South,South South,Delta,Oshimili South,,,381,297,232,96,65,65,77.9528,41.3793,67.7083,100.0
2021/2022,Female,disabled,WAEC,lga,Uvwie,South South,Delta,Uvwie,,,380,295,236,95,70,70,77.6316,40.2542,73.6842,100.0
2021/2022,Female,disabled,WAEC,lga,Warri North,South South,Delta,Warri North,,,370,286,236,95,70,70,77.2973,40.2542,73.6842,100.0
2021/2022,Female,disabled,WAEC,lga,Warri South,South South,Delta,Warri South,,,386,301,242,99,80,80,77.9793,40.9091,80.8081,100.0
2021/2022,Male,all,NABTEB,lga,Oshimili North,South South,Delta,Oshimili North,,,1355,1055,943,387,332,312,77.8598,41.0392,85.7881,93.9759
2021/2022,Male,all,NABTEB,lga,Oshimili South,South South,Delta,Oshimili South,,,1504,1172,1037,429,347,312,77.9255,41.3693,80.8858,89.9135
2021/2022,Male,all,NABTEB,lga,Uvwie,South South,Delta,Uvwie,,,1512,1179,1054,430,347,304,77.9762,40.797,80.6977,87.6081
2021/2022,Male,all,NABTEB,lga,Warri North,South South,Delta,Warri North,,,1443,1125,1032,428,326,298,77.9626,41.4729,76.1682,91.411
2021/2022,Male,all,NABTEB,lga,Warri South,South South,Delta,Warri South,,,1399,1091,991,410,363,322,77.9843,41.3724,88.5366,88.7052
2021/2022,Male,all,NECO,lga,Oshimili North,South South,Delta,Oshimili North,,,2488,1788,1740,718,584,531,71.865,41.2644,81.337,90.9247
2021/2022,Male,all,NECO,lga,Oshimili South,South South,Delta,Oshimili South,,,2614,1877,1812,750,587,547,71.8057,41.3907,78.2667,93.1857
2021/2022,Male,all,NECO,lga,Uvwie,South South,Delta,Uvwie,,,2870,2063,2020,838,701,633,71.8815,41.4851,83.6516,90.2996
2021/2022,Male,all,NECO,lga,Warri North,South South,Delta,Warri North,,,2657,1910,1855,769,625,571,71.8856,41.4555,81.2744,91.36
2021/2022,Male,all,NECO,lga,Warri South,South South,Delta,Warri South,,,2583,1854,1836,759,644,598,71.777,41.3399,84.8485,92.8571
2021/2022,Male,all,WAEC,lga,Oshimili North,South South,Delta,Oshimili North,,,3303,2558,2311,955,854,743,77.4447,41.3241,89.4241,87.0023
2021/2022,Male,all,WAEC,lga,Oshimili South,South South,Delta,Oshimili South,,,3620,2802,2550,1055,906,797,77.4033,41.3725,85.8768,87.9691
2021/2022,Male,all,WAEC,lga,Uvwie,South South,Delta,Uvwie,,,3699,2865,2586,1071,915,811,77.4534,41.4153,85.4342,88.6339
2021/2022,Male,all,WAEC,lga,Warri North,South South,Delta,Warri North,,,3445,2668,2402,992,861,758,77.4456,41.2989,86.7944,88.0372
2021/2022,Male,all,WAEC,lga,Warri South,South South,Delta,Warri South,,,3472,2691,2448,1012,885,771,77.5058,41.3399,87.4506,87.1186
2021/2022,Male,disabled,NABTEB,lga,Oshimili North,South South,Delta,Oshimili North,,,174,136,101,38,49,56,78.1609,37.6238,128.9474,114.2857
2021/2022,Male,disabled,NABTEB,lga,Oshimili South,South South,Delta,Oshimili South,,,177,138,117,48,58,64,77.9661,41.0256,120.8333,110.3448
2021/2022,Male,disabled,NABTEB,lga,Uvwie,South South,Delta,Uvwie,,,192,150,115,44,42,48,78.125,38.2609,95.4545,114.2857
2021/2022,Male,disabled,NABTEB,lga,Warri North,South South,Delta,Warri North,,,188,147,123,52,43,48,78.1915,42.2764,82.6923,111.6279
2021/2022,Male,disabled,NABTEB,lga,Warri South,South South,Delta,Warri South,,,184,144,117,48,58,64,78.2609,41.0256,120.8333,110.3448
2021/2022,Male,disabled,NECO,lga,Oshimili North,South South,Delta,Oshimili North,,,262,189,175,71,66,66,72.1374,40.5714,92.9577,100.0
2021/2022,Male,disabled,NECO,lga,Oshimili South,South South,Delta,Oshimili South,,,285,206,185,76,72,75,72.2807,41.0811,94.7368,104.1667
2021/2022,Male,disabled,NECO,lga,Uvwie,South South,Delta,Uvwie,,,302,218,197,83,72,73,72.1854,42.132,86.747,101.3889
2021/2022,Male,disabled,NECO,lga,Warri North,South South,Delta,Warri North,,,302,218,201,85,72,83,72.1854,42.2886,84.7059,115.2778
2021/2022,Male,disabled,NECO,lga,Warri South,South South,Delta,Warri South,,,310,224,209,86,72,80,72.2581,41.1483,83.7209,111.1111
2021/2022,Male,disabled,WAEC,lga,Oshimili North,South South,Delta,Oshimili North,,,358,278,240,98,80,82,77.6536,40.8333,81.6327,102.5
2021/2022,Male,disabled,WAEC,lga,Oshimili South,South South,Delta,Oshimili South,,,374,290,244,100,72,77,77.5401,40.9836,72.0,106.9444
2021/2022,Male,disabled,WAEC,lga,Uvwie,South South,Delta,Uvwie,,,395,306,264,108,76,81,77.4684,40.9091,70.3704,106.5789
2021/2022,Male,disabled,WAEC,lga,Warri North,South South,Delta,Warri North,,,383,297,250,102,87,87,77.5457,40.8,85.2941,100.0
2021/2022,Male,disabled,WAEC,lga,Warri South,South South,Delta,Warri South,,,398,310,263,107,85,87,77.8894,40.6844,79.4393,102.3529
2022/2023,Female,all,NABTEB,lga,Oshimili North,South South,Delta,Oshimili North,,,1206,918,780,302,276,241,76.1194,38.7179,91.3907,87.3188
2022/2023,Female,all,NABTEB,lga,Oshimili South,South South,Delta,Oshimili South,,,1318,1005,838,327,273,239,76.2519,39.0215,83.4862,87.5458
2022/2023,Female,all,NABTEB,lga,Uvwie,South South,Delta,Uvwie,,,1326,1009,869,336,297,260,76.0935,38.6651,88.3929,87.5421
2022/2023,Female,all,NABTEB,lga,Warri North,South South,Delta,Warri North,,,1241,944,800,311,267,244,76.0677,38.875,85.8521,91.3858
2022/2023,Female,all,NABTEB,lga,Warri South,South South,Delta,Warri South,,,1221,929,798,311,279,264,76.0852,38.9724,89.7106,94.6237
2022/2023,Female,all,NECO,lga,Oshimili North,South South,Delta,Oshimili North,,,2222,1512,1436,555,482,452,68.0468,38.649,86.8468,93.7759
2022/2023,Female,all,NECO,lga,Oshimili South,South South,Delta,Oshimili South,,,2426,1649,1559,599,519,470,67.972,38.4221,86.6444,90.5588
2022/2023,Female,all,NECO,lga,Uvwie,South South,Delta,Uvwie,,,2406,1638,1561,601,542,494,68.0798,38.501,90.183,91.1439
2022/2023,Female,all,NECO,lga,Warri North,South South,Delta,Warri North,,,2311,1574,1504,581,526,474,68.109,38.6303,90.5336,90.1141
2022/2023,Female,all,NECO,lga,Warri South,South South,Delta,Warri South,,,2262,1540,1465,564,495,445,68.0813,38.4983,87.766,89.899
2022/2023,Female,all,WAEC,lga,Oshimili North,South South,Delta,Oshimili North,,,2889,2122,1870,723,693,607,73.451,38.6631,95.8506,87.5902
2022/2023,Female,all,WAEC,lga,Oshimili South,South South,Delta,Oshimili South,,,3061,2247,1976,767,702,606,73.4074,38.8158,91.5254,86.3248
2022/2023,Female,all,WAEC,lga,Uvwie,South South,Delta,Uvwie,,,3236,2374,2078,806,755,662,73.3622,38.7873,93.6725,87.6821
2022/2023,Female,all,WAEC,lga,Warri North,South South,Delta,Warri North,,,3207,2355,2088,808,747,645,73.4331,38.6973,92.4505,86.3454
2022/2023,Female,all,WAEC,lga,Warri South,South South,Delta,Warri South,,,2889,2121,1878,727,675,593,73.4164,38.7114,92.8473,87.8519
2022/2023,Female,disabled,NABTEB,lga,Oshimili North,South South,Delta,Oshimili North,,,162,124,92,38,55,55,76.5432,41.3043,144.7368,100.0
2022/2023,Female,disabled,NABTEB,lga,Oshimili South,South South,Delta,Oshimili South,,,165,126,92,38,50,50,76.3636,41.3043,131.5789,100.0
2022/2023,Female,disabled,NABTEB,lga,Uvwie,South South,Delta,Uvwie,,,170,130,99,40,55,55,76.4706,40.404,137.5,100.0
2022/2023,Female,disabled,NABTEB,lga,Warri North,South South,Delta,Warri North,,,174,133,96,39,50,54,76.4368,40.625,128.2051,108.0
2022/2023,Female,disabled,NABTEB,lga,Warri South,South South,Delta,Warri South,,,163,124,92,38,55,58,76.0736,41.3043,144.7368,105.4545
2022/2023,Female,disabled,NECO,lga,Oshimili North,South South,Delta,Oshimili North,,,238,164,145,53,49,60,68.9076,36.5517,92.4528,122.449
2022/2023,Female,disabled,NECO,lga,Oshimili South,South South,Delta,Oshimili South,,,265,181,156,58,55,55,68.3019,37.1795,94.8276,100.0
2022/2023,Female,disabled,NECO,lga,Uvwie,South South,Delta,Uvwie,,,244,168,148,55,55,60,68.8525,37.1622,100.0,109.0909
2022/2023,Female,disabled,NECO,lga,Warri North,South South,Delta,Warri North,,,261,181,157,58,64,65,69.3487,36.9427,110.3448,101.5625
2022/2023,Female,disabled,NECO,lga,Warri South,South South,Delta,Warri South,,,264,181,162,61,48,50,68.5606,37.6543,78.6885,104.1667
2022/2023,Female,disabled,WAEC,lga,Oshimili North,South South,Delta,Oshimili North,,,304,225,190,74,68,69,74.0132,38.9474,91.8919,101.4706
2022/2023,Female,disabled,WAEC,lga,Oshimili South,South South,Delta,Oshimili South,,,336,247,206,81,63,65,73.5119,39.3204,77.7778,103.1746
2022/2023,Female,disabled,WAEC,lga,Uvwie,South South,Delta,Uvwie,,,335,246,199,79,63,63,73.4328,39.6985,79.7468,100.0
2022/2023,Female,disabled,WAEC,lga,Warri North,South South,Delta,Warri North,,,358,263,215,83,63,64,73.4637,38.6047,75.9036,101.5873
2022/2023,Female,disabled,WAEC,lga,Warri South,South South,Delta,Warri South,,,346,255,209,82,63,64,73.6994,39.2344,76.8293,101.5873
2022/2023,Male,all,NABTEB,lga,Oshimili North,South South,Delta,Oshimili North,,,1249,949,870,337,288,253,75.9808,38.7356,85.4599,87.8472
2022/2023,Male,all,NABTEB,lga,Oshimili South,South South,Delta,Oshimili South,,,1369,1041,912,354,307,272,76.0409,38.8158,86.7232,88.5993
2022/2023,Male,all,NABTEB,lga,Uvwie,South South,Delta,Uvwie,,,1396,1060,949,368,331,294,75.9312,38.7777,89.9457,88.8218
2022/2023,Male,all,NABTEB,lga,Warri North,South South,Delta,Warri North,,,1296,984,894,345,300,275,75.9259,38.5906,86.9565,91.6667
2022/2023,Male,all,NABTEB,lga,Warri South,South South,Delta,Warri South,,,1287,979,909,350,319,291,76.0684,38.5039,91.1429,91.2226
2022/2023,Male,all,NECO,lga,Oshimili North,South South,Delta,Oshimili North,,,2298,1566,1561,605,496,455,68.1462,38.7572,81.9835,91.7339
2022/2023,Male,all,NECO,lga,Oshimili South,South South,Delta,Oshimili South,,,2514,1711,1732,670,590,537,68.0589,38.6836,88.0597,91.0169
2022/2023,Male,all,NECO,lga,Uvwie,South South,Delta,Uvwie,,,2544,1731,1754,679,605,543,68.0425,38.7115,89.1016,89.7521
2022/2023,Male,all,NECO,lga,Warri North,South South,Delta,Warri North,,,2407,1638,1663,645,587,541,68.0515,38.7853,91.0078,92.1635
2022/2023,Male,all,NECO,lga,Warri South,South South,Delta,Warri South,,,2390,1628,1642,635,567,514,68.1172,38.6724,89.2913,90.6526
2022/2023,Male,all,WAEC,lga,Oshimili North,South South,Delta,Oshimili North,,,2955,2166,1989,768,711,622,73.2995,38.6124,92.5781,87.4824
2022/2023,Male,all,WAEC,lga,Oshimili South,South South,Delta,Oshimili South,,,3207,2351,2190,846,804,701,73.3084,38.6301,95.0355,87.1891
2022/2023,Male,all,WAEC,lga,Uvwie,South South,Delta,Uvwie,,,3405,2499,2359,914,869,749,73.3921,38.7452,95.0766,86.191
2022/2023,Male,all,WAEC,lga,Warri North,South South,Delta,Warri North,,,3305,2424,2291,887,809,711,73.3434,38.7167,91.2063,87.8863
2022/2023,Male,all,WAEC,lga,Warri South,South South,Delta,Warri South,,,3101,2273,2148,831,771,672,73.2989,38.6872,92.7798,87.1595
2022/2023,Male,disabled,NABTEB,lga,Oshimili North,South South,Delta,Oshimili North,,,160,120,101,40,42,42,75.0,39.604,105.0,100.0
2022/2023,Male,disabled,NABTEB,lga,Oshimili South,South South,Delta,Oshimili South,,,159,119,94,38,42,42,74.8428,40.4255,110.5263,100.0
2022/2023,Male,disabled,NABTEB,lga,Uvwie,South South,Delta,Uvwie,,,168,126,103,41,54,57,75.0,39.8058,131.7073,105.5556
2022/2023,Male,disabled,NABTEB,lga,Warri North,South South,Delta,Warri North,,,171,128,107,41,66,69,74.8538,38.3178,160.9756,104.5455
2022/2023,Male,disabled,NABTEB,lga,Warri South,South South,Delta,Warri South,,,168,126,110,42,60,66,75.0,38.1818,142.8571,110.0
2022/2023,Male,disabled,NECO,lga,Oshimili North,South South,Delta,Oshimili North,,,250,173,167,65,55,55,69.2,38.9222,84.6154,100.0
2022/2023,Male,disabled,NECO,lga,Oshimili South,South South,Delta,Oshimili South,,,264,181,165,65,60,72,68.5606,39.3939,92.3077,120.0
2022/2023,Male,disabled,NECO,lga,Uvwie,South South,Delta,Uvwie,,,258,176,166,66,60,60,68.2171,39.759,90.9091,100.0
2022/2023,Male,disabled,NECO,lga,Warri North,South South,Delta,Warri North,,,278,190,174,68,60,70,68.3453,39.0805,88.2353,116.6667
2022/2023,Male,disabled,NECO,lga,Warri South,South South,Delta,Warri South,,,277,191,184,72,60,65,68.9531,39.1304,83.3333,108.3333
2022/2023,Male,disabled,WAEC,lga,Oshimili North,South South,Delta,Oshimili North,,,307,224,192,73,60,60,72.9642,38.0208,82.1918,100.0
2022/2023,Male,disabled,WAEC,lga,Oshimili South,South South,Delta,Oshimili South,,,330,241,210,81,68,68,73.0303,38.5714,83.9506,100.0
2022/2023,Male,disabled,WAEC,lga,Uvwie,South South,Delta,Uvwie,,,352,258,225,89,72,72,73.2955,39.5556,80.8989,100.0
2022/2023,Male,disabled,WAEC,lga,Warri North,South South,Delta,Warri North,,,376,276,240,93,72,72,73.4043,38.75,77.4194,100.0
2022/2023,Male,disabled,WAEC,lga,Warri South,South South,Delta,Warri South,,,372,270,240,92,72,72,72.5806,38.3333,78.2609,100.0
2023/2024,Female,all,NABTEB,lga,Oshimili North,South South,Delta,Oshimili North,,,1386,1120,942,400,324,276,80.8081,42.4628,81.0,85.1852
2023/2024,Female,all,NABTEB,lga,Oshimili South,South South,Delta,Oshimili South,,,1450,1172,976,420,342,314,80.8276,43.0328,81.4286,91.8129
2023/2024,Female,all,NABTEB,lga,Uvwie,South South,Delta,Uvwie,,,1551,1257,1048,446,353,321,81.0445,42.5573,79.148,90.9348
2023/2024,Female,all,NABTEB,lga,Warri North,South South,Delta,Warri North,,,1408,1138,959,411,330,305,80.8239,42.8571,80.292,92.4242
2023/2024,Female,all,NABTEB,lga,Warri South,South South,Delta,Warri South,,,1461,1182,976,417,342,309,80.9035,42.7254,82.0144,90.3509
2023/2024,Female,all,NECO,lga,Oshimili North,South South,Delta,Oshimili North,,,2516,1857,1705,727,590,547,73.8076,42.6393,81.1554,92.7119
2023/2024,Female,all,NECO,lga,Oshimili South,South South,Delta,Oshimili South,,,2694,1987,1801,767,619,563,73.7565,42.5875,80.704,90.9532
2023/2024,Female,all,NECO,lga,Uvwie,South South,Delta,Uvwie,,,2758,2033,1854,791,621,577,73.7128,42.6645,78.5082,92.9147
2023/2024,Female,all,NECO,lga,Warri North,South South,Delta,Warri North,,,2657,1958,1801,769,631,576,73.6921,42.6985,82.0546,91.2837
2023/2024,Female,all,NECO,lga,Warri South,South South,Delta,Warri South,,,2588,1909,1764,752,619,560,73.7635,42.6304,82.3138,90.4685
2023/2024,Female,all,WAEC,lga,Oshimili North,South South,Delta,Oshimili North,,,3447,2722,2299,981,824,723,78.9672,42.6707,83.9959,87.7427
2023/2024,Female,all,WAEC,lga,Oshimili South,South South,Delta,Oshimili South,,,3659,2887,2434,1037,899,794,78.9013,42.6048,86.6924,88.3204
2023/2024,Female,all,WAEC,lga,Uvwie,South South,Delta,Uvwie,,,3748,2958,2574,1099,934,813,78.9221,42.6962,84.9864,87.045
2023/2024,Female,all,WAEC,lga,Warri North,South South,Delta,Warri North,,,3391,2676,2300,979,858,754,78.9148,42.5652,87.6404,87.8788
2023/2024,Female,all,WAEC,lga,Warri South,South South,Delta,Warri South,,,3474,2742,2362,1008,864,757,78.9292,42.6757,85.7143,87.6157
2023/2024,Female,disabled,NABTEB,lga,Oshimili North,South South,Delta,Oshimili North,,,186,150,108,44,60,60,80.6452,40.7407,136.3636,100.0
2023/2024,Female,disabled,NABTEB,lga,Oshimili South,South South,Delta,Oshimili South,,,183,147,112,50,72,79,80.3279,44.6429,144.0,109.7222
2023/2024,Female,disabled,NABTEB,lga,Uvwie,South South,Delta,Uvwie,,,200,162,120,49,72,72,81.0,40.8333,146.9388,100.0
2023/2024,Female,disabled,NABTEB,lga,Warri North,South South,Delta,Warri North,,,197,159,119,53,72,76,80.7107,44.5378,135.8491,105.5556
2023/2024,Female,disabled,NABTEB,lga,Warri South,South South,Delta,Warri South,,,190,153,111,47,66,68,80.5263,42.3423,140.4255,103.0303
2023/2024,Female,disabled,NECO,lga,Oshimili North,South South,Delta,Oshimili North,,,276,204,178,75,60,72,73.913,42.1348,80.0,120.0
2023/2024,Female,disabled,NECO,lga,Oshimili South,South South,Delta,Oshimili South,,,295,218,187,78,63,72,73.8983,41.7112,80.7692,114.2857
2023/2024,Female,disabled,NECO,lga,Uvwie,South South,Delta,Uvwie,,,290,214,186,79,60,72,73.7931,42.4731,75.9494,120.0
2023/2024,Female,disabled,NECO,lga,Warri North,South South,Delta,Warri North,,,293,216,181,77,69,72,73.7201,42.5414,89.6104,104.3478
2023/2024,Female,disabled,NECO,lga,Warri South,South South,Delta,Warri South,,,303,224,195,82,64,72,73.9274,42.0513,78.0488,112.5
2023/2024,Female,disabled,WAEC,lga,Oshimili North,South South,Delta,Oshimili North,,,347,273,229,97,70,70,78.6744,42.3581,72.1649,100.0
2023/2024,Female,disabled,WAEC,lga,Oshimili South,South South,Delta,Oshimili South,,,379,297,242,102,75,75,78.3641,42.1488,73.5294,100.0
2023/2024,Female,disabled,WAEC,lga,Uvwie,South South,Delta,Uvwie,,,401,315,249,105,75,75,78.5536,42.1687,71.4286,100.0
2023/2024,Female,disabled,WAEC,lga,Warri North,South South,Delta,Warri North,,,386,304,247,103,80,80,78.7565,41.7004,77.6699,100.0
2023/2024,Female,disabled,WAEC,lga,Warri South,South South,Delta,Warri South,,,405,319,265,113,75,75,78.7654,42.6415,66.3717,100.0
2023/2024,Male,all,NABTEB,lga,Oshimili North,South South,Delta,Oshimili North,,,1368,1104,991,428,330,299,80.7018,43.1887,77.1028,90.6061
2023/2024,Male,all,NABTEB,lga,Oshimili South,South South,Delta,Oshimili South,,,1453,1173,1040,446,386,359,80.7295,42.8846,86.5471,93.0052
2023/2024,Male,all,NABTEB,lga,Uvwie,South South,Delta,Uvwie,,,1593,1285,1141,490,382,335,80.6654,42.9448,77.9592,87.6963
2023/2024,Male,all,NABTEB,lga,Warri North,South South,Delta,Warri North,,,1450,1170,1029,441,358,330,80.6897,42.8571,81.1791,92.1788
2023/2024,Male,all,NABTEB,lga,Warri South,South South,Delta,Warri South,,,1461,1180,1053,453,357,313,80.7666,43.0199,78.8079,87.6751
2023/2024,Male,all,NECO,lga,Oshimili North,South South,Delta,Oshimili North,,,2473,1819,1755,748,620,578,73.5544,42.6211,82.8877,93.2258
2023/2024,Male,all,NECO,lga,Oshimili South,South South,Delta,Oshimili South,,,2749,2022,1984,844,662,590,73.554,42.5403,78.436,89.1239
2023/2024,Male,all,NECO,lga,Uvwie,South South,Delta,Uvwie,,,2689,1978,1958,836,702,642,73.5589,42.6966,83.9713,91.453
2023/2024,Male,all,NECO,lga,Warri North,South South,Delta,Warri North,,,2771,2038,1961,836,650,596,73.5475,42.6313,77.7512,91.6923
2023/2024,Male,all,NECO,lga,Warri South,South South,Delta,Warri South,,,2658,1955,1910,815,668,620,73.5515,42.6702,81.9632,92.8144
2023/2024,Male,all,WAEC,lga,Oshimili North,South South,Delta,Oshimili North,,,3313,2616,2354,1007,854,747,78.9617,42.7782,84.8064,87.4707
2023/2024,Male,all,WAEC,lga,Oshimili South,South South,Delta,Oshimili South,,,3561,2811,2548,1088,904,798,78.9385,42.7002,83.0882,88.2743
2023/2024,Male,all,WAEC,lga,Uvwie,South South,Delta,Uvwie,,,3806,3002,2728,1167,1028,900,78.8755,42.7786,88.0891,87.5486
2023/2024,Male,all,WAEC,lga,Warri North,South South,Delta,Warri North,,,3592,2836,2563,1097,928,820,78.9532,42.8014,84.5943,88.3621
2023/2024,Male,all,WAEC,lga,Warri South,South South,Delta,Warri South,,,3618,2857,2639,1130,981,853,78.9663,42.8192,86.8142,86.9521
2023/2024,Male,disabled,NABTEB,lga,Oshimili North,South South,Delta,Oshimili North,,,174,138,112,50,56,56,79.3103,44.6429,112.0,100.0
2023/2024,Male,disabled,NABTEB,lga,Oshimili South,South South,Delta,Oshimili South,,,174,138,113,49,77,79,79.3103,43.3628,157.1429,102.5974
2023/2024,Male,disabled,NABTEB,lga,Uvwie,South South,Delta,Uvwie,,,195,154,122,53,56,56,78.9744,43.4426,105.6604,100.0
2023/2024,Male,disabled,NABTEB,lga,Warri North,South South,Delta,Warri North,,,189,150,115,49,77,79,79.3651,42.6087,157.1429,102.5974
2023/2024,Male,disabled,NABTEB,lga,Warri South,South South,Delta,Warri South,,,190,152,128,57,63,63,80.0,44.5312,110.5263,100.0
2023/2024,Male,disabled,NECO,lga,Oshimili North,South South,Delta,Oshimili North,,,263,190,179,75,71,72,72.2433,41.8994,94.6667,101.4085
2023/2024,Male,disabled,NECO,lga,Oshimili South,South South,Delta,Oshimili South,,,279,202,184,76,72,72,72.4014,41.3043,94.7368,100.0
2023/2024,Male,disabled,NECO,lga,Uvwie,South South,Delta,Uvwie,,,278,201,194,83,72,72,72.3022,42.7835,86.747,100.0
2023/2024,Male,disabled,NECO,lga,Warri North,South South,Delta,Warri North,,,311,225,209,89,72,77,72.3473,42.5837,80.8989,106.9444
2023/2024,Male,disabled,NECO,lga,Warri South,South South,Delta,Warri South,,,313,227,207,87,72,76,72.524,42.029,82.7586,105.5556
2023/2024,Male,disabled,WAEC,lga,Oshimili North,South South,Delta,Oshimili North,,,353,279,239,103,75,82,79.0368,43.0962,72.8155,109.3333
2023/2024,Male,disabled,WAEC,lga,Oshimili South,South South,Delta,Oshimili South,,,379,299,251,107,76,82,78.8918,42.6295,71.028,107.8947
2023/2024,Male,disabled,WAEC,lga,Uvwie,South South,Delta,Uvwie,,,398,312,269,117,84,87,78.392,43.4944,71.7949,103.5714
2023/2024,Male,disabled,WAEC,lga,Warri North,South South,Delta,Warri North,,,400,315,271,117,90,92,78.75,43.1734,76.9231,102.2222
2023/2024,Male,disabled,WAEC,lga,Warri South,South South,Delta,Warri South,,,427,338,296,128,81,87,79.1569,43.2432,63.2812,107.4074
2024/2025,Female,all,NABTEB,lga,Oshimili North,South South,Delta,Oshimili North,,,1331,1045,916,374,300,267,78.5124,40.8297,80.2139,89.0
2024/2025,Female,all,NABTEB,lga,Oshimili South,South South,Delta,Oshimili South,,,1369,1079,953,390,325,281,78.8167,40.9234,83.3333,86.4615
2024/2025,Female,all,NABTEB,lga,Uvwie,South South,Delta,Uvwie,,,1408,1108,994,408,330,302,78.6932,41.0463,80.8824,91.5152
2024/2025,Female,all,NABTEB,lga,Warri North,South South,Delta,Warri North,,,1281,1010,891,363,324,287,78.8447,40.7407,89.2562,88.5802
2024/2025,Female,all,NABTEB,lga,Warri South,South South,Delta,Warri South,,,1262,996,902,368,309,293,78.9223,40.7982,83.9674,94.822
2024/2025,Female,all,NECO,lga,Oshimili North,South South,Delta,Oshimili North,,,2305,1641,1621,671,548,494,71.1931,41.3942,81.6692,90.146
2024/2025,Female,all,NECO,lga,Oshimili South,South South,Delta,Oshimili South,,,2483,1768,1757,727,597,558,71.2042,41.3773,82.1183,93.4673
2024/2025,Female,all,NECO,lga,Uvwie,South South,Delta,Uvwie,,,2660,1894,1845,761,637,586,71.203,41.2466,83.7057,91.9937
2024/2025,Female,all,NECO,lga,Warri North,South South,Delta,Warri North,,,2295,1634,1585,657,528,472,71.1983,41.4511,80.3653,89.3939
2024/2025,Female,all,NECO,lga,Warri South,South South,Delta,Warri South,,,2300,1637,1623,671,566,521,71.1739,41.3432,84.3517,92.0495
2024/2025,Female,all,WAEC,lga,Oshimili North,South South,Delta,Oshimili North,,,3044,2347,2133,876,765,658,77.1025,41.0689,87.3288,86.0131
2024/2025,Female,all,WAEC,lga,Oshimili South,South South,Delta,Oshimili South,,,3415,2637,2391,981,879,774,77.2182,41.0289,89.6024,88.0546
2024/2025,Female,all,WAEC,lga,Uvwie,South South,Delta,Uvwie,,,3358,2591,2349,965,876,768,77.159,41.0813,90.7772,87.6712
2024/2025,Female,all,WAEC,lga,Warri North,South South,Delta,Warri North,,,3237,2496,2274,935,786,691,77.1084,41.117,84.0642,87.9135
2024/2025,Female,all,WAEC,lga,Warri South,South South,Delta,Warri South,,,3260,2514,2274,935,824,726,77.1166,41.117,88.1283,88.1068
2024/2025,Female,disabled,NABTEB,lga,Oshimili North,South South,Delta,Oshimili North,,,170,131,104,40,65,64,77.0588,38.4615,162.5,98.4615
2024/2025,Female,disabled,NABTEB,lga,Oshimili South,South South,Delta,Oshimili South,,,167,130,100,38,72,72,77.8443,38.0,189.4737,100.0
2024/2025,Female,disabled,NABTEB,lga,Uvwie,South South,Delta,Uvwie,,,177,138,112,44,57,65,77.9661,39.2857,129.5455,114.0351
2024/2025,Female,disabled,NABTEB,lga,Warri North,South South,Delta,Warri North,,,181,142,108,42,69,72,78.453,38.8889,164.2857,104.3478
2024/2025,Female,disabled,NABTEB,lga,Warri South,South South,Delta,Warri South,,,171,134,100,38,65,72,78.3626,38.0,171.0526,110.7692
2024/2025,Female,disabled,NECO,lga,Oshimili North,South South,Delta,Oshimili North,,,254,181,165,70,60,60,71.2598,42.4242,85.7143,100.0
2024/2025,Female,disabled,NECO,lga,Oshimili South,South South,Delta,Oshimili South,,,257,183,175,75,65,66,71.2062,42.8571,86.6667,101.5385
2024/2025,Female,disabled,NECO,lga,Uvwie,South South,Delta,Uvwie,,,267,190,179,77,60,60,71.161,43.0168,77.9221,100.0
2024/2025,Female,disabled,NECO,lga,Warri North,South South,Delta,Warri North,,,270,192,179,77,60,60,71.1111,43.0168,77.9221,100.0
2024/2025,Female,disabled,NECO,lga,Warri South,South South,Delta,Warri South,,,263,187,172,74,60,60,71.1027,43.0233,81.0811,100.0
2024/2025,Female,disabled,WAEC,lga,Oshimili North,South South,Delta,Oshimili North,,,326,252,214,87,72,72,77.3006,40.6542,82.7586,100.0
2024/2025,Female,disabled,WAEC,lga,Oshimili South,South South,Delta,Oshimili South,,,362,282,241,97,72,72,77.9006,40.249,74.2268,100.0
2024/2025,Female,disabled,WAEC,lga,Uvwie,South South,Delta,Uvwie,,,354,274,238,95,70,72,77.4011,39.916,73.6842,102.8571
2024/2025,Female,disabled,WAEC,lga,Warri North,South South,Delta,Warri North,,,361,280,242,98,76,76,77.5623,40.4959,77.551,100.0
2024/2025,Female,disabled,WAEC,lga,Warri South,South South,Delta,Warri South,,,386,299,249,101,79,80,77.4611,40.5622,78.2178,101.2658
2024/2025,Male,all,NABTEB,lga,Oshimili North,South South,Delta,Oshimili North,,,1332,1047,977,398,318,284,78.6036,40.7369,79.8995,89.3082
2024/2025,Male,all,NABTEB,lga,Oshimili South,South South,Delta,Oshimili South,,,1416,1114,1052,431,339,300,78.6723,40.9696,78.6543,88.4956
2024/2025,Male,all,NABTEB,lga,Uvwie,South South,Delta,Uvwie,,,1456,1144,1095,450,381,346,78.5714,41.0959,84.6667,90.8136
2024/2025,Male,all,NABTEB,lga,Warri North,South South,Delta,Warri North,,,1354,1064,990,406,350,321,78.582,41.0101,86.2069,91.7143
2024/2025,Male,all,NABTEB,lga,Warri South,South South,Delta,Warri South,,,1349,1062,1021,419,363,326,78.725,41.0382,86.6348,89.8072
2024/2025,Male,all,NECO,lga,Oshimili North,South South,Delta,Oshimili North,,,2378,1690,1774,732,593,539,71.0681,41.2627,81.0109,90.8938
2024/2025,Male,all,NECO,lga,Oshimili South,South South,Delta,Oshimili South,,,2550,1815,1890,780,632,579,71.1765,41.2698,81.0256,91.6139
2024/2025,Male,all,NECO,lga,Uvwie,South South,Delta,Uvwie,,,2695,1920,2018,833,691,642,71.243,41.2785,82.9532,92.9088
2024/2025,Male,all,NECO,lga,Warri North,South South,Delta,Warri North,,,2433,1733,1801,744,613,555,71.2289,41.3104,82.3925,90.5383
2024/2025,Male,all,NECO,lga,Warri South,South South,Delta,Warri South,,,2450,1744,1814,748,642,586,71.1837,41.2348,85.8289,91.2773
2024/2025,Male,all,WAEC,lga,Oshimili North,South South,Delta,Oshimili North,,,3171,2444,2375,980,867,760,77.0735,41.2632,88.4694,87.6586
2024/2025,Male,all,WAEC,lga,Oshimili South,South South,Delta,Oshimili South,,,3512,2710,2603,1072,915,797,77.164,41.1833,85.3545,87.1038
2024/2025,Male,all,WAEC,lga,Uvwie,South South,Delta,Uvwie,,,3479,2684,2579,1063,946,831,77.1486,41.2175,88.9934,87.8436
2024/2025,Male,all,WAEC,lga,Warri North,South South,Delta,Warri North,,,3381,2609,2511,1033,921,812,77.1665,41.139,89.1578,88.165
2024/2025,Male,all,WAEC,lga,Warri South,South South,Delta,Warri South,,,3398,2622,2526,1043,905,788,77.163,41.2906,86.7689,87.0718
2024/2025,Male,disabled,NABTEB,lga,Oshimili North,South South,Delta,Oshimili North,,,162,126,106,40,42,49,77.7778,37.7358,105.0,116.6667
2024/2025,Male,disabled,NABTEB,lga,Oshimili South,South South,Delta,Oshimili South,,,165,128,110,42,56,63,77.5758,38.1818,133.3333,112.5
2024/2025,Male,disabled,NABTEB,lga,Uvwie,South South,Delta,Uvwie,,,175,136,115,44,54,63,77.7143,38.2609,122.7273,116.6667
2024/2025,Male,disabled,NABTEB,lga,Warri North,South South,Delta,Warri North,,,182,141,115,44,72,77,77.4725,38.2609,163.6364,106.9444
2024/2025,Male,disabled,NABTEB,lga,Warri South,South South,Delta,Warri South,,,175,137,120,46,63,70,78.2857,38.3333,136.9565,111.1111
2024/2025,Male,disabled,NECO,lga,Oshimili North,South South,Delta,Oshimili North,,,256,179,182,76,55,66,69.9219,41.7582,72.3684,120.0
2024/2025,Male,disabled,NECO,lga,Oshimili South,South South,Delta,Oshimili South,,,263,184,178,75,62,72,69.962,42.1348,82.6667,116.129
2024/2025,Male,disabled,NECO,lga,Uvwie,South South,Delta,Uvwie,,,281,198,202,84,66,77,70.4626,41.5842,78.5714,116.6667
2024/2025,Male,disabled,NECO,lga,Warri North,South South,Delta,Warri North,,,273,192,201,85,65,66,70.3297,42.2886,76.4706,101.5385
2024/2025,Male,disabled,NECO,lga,Warri South,South South,Delta,Warri South,,,281,198,192,80,68,72,70.4626,41.6667,85.0,105.8824
2024/2025,Male,disabled,WAEC,lga,Oshimili North,South South,Delta,Oshimili North,,,344,266,238,100,75,77,77.3256,42.0168,75.0,102.6667
2024/2025,Male,disabled,WAEC,lga,Oshimili South,South South,Delta,Oshimili South,,,360,279,248,104,66,66,77.5,41.9355,63.4615,100.0
2024/2025,Male,disabled,WAEC,lga,Uvwie,South South,Delta,Uvwie,,,363,282,255,107,80,84,77.686,41.9608,74.7664,105.0
2024/2025,Male,disabled,WAEC,lga,Warri North,South South,Delta,Warri North,,,382,296,261,109,87,90,77.4869,41.7625,79.8165,103.4483
2024/2025,Male,disabled,WAEC,lga,Warri South,South South,Delta,Warri South,,,395,307,279,117,76,77,77.7215,41.9355,64.9573,101.3158
