session,gender,disability_scope,exam_body,institution_type,loc_level,loc_label,zone,state,lga,ward,school,ss3_total,o_level_candidates,utme_participants,admitted_students,matriculated_students,delayed_transition_students,loss_ss3_to_olevel,loss_olevel_to_utme,loss_utme_to_admitted,loss_admitted_to_matriculated
2019/2020,Female,all,NABTEB,College of Education,lga,Alkaleri,North East,Bauchi,Alkaleri,,,1115,1074,914,575,502,246,41,192,339,73
2019/2020,Female,all,NABTEB,College of Education,lga,Bauchi,North East,Bauchi,Bauchi,,,824,814,491,182,165,15,10,323,309,17
2019/2020,Female,all,NABTEB,College of Education,lga,Toro,North East,Bauchi,Toro,,,54,53,31,9,9,0,1,22,22,0
2019/2020,Female,all,NABTEB,College of Education,lga,Warji,North East,Bauchi,Warji,,,329,323,197,79,75,4,6,126,118,4
2019/2020,Female,all,NABTEB,College of Education,lga,Zaki,North East,Bauchi,Zaki,,,455,449,265,93,85,7,6,184,172,8
2019/2020,Female,all,NABTEB,Polytechnic,lga,Alkaleri,North East,Bauchi,Alkaleri,,,164,160,96,40,40,0,4,64,56,0
2019/2020,Female,all,NABTEB,Polytechnic,lga,Bauchi,North East,Bauchi,Bauchi,,,520,515,310,126,116,10,5,205,184,13
2019/2020,Female,all,NABTEB,Polytechnic,lga,Warji,North East,Bauchi,Warji,,,164,160,96,40,40,0,4,64,56,0
2019/2020,Female,all,NABTEB,Polytechnic,lga,Zaki,North East,Bauchi,Zaki,,,269,266,159,66,58,7,3,107,93,9
2019/2020,Female,all,NABTEB,University,lga,Alkaleri,North East,Bauchi,Alkaleri,,,367,361,217,74,71,4,6,144,143,4
2019/2020,Female,all,NABTEB,University,lga,Bauchi,North East,Bauchi,Bauchi,,,759,748,463,190,163,24,11,285,273,28
2019/2020,Female,all,NABTEB,University,lga,Toro,North East,Bauchi,Toro,,,70,69,39,13,13,0,1,30,26,0
2019/2020,Female,all,NABTEB,University,lga,Warji,North East,Bauchi,Warji,,,149,146,89,35,35,0,3,57,54,0
2019/2020,Female,all,NABTEB,University,lga,Zaki,North East,Bauchi,Zaki,,,374,369,234,88,77,10,5,135,146,12
2019/2020,Female,all,NECO,College of Education,lga,Alkaleri,North East,Bauchi,Alkaleri,,,1027,1013,619,220,200,14,14,394,399,20
2019/2020,Female,all,NECO,College of Education,lga,Bauchi,North East,Bauchi,Bauchi,,,1573,1553,926,304,279,19,20,627,622,26
2019/2020,Female,all,NECO,College of Education,lga,Toro,North East,Bauchi,Toro,,,105,104,61,17,15,1,1,43,44,2
2019/2020,Female,all,NECO,College of Education,lga,Warji,North East,Bauchi,Warji,,,613,605,377,142,128,11,8,228,235,14
2019/2020,Female,all,NECO,College of Education,lga,Zaki,North East,Bauchi,Zaki,,,861,848,506,182,167,10,13,342,324,15
2019/2020,Female,all,NECO,Polytechnic,lga,Alkaleri,North East,Bauchi,Alkaleri,,,319,315,186,64,56,5,4,129,122,8
2019/2020,Female,all,NECO,Polytechnic,lga,Bauchi,North East,Bauchi,Bauchi,,,951,939,581,217,201,14,12,358,364,16
2019/2020,Female,all,NECO,Polytechnic,lga,Warji,North East,Bauchi,Warji,,,319,315,186,64,56,5,4,129,122,8
2019/2020,Female,all,NECO,Polytechnic,lga,Zaki,North East,Bauchi,Zaki,,,519,512,311,117,110,6,7,201,194,7
2019/2020,Female,all,NECO,University,lga,Alkaleri,North East,Bauchi,Alkaleri,,,643,633,383,129,121,8,10,250,254,8
2019/2020,Female,all,NECO,University,lga,Bauchi,North East,Bauchi,Bauchi,,,1450,1428,885,307,288,18,22,543,578,20
2019/2020,Female,all,NECO,University,lga,Toro,North East,Bauchi,Toro,,,128,126,75,23,23,0,2,51,52,0
2019/2020,Female,all,NECO,University,lga,Warji,North East,Bauchi,Warji,,,256,252,153,53,49,4,4,99,100,4
2019/2020,Female,all,NECO,University,lga,Zaki,North East,Bauchi,Zaki,,,704,693,428,150,140,9,11,265,278,10
2019/2020,Female,all,WAEC,College of Education,lga,Alkaleri,North East,Bauchi,Alkaleri,,,1308,1290,782,276,245,26,18,508,506,31
2019/2020,Female,all,WAEC,College of Education,lga,Bauchi,North East,Bauchi,Bauchi,,,2021,1994,1200,417,375,33,27,794,783,42
2019/2020,Female,all,WAEC,College of Education,lga,Toro,North East,Bauchi,Toro,,,127,125,75,22,18,4,2,50,53,4
2019/2020,Female,all,WAEC,College of Education,lga,Warji,North East,Bauchi,Warji,,,789,778,475,175,155,17,11,303,300,20
2019/2020,Female,all,WAEC,College of Education,lga,Zaki,North East,Bauchi,Zaki,,,1095,1080,646,226,206,15,15,434,420,20
2019/2020,Female,all,WAEC,Polytechnic,lga,Alkaleri,North East,Bauchi,Alkaleri,,,417,410,249,89,84,4,7,161,160,5
2019/2020,Female,all,WAEC,Polytechnic,lga,Bauchi,North East,Bauchi,Bauchi,,,1213,1197,730,270,245,20,16,467,460,25
2019/2020,Female,all,WAEC,Polytechnic,lga,Warji,North East,Bauchi,Warji,,,417,410,249,89,84,4,7,161,160,5
2019/2020,Female,all,WAEC,Polytechnic,lga,Zaki,North East,Bauchi,Zaki,,,636,627,381,132,118,11,9,246,249,14
2019/2020,Female,all,WAEC,University,lga,Alkaleri,North East,Bauchi,Alkaleri,,,903,890,541,189,172,13,13,349,352,17
2019/2020,Female,all,WAEC,University,lga,Bauchi,North East,Bauchi,Bauchi,,,1804,1779,1094,412,377,30,25,685,682,35
2019/2020,Female,all,WAEC,University,lga,Warji,North East,Bauchi,Warji,,,513,505,310,107,96,8,8,195,203,11
2019/2020,Female,all,WAEC,University,lga,Zaki,North East,Bauchi,Zaki,,,924,911,555,206,192,13,13,356,349,14
2019/2020,Female,disabled,NABTEB,College of Education,lga,Alkaleri,North East,Bauchi,Alkaleri,,,62,62,30,8,10,0,0,32,24,0
2019/2020,Female,disabled,NABTEB,College of Education,lga,Bauchi,North East,Bauchi,Bauchi,,,102,102,50,8,9,0,0,52,43,0
2019/2020,Female,disabled,NABTEB,College of Education,lga,Toro,North East,Bauchi,Toro,,,6,6,3,0,0,0,0,3,3,0
2019/2020,Female,disabled,NABTEB,College of Education,lga,Warji,North East,Bauchi,Warji,,,36,36,18,8,10,0,0,18,12,0
2019/2020,Female,disabled,NABTEB,College of Education,lga,Zaki,North East,Bauchi,Zaki,,,54,54,26,4,4,0,0,28,22,0
2019/2020,Female,disabled,NABTEB,Polytechnic,lga,Alkaleri,North East,Bauchi,Alkaleri,,,24,24,12,4,5,0,0,12,9,0
2019/2020,Female,disabled,NABTEB,Polytechnic,lga,Bauchi,North East,Bauchi,Bauchi,,,64,64,32,8,9,0,0,32,25,0
2019/2020,Female,disabled,NABTEB,Polytechnic,lga,Warji,North East,Bauchi,Warji,,,24,24,12,4,5,0,0,12,9,0
2019/2020,Female,disabled,NABTEB,Polytechnic,lga,Zaki,North East,Bauchi,Zaki,,,32,32,17,8,9,0,0,15,10,0
2019/2020,Female,disabled,NABTEB,University,lga,Alkaleri,North East,Bauchi,Alkaleri,,,48,48,23,4,5,0,0,25,20,0
2019/2020,Female,disabled,NABTEB,University,lga,Bauchi,North East,Bauchi,Bauchi,,,84,84,43,16,19,0,0,41,29,0
2019/2020,Female,disabled,NABTEB,University,lga,Warji,North East,Bauchi,Warji,,,28,28,14,4,5,0,0,14,11,0
2019/2020,Female,disabled,NABTEB,University,lga,Zaki,North East,Bauchi,Zaki,,,44,44,21,8,9,0,0,23,15,0
2019/2020,Female,disabled,NECO,College of Education,lga,Alkaleri,North East,Bauchi,Alkaleri,,,103,103,59,18,18,0,0,44,41,0
2019/2020,Female,disabled,NECO,College of Education,lga,Bauchi,North East,Bauchi,Bauchi,,,155,155,87,15,15,0,0,68,72,0
2019/2020,Female,disabled,NECO,College of Education,lga,Toro,North East,Bauchi,Toro,,,10,10,5,0,0,0,0,5,5,0
2019/2020,Female,disabled,NECO,College of Education,lga,Warji,North East,Bauchi,Warji,,,47,47,28,9,9,0,0,19,19,0
2019/2020,Female,disabled,NECO,College of Education,lga,Zaki,North East,Bauchi,Zaki,,,99,99,57,18,18,0,0,42,39,0
2019/2020,Female,disabled,NECO,Polytechnic,lga,Alkaleri,North East,Bauchi,Alkaleri,,,35,35,19,9,9,0,0,16,10,0
2019/2020,Female,disabled,NECO,Polytechnic,lga,Bauchi,North East,Bauchi,Bauchi,,,97,97,55,18,18,0,0,42,37,0
2019/2020,Female,disabled,NECO,Polytechnic,lga,Warji,North East,Bauchi,Warji,,,35,35,19,9,9,0,0,16,10,0
2019/2020,Female,disabled,NECO,Polytechnic,lga,Zaki,North East,Bauchi,Zaki,,,52,52,29,9,9,0,0,23,20,0
2019/2020,Female,disabled,NECO,University,lga,Alkaleri,North East,Bauchi,Alkaleri,,,69,69,38,12,12,0,0,31,26,0
2019/2020,Female,disabled,NECO,University,lga,Bauchi,North East,Bauchi,Bauchi,,,145,145,82,21,21,0,0,63,61,0
2019/2020,Female,disabled,NECO,University,lga,Warji,North East,Bauchi,Warji,,,40,40,22,9,9,0,0,18,13,0
2019/2020,Female,disabled,NECO,University,lga,Zaki,North East,Bauchi,Zaki,,,76,76,44,9,9,0,0,32,35,0
2019/2020,Female,disabled,WAEC,College of Education,lga,Alkaleri,North East,Bauchi,Alkaleri,,,130,129,70,22,24,0,1,59,48,0
2019/2020,Female,disabled,WAEC,College of Education,lga,Bauchi,North East,Bauchi,Bauchi,,,207,207,119,35,39,0,0,88,84,0
2019/2020,Female,disabled,WAEC,College of Education,lga,Toro,North East,Bauchi,Toro,,,13,13,7,0,0,0,0,6,7,0
2019/2020,Female,disabled,WAEC,College of Education,lga,Warji,North East,Bauchi,Warji,,,55,55,31,10,12,0,0,24,21,0
2019/2020,Female,disabled,WAEC,College of Education,lga,Zaki,North East,Bauchi,Zaki,,,132,131,74,23,24,0,1,57,51,0
2019/2020,Female,disabled,WAEC,Polytechnic,lga,Alkaleri,North East,Bauchi,Alkaleri,,,48,48,25,10,12,0,0,23,15,0
2019/2020,Female,disabled,WAEC,Polytechnic,lga,Bauchi,North East,Bauchi,Bauchi,,,127,127,70,24,27,0,0,57,46,0
2019/2020,Female,disabled,WAEC,Polytechnic,lga,Warji,North East,Bauchi,Warji,,,48,48,25,10,12,0,0,23,15,0
2019/2020,Female,disabled,WAEC,Polytechnic,lga,Zaki,North East,Bauchi,Zaki,,,69,69,38,11,12,0,0,31,27,0
2019/2020,Female,disabled,WAEC,University,lga,Alkaleri,North East,Bauchi,Alkaleri,,,93,93,50,16,18,0,0,43,34,0
2019/2020,Female,disabled,WAEC,University,lga,Bauchi,North East,Bauchi,Bauchi,,,190,189,104,36,42,0,1,85,68,0
2019/2020,Female,disabled,WAEC,University,lga,Warji,North East,Bauchi,Warji,,,52,52,29,7,9,0,0,23,22,0
2019/2020,Female,disabled,WAEC,University,lga,Zaki,North East,Bauchi,Zaki,,,102,102,54,21,21,0,0,48,33,0
2019/2020,Male,all,NABTEB,College of Education,lga,Alkaleri,North East,Bauchi,Alkaleri,,,564,556,340,97,86,12,8,216,243,13
2019/2020,Male,all,NABTEB,College of Education,lga,Bauchi,North East,Bauchi,Bauchi,,,890,878,518,168,148,20,12,360,350,22
2019/2020,Male,all,NABTEB,College of Education,lga,Toro,North East,Bauchi,Toro,,,54,53,33,9,9,0,1,20,24,0
2019/2020,Male,all,NABTEB,College of Education,lga,Warji,North East,Bauchi,Warji,,,273,269,165,53,45,8,4,104,112,9
2019/2020,Male,all,NABTEB,College of Education,lga,Zaki,North East,Bauchi,Zaki,,,559,552,335,97,81,16,7,217,238,17
2019/2020,Male,all,NABTEB,Polytechnic,lga,Alkaleri,North East,Bauchi,Alkaleri,,,182,179,109,40,36,4,3,70,69,4
2019/2020,Male,all,NABTEB,Polytechnic,lga,Bauchi,North East,Bauchi,Bauchi,,,597,589,363,122,98,24,8,226,241,26
2019/2020,Male,all,NABTEB,Polytechnic,lga,Warji,North East,Bauchi,Warji,,,182,179,109,40,36,4,3,70,69,4
2019/2020,Male,all,NABTEB,Polytechnic,lga,Zaki,North East,Bauchi,Zaki,,,314,310,192,61,49,12,4,118,131,13
2019/2020,Male,all,NABTEB,University,lga,Alkaleri,North East,Bauchi,Alkaleri,,,402,396,236,70,59,12,6,160,166,12
2019/2020,Male,all,NABTEB,University,lga,Bauchi,North East,Bauchi,Bauchi,,,804,793,480,164,138,23,11,313,316,28
2019/2020,Male,all,NABTEB,University,lga,Warji,North East,Bauchi,Warji,,,241,237,140,44,36,8,4,97,96,8
2019/2020,Male,all,NABTEB,University,lga,Zaki,North East,Bauchi,Zaki,,,397,391,242,80,67,12,6,149,162,14
2019/2020,Male,all,NECO,College of Education,lga,Alkaleri,North East,Bauchi,Alkaleri,,,1103,1087,669,215,196,15,16,418,454,19
2019/2020,Male,all,NECO,College of Education,lga,Bauchi,North East,Bauchi,Bauchi,,,1738,1713,1055,332,311,16,25,658,723,21
2019/2020,Male,all,NECO,College of Education,lga,Toro,North East,Bauchi,Toro,,,100,98,56,13,11,2,2,42,43,2
2019/2020,Male,all,NECO,College of Education,lga,Warji,North East,Bauchi,Warji,,,541,534,340,126,113,10,7,194,214,13
2019/2020,Male,all,NECO,College of Education,lga,Zaki,North East,Bauchi,Zaki,,,1091,1075,659,197,186,9,16,416,462,11
2019/2020,Male,all,NECO,Polytechnic,lga,Alkaleri,North East,Bauchi,Alkaleri,,,365,360,214,64,56,5,5,146,150,8
2019/2020,Male,all,NECO,Polytechnic,lga,Bauchi,North East,Bauchi,Bauchi,,,1105,1089,656,224,208,12,16,433,432,16
2019/2020,Male,all,NECO,Polytechnic,lga,Warji,North East,Bauchi,Warji,,,365,360,214,64,56,5,5,146,150,8
2019/2020,Male,all,NECO,Polytechnic,lga,Zaki,North East,Bauchi,Zaki,,,578,568,337,110,102,6,10,231,227,8
2019/2020,Male,all,NECO,University,lga,Alkaleri,North East,Bauchi,Alkaleri,,,720,710,432,127,113,10,10,278,305,14
2019/2020,Male,all,NECO,University,lga,Bauchi,North East,Bauchi,Bauchi,,,1591,1568,948,308,286,18,23,620,640,22
2019/2020,Male,all,NECO,University,lga,Warji,North East,Bauchi,Warji,,,427,421,250,70,64,4,6,171,180,6
2019/2020,Male,all,NECO,University,lga,Zaki,North East,Bauchi,Zaki,,,786,774,477,158,143,11,12,297,319,15
2019/2020,Male,all,WAEC,College of Education,lga,Alkaleri,North East,Bauchi,Alkaleri,,,1393,1374,832,265,236,26,19,542,567,29
2019/2020,Male,all,WAEC,College of Education,lga,Bauchi,North East,Bauchi,Bauchi,,,2213,2182,1319,424,379,35,31,863,895,45
2019/2020,Male,all,WAEC,College of Education,lga,Toro,North East,Bauchi,Toro,,,136,134,80,22,21,1,2,54,58,1
2019/2020,Male,all,WAEC,College of Education,lga,Warji,North East,Bauchi,Warji,,,678,669,414,148,134,13,9,255,266,14
2019/2020,Male,all,WAEC,College of Education,lga,Zaki,North East,Bauchi,Zaki,,,1358,1338,812,248,216,28,20,526,564,32
2019/2020,Male,all,WAEC,Polytechnic,lga,Alkaleri,North East,Bauchi,Alkaleri,,,455,448,271,87,78,7,7,177,184,9
2019/2020,Male,all,WAEC,Polytechnic,lga,Bauchi,North East,Bauchi,Bauchi,,,1414,1393,859,278,251,21,21,534,581,27
2019/2020,Male,all,WAEC,Polytechnic,lga,Warji,North East,Bauchi,Warji,,,455,448,271,87,78,7,7,177,184,9
2019/2020,Male,all,WAEC,Polytechnic,lga,Zaki,North East,Bauchi,Zaki,,,732,721,441,135,121,10,11,280,306,14
2019/2020,Male,all,WAEC,University,lga,Alkaleri,North East,Bauchi,Alkaleri,,,991,977,592,189,166,18,14,385,403,23
2019/2020,Male,all,WAEC,University,lga,Bauchi,North East,Bauchi,Bauchi,,,2047,2018,1236,390,349,33,29,782,846,41
2019/2020,Male,all,WAEC,University,lga,Warji,North East,Bauchi,Warji,,,561,553,337,107,93,11,8,216,230,14
2019/2020,Male,all,WAEC,University,lga,Zaki,North East,Bauchi,Zaki,,,1064,1050,637,206,185,17,14,413,431,21
2019/2020,Male,disabled,NABTEB,College of Education,lga,Alkaleri,North East,Bauchi,Alkaleri,,,64,64,32,0,0,0,0,32,32,0
2019/2020,Male,disabled,NABTEB,College of Education,lga,Bauchi,North East,Bauchi,Bauchi,,,106,106,54,8,9,0,0,52,46,0
2019/2020,Male,disabled,NABTEB,College of Education,lga,Toro,North East,Bauchi,Toro,,,6,6,3,0,0,0,0,3,3,0
2019/2020,Male,disabled,NABTEB,College of Education,lga,Warji,North East,Bauchi,Warji,,,30,30,15,0,0,0,0,15,15,0
2019/2020,Male,disabled,NABTEB,College of Education,lga,Zaki,North East,Bauchi,Zaki,,,62,62,31,4,4,0,0,31,27,0
2019/2020,Male,disabled,NABTEB,Polytechnic,lga,Alkaleri,North East,Bauchi,Alkaleri,,,26,26,12,0,0,0,0,14,12,0
2019/2020,Male,disabled,NABTEB,Polytechnic,lga,Bauchi,North East,Bauchi,Bauchi,,,70,70,36,4,4,0,0,34,32,0
2019/2020,Male,disabled,NABTEB,Polytechnic,lga,Warji,North East,Bauchi,Warji,,,26,26,12,0,0,0,0,14,12,0
2019/2020,Male,disabled,NABTEB,Polytechnic,lga,Zaki,North East,Bauchi,Zaki,,,26,26,14,4,4,0,0,12,10,0
2019/2020,Male,disabled,NABTEB,University,lga,Alkaleri,North East,Bauchi,Alkaleri,,,51,51,25,0,0,0,0,26,25,0
2019/2020,Male,disabled,NABTEB,University,lga,Bauchi,North East,Bauchi,Bauchi,,,86,86,43,8,10,0,0,43,35,0
2019/2020,Male,disabled,NABTEB,University,lga,Warji,North East,Bauchi,Warji,,,29,29,14,0,0,0,0,15,14,0
2019/2020,Male,disabled,NABTEB,University,lga,Zaki,North East,Bauchi,Zaki,,,48,48,25,4,5,0,0,23,21,0
2019/2020,Male,disabled,NECO,College of Education,lga,Alkaleri,North East,Bauchi,Alkaleri,,,90,90,50,15,15,0,0,40,35,0
2019/2020,Male,disabled,NECO,College of Education,lga,Bauchi,North East,Bauchi,Bauchi,,,190,190,111,33,33,0,0,79,78,0
2019/2020,Male,disabled,NECO,College of Education,lga,Toro,North East,Bauchi,Toro,,,10,10,6,0,0,0,0,4,6,0
2019/2020,Male,disabled,NECO,College of Education,lga,Warji,North East,Bauchi,Warji,,,51,51,28,12,12,0,0,23,16,0
2019/2020,Male,disabled,NECO,College of Education,lga,Zaki,North East,Bauchi,Zaki,,,109,109,63,15,15,0,0,46,48,0
2019/2020,Male,disabled,NECO,Polytechnic,lga,Alkaleri,North East,Bauchi,Alkaleri,,,42,42,24,3,3,0,0,18,21,0
2019/2020,Male,disabled,NECO,Polytechnic,lga,Bauchi,North East,Bauchi,Bauchi,,,111,111,64,21,21,0,0,47,43,0
2019/2020,Male,disabled,NECO,Polytechnic,lga,Warji,North East,Bauchi,Warji,,,42,42,24,3,3,0,0,18,21,0
2019/2020,Male,disabled,NECO,Polytechnic,lga,Zaki,North East,Bauchi,Zaki,,,43,43,25,6,6,0,0,18,19,0
2019/2020,Male,disabled,NECO,University,lga,Alkaleri,North East,Bauchi,Alkaleri,,,81,81,47,9,9,0,0,34,38,0
2019/2020,Male,disabled,NECO,University,lga,Bauchi,North East,Bauchi,Bauchi,,,151,151,88,24,24,0,0,63,64,0
2019/2020,Male,disabled,NECO,University,lga,Warji,North East,Bauchi,Warji,,,47,47,28,3,3,0,0,19,25,0
2019/2020,Male,disabled,NECO,University,lga,Zaki,North East,Bauchi,Zaki,,,84,84,47,15,15,0,0,37,32,0
2019/2020,Male,disabled,WAEC,College of Education,lga,Alkaleri,North East,Bauchi,Alkaleri,,,115,115,63,17,18,0,0,52,46,0
2019/2020,Male,disabled,WAEC,College of Education,lga,Bauchi,North East,Bauchi,Bauchi,,,255,253,140,34,36,0,2,113,106,0
2019/2020,Male,disabled,WAEC,College of Education,lga,Toro,North East,Bauchi,Toro,,,11,11,6,0,0,0,0,5,6,0
2019/2020,Male,disabled,WAEC,College of Education,lga,Warji,North East,Bauchi,Warji,,,63,63,35,8,9,0,0,28,27,0
2019/2020,Male,disabled,WAEC,College of Education,lga,Zaki,North East,Bauchi,Zaki,,,146,144,80,23,24,0,2,64,57,0
2019/2020,Male,disabled,WAEC,Polytechnic,lga,Alkaleri,North East,Bauchi,Alkaleri,,,54,54,31,6,9,0,0,23,25,0
2019/2020,Male,disabled,WAEC,Polytechnic,lga,Bauchi,North East,Bauchi,Bauchi,,,148,148,82,16,21,0,0,66,66,0
2019/2020,Male,disabled,WAEC,Polytechnic,lga,Warji,North East,Bauchi,Warji,,,54,54,31,6,9,0,0,23,25,0
2019/2020,Male,disabled,WAEC,Polytechnic,lga,Zaki,North East,Bauchi,Zaki,,,53,53,29,3,3,0,0,24,26,0
2019/2020,Male,disabled,WAEC,University,lga,Alkaleri,North East,Bauchi,Alkaleri,,,104,103,55,13,15,0,1,48,42,0
2019/2020,Male,disabled,WAEC,University,lga,Bauchi,North East,Bauchi,Bauchi,,,204,203,110,25,30,0,1,93,85,0
2019/2020,Male,disabled,WAEC,University,lga,Warji,North East,Bauchi,Warji,,,60,59,30,5,6,0,1,29,25,0
2019/2020,Male,disabled,WAEC,University,lga,Zaki,North East,Bauchi,Zaki,,,105,105,57,16,18,0,0,48,41,0
2020/2021,Female,all,NABTEB,College of Education,lga,Bauchi,North East,Bauchi,Bauchi,,,379,373,232,92,87,7,6,141,140,7
2020/2021,Female,all,NABTEB,College of Education,lga,Bogoro,North East,Bauchi,Bogoro,,,841,829,511,220,196,27,12,318,291,27
2020/2021,Female,all,NABTEB,College of Education,lga,Damban,North East,Bauchi,Damban,,,476,469,288,98,96,6,7,181,190,6
2020/2021,Female,all,NABTEB,College of Education,lga,Darazo,North East,Bauchi,Darazo,,,646,637,398,147,130,19,9,239,251,19
2020/2021,Female,all,NABTEB,Polytechnic,lga,Bauchi,North East,Bauchi,Bauchi,,,217,214,127,49,52,0,3,87,78,0
2020/2021,Female,all,NABTEB,Polytechnic,lga,Bogoro,North East,Bauchi,Bogoro,,,326,321,205,77,64,13,5,116,128,13
2020/2021,Female,all,NABTEB,Polytechnic,lga,Damban,North East,Bauchi,Damban,,,299,295,187,70,65,7,4,108,117,7
2020/2021,Female,all,NABTEB,Polytechnic,lga,Darazo,North East,Bauchi,Darazo,,,245,241,148,71,65,7,4,93,77,7
2020/2021,Female,all,NABTEB,University,lga,Bauchi,North East,Bauchi,Bauchi,,,254,250,155,71,59,13,4,95,84,13
2020/2021,Female,all,NABTEB,University,lga,Bogoro,North East,Bauchi,Bogoro,,,514,507,316,106,95,13,7,191,210,13
2020/2021,Female,all,NABTEB,University,lga,Damban,North East,Bauchi,Damban,,,424,418,257,106,88,19,6,161,151,19
2020/2021,Female,all,NABTEB,University,lga,Darazo,North East,Bauchi,Darazo,,,619,609,381,126,100,27,10,228,255,27
2020/2021,Female,all,NECO,College of Education,lga,Bauchi,North East,Bauchi,Bauchi,,,746,735,470,176,162,15,11,265,294,15
2020/2021,Female,all,NECO,College of Education,lga,Bogoro,North East,Bauchi,Bogoro,,,1552,1530,950,319,294,25,22,580,631,25
2020/2021,Female,all,NECO,College of Education,lga,Damban,North East,Bauchi,Damban,,,834,821,502,192,167,25,13,319,310,25
2020/2021,Female,all,NECO,College of Education,lga,Darazo,North East,Bauchi,Darazo,,,1209,1191,719,261,232,29,18,472,458,29
2020/2021,Female,all,NECO,Polytechnic,lga,Bauchi,North East,Bauchi,Bauchi,,,445,439,263,91,81,10,6,176,172,10
2020/2021,Female,all,NECO,Polytechnic,lga,Bogoro,North East,Bauchi,Bogoro,,,596,588,366,133,121,12,8,222,233,12
2020/2021,Female,all,NECO,Polytechnic,lga,Damban,North East,Bauchi,Damban,,,446,440,277,101,91,10,6,163,176,10
2020/2021,Female,all,NECO,Polytechnic,lga,Darazo,North East,Bauchi,Darazo,,,568,560,355,144,127,17,8,205,211,17
2020/2021,Female,all,NECO,University,lga,Bauchi,North East,Bauchi,Bauchi,,,475,468,286,95,87,8,7,182,191,8
2020/2021,Female,all,NECO,University,lga,Bogoro,North East,Bauchi,Bogoro,,,994,979,599,218,196,22,15,380,381,22
2020/2021,Female,all,NECO,University,lga,Damban,North East,Bauchi,Damban,,,869,856,548,202,179,23,13,308,346,23
2020/2021,Female,all,NECO,University,lga,Darazo,North East,Bauchi,Darazo,,,1138,1121,706,251,230,21,17,415,455,21
2020/2021,Female,all,WAEC,College of Education,lga,Bauchi,North East,Bauchi,Bauchi,,,907,893,541,188,172,16,14,352,353,16
2020/2021,Female,all,WAEC,College of Education,lga,Bogoro,North East,Bauchi,Bogoro,,,2098,2067,1266,439,398,41,31,801,827,41
2020/2021,Female,all,WAEC,College of Education,lga,Damban,North East,Bauchi,Damban,,,1132,1115,686,255,229,26,17,429,431,26
2020/2021,Female,all,WAEC,College of Education,lga,Darazo,North East,Bauchi,Darazo,,,1595,1571,983,353,316,37,24,588,630,37
2020/2021,Female,all,WAEC,Polytechnic,lga,Bauchi,North East,Bauchi,Bauchi,,,557,549,327,103,96,7,8,222,224,7
2020/2021,Female,all,WAEC,Polytechnic,lga,Bogoro,North East,Bauchi,Bogoro,,,827,814,521,193,173,20,13,293,328,20
2020/2021,Female,all,WAEC,Polytechnic,lga,Damban,North East,Bauchi,Damban,,,518,510,317,117,106,11,8,193,200,11
2020/2021,Female,all,WAEC,Polytechnic,lga,Darazo,North East,Bauchi,Darazo,,,801,788,490,183,168,15,13,298,307,15
2020/2021,Female,all,WAEC,University,lga,Bauchi,North East,Bauchi,Bauchi,,,648,638,382,134,119,15,10,256,248,15
2020/2021,Female,all,WAEC,University,lga,Bogoro,North East,Bauchi,Bogoro,,,1266,1247,771,255,231,24,19,476,516,24
2020/2021,Female,all,WAEC,University,lga,Damban,North East,Bauchi,Damban,,,1135,1118,694,256,229,27,17,424,438,27
2020/2021,Female,all,WAEC,University,lga,Darazo,North East,Bauchi,Darazo,,,1448,1427,855,277,243,34,21,572,578,34
2020/2021,Female,disabled,NABTEB,College of Education,lga,Bauchi,North East,Bauchi,Bauchi,,,55,55,30,14,14,0,0,25,18,0
2020/2021,Female,disabled,NABTEB,College of Education,lga,Bogoro,North East,Bauchi,Bogoro,,,98,98,54,28,28,0,0,44,28,0
2020/2021,Female,disabled,NABTEB,College of Education,lga,Damban,North East,Bauchi,Damban,,,66,66,36,7,7,0,0,30,30,0
2020/2021,Female,disabled,NABTEB,College of Education,lga,Darazo,North East,Bauchi,Darazo,,,79,79,45,14,14,0,0,34,33,0
2020/2021,Female,disabled,NABTEB,Polytechnic,lga,Bauchi,North East,Bauchi,Bauchi,,,33,33,18,7,7,0,0,15,12,0
2020/2021,Female,disabled,NABTEB,Polytechnic,lga,Bogoro,North East,Bauchi,Bogoro,,,33,33,18,0,0,0,0,15,18,0
2020/2021,Female,disabled,NABTEB,Polytechnic,lga,Damban,North East,Bauchi,Damban,,,44,44,24,7,7,0,0,20,18,0
2020/2021,Female,disabled,NABTEB,Polytechnic,lga,Darazo,North East,Bauchi,Darazo,,,44,44,24,21,21,0,0,20,6,0
2020/2021,Female,disabled,NABTEB,University,lga,Bauchi,North East,Bauchi,Bauchi,,,35,35,21,7,7,0,0,14,14,0
2020/2021,Female,disabled,NABTEB,University,lga,Bogoro,North East,Bauchi,Bogoro,,,71,71,39,0,0,0,0,32,39,0
2020/2021,Female,disabled,NABTEB,University,lga,Damban,North East,Bauchi,Damban,,,46,46,24,7,7,0,0,22,18,0
2020/2021,Female,disabled,NABTEB,University,lga,Darazo,North East,Bauchi,Darazo,,,82,82,45,0,0,0,0,37,45,0
2020/2021,Female,disabled,NECO,College of Education,lga,Bauchi,North East,Bauchi,Bauchi,,,74,74,44,20,24,0,0,30,24,0
2020/2021,Female,disabled,NECO,College of Education,lga,Bogoro,North East,Bauchi,Bogoro,,,158,158,85,20,24,0,0,73,65,0
2020/2021,Female,disabled,NECO,College of Education,lga,Damban,North East,Bauchi,Damban,,,83,83,47,20,24,0,0,36,27,0
2020/2021,Female,disabled,NECO,College of Education,lga,Darazo,North East,Bauchi,Darazo,,,134,134,74,20,24,0,0,60,54,0
2020/2021,Female,disabled,NECO,Polytechnic,lga,Bauchi,North East,Bauchi,Bauchi,,,54,54,30,5,6,0,0,24,25,0
2020/2021,Female,disabled,NECO,Polytechnic,lga,Bogoro,North East,Bauchi,Bogoro,,,49,49,30,5,6,0,0,19,25,0
2020/2021,Female,disabled,NECO,Polytechnic,lga,Damban,North East,Bauchi,Damban,,,75,75,42,15,18,0,0,33,27,0
2020/2021,Female,disabled,NECO,Polytechnic,lga,Darazo,North East,Bauchi,Darazo,,,61,61,37,20,24,0,0,24,17,0
2020/2021,Female,disabled,NECO,University,lga,Bauchi,North East,Bauchi,Bauchi,,,54,54,30,10,12,0,0,24,20,0
2020/2021,Female,disabled,NECO,University,lga,Bogoro,North East,Bauchi,Bogoro,,,114,114,63,30,36,0,0,51,33,0
2020/2021,Female,disabled,NECO,University,lga,Damban,North East,Bauchi,Damban,,,86,86,53,15,18,0,0,33,38,0
2020/2021,Female,disabled,NECO,University,lga,Darazo,North East,Bauchi,Darazo,,,126,126,72,30,36,0,0,54,42,0
2020/2021,Female,disabled,WAEC,College of Education,lga,Bauchi,North East,Bauchi,Bauchi,,,96,96,54,25,25,0,0,42,29,0
2020/2021,Female,disabled,WAEC,College of Education,lga,Bogoro,North East,Bauchi,Bogoro,,,218,216,122,34,34,0,2,94,88,0
2020/2021,Female,disabled,WAEC,College of Education,lga,Damban,North East,Bauchi,Damban,,,111,111,65,24,25,0,0,46,41,0
2020/2021,Female,disabled,WAEC,College of Education,lga,Darazo,North East,Bauchi,Darazo,,,172,171,99,33,35,0,1,72,66,0
2020/2021,Female,disabled,WAEC,Polytechnic,lga,Bauchi,North East,Bauchi,Bauchi,,,68,68,41,10,10,0,0,27,31,0
2020/2021,Female,disabled,WAEC,Polytechnic,lga,Bogoro,North East,Bauchi,Bogoro,,,63,63,37,15,15,0,0,26,22,0
2020/2021,Female,disabled,WAEC,Polytechnic,lga,Damban,North East,Bauchi,Damban,,,82,82,50,18,20,0,0,32,32,0
2020/2021,Female,disabled,WAEC,Polytechnic,lga,Darazo,North East,Bauchi,Darazo,,,83,82,47,18,20,0,1,35,29,0
2020/2021,Female,disabled,WAEC,University,lga,Bauchi,North East,Bauchi,Bauchi,,,69,68,43,15,15,0,1,25,28,0
2020/2021,Female,disabled,WAEC,University,lga,Bogoro,North East,Bauchi,Bogoro,,,140,139,81,30,30,0,1,58,51,0
2020/2021,Female,disabled,WAEC,University,lga,Damban,North East,Bauchi,Damban,,,113,113,66,18,20,0,0,47,48,0
2020/2021,Female,disabled,WAEC,University,lga,Darazo,North East,Bauchi,Darazo,,,155,154,83,23,25,0,1,71,60,0
2020/2021,Male,all,NABTEB,College of Education,lga,Bauchi,North East,Bauchi,Bauchi,,,414,408,258,85,80,7,6,150,173,7
2020/2021,Male,all,NABTEB,College of Education,lga,Bogoro,North East,Bauchi,Bogoro,,,871,858,533,179,146,34,13,325,354,34
2020/2021,Male,all,NABTEB,College of Education,lga,Damban,North East,Bauchi,Damban,,,509,502,310,91,87,6,7,192,219,6
2020/2021,Male,all,NABTEB,College of Education,lga,Darazo,North East,Bauchi,Darazo,,,677,668,409,134,121,14,9,259,275,14
2020/2021,Male,all,NABTEB,Polytechnic,lga,Bauchi,North East,Bauchi,Bauchi,,,239,236,146,42,45,0,3,90,104,0
2020/2021,Male,all,NABTEB,Polytechnic,lga,Bogoro,North East,Bauchi,Bogoro,,,286,282,170,49,43,6,4,112,121,6
2020/2021,Male,all,NABTEB,Polytechnic,lga,Damban,North East,Bauchi,Damban,,,368,363,229,84,72,13,5,134,145,13
2020/2021,Male,all,NABTEB,Polytechnic,lga,Darazo,North East,Bauchi,Darazo,,,357,352,218,78,71,7,5,134,140,7
2020/2021,Male,all,NABTEB,University,lga,Bauchi,North East,Bauchi,Bauchi,,,272,268,167,56,52,6,4,101,111,6
2020/2021,Male,all,NABTEB,University,lga,Bogoro,North East,Bauchi,Bogoro,,,582,574,354,106,95,12,8,220,248,12
2020/2021,Male,all,NABTEB,University,lga,Damban,North East,Bauchi,Damban,,,445,438,276,91,74,18,7,162,185,18
2020/2021,Male,all,NABTEB,University,lga,Darazo,North East,Bauchi,Darazo,,,692,681,409,112,92,21,11,272,297,21
2020/2021,Male,all,NECO,College of Education,lga,Bauchi,North East,Bauchi,Bauchi,,,819,806,492,166,150,17,13,314,326,17
2020/2021,Male,all,NECO,College of Education,lga,Bogoro,North East,Bauchi,Bogoro,,,1598,1575,964,309,281,28,23,611,655,28
2020/2021,Male,all,NECO,College of Education,lga,Damban,North East,Bauchi,Damban,,,897,884,543,161,137,24,13,341,382,24
2020/2021,Male,all,NECO,College of Education,lga,Darazo,North East,Bauchi,Darazo,,,1321,1300,777,213,186,27,21,523,564,27
2020/2021,Male,all,NECO,Polytechnic,lga,Bauchi,North East,Bauchi,Bauchi,,,294,290,176,48,40,8,4,114,128,8
2020/2021,Male,all,NECO,Polytechnic,lga,Bogoro,North East,Bauchi,Bogoro,,,705,694,450,138,127,11,11,244,312,11
2020/2021,Male,all,NECO,Polytechnic,lga,Damban,North East,Bauchi,Damban,,,713,703,436,143,127,16,10,267,293,16
2020/2021,Male,all,NECO,Polytechnic,lga,Darazo,North East,Bauchi,Darazo,,,644,634,393,133,115,18,10,241,260,18
2020/2021,Male,all,NECO,University,lga,Bauchi,North East,Bauchi,Bauchi,,,537,528,329,101,92,9,9,199,228,9
2020/2021,Male,all,NECO,University,lga,Bogoro,North East,Bauchi,Bogoro,,,1088,1072,651,202,184,19,16,421,449,19
2020/2021,Male,all,NECO,University,lga,Damban,North East,Bauchi,Damban,,,906,893,545,171,149,22,13,348,374,22
2020/2021,Male,all,NECO,University,lga,Darazo,North East,Bauchi,Darazo,,,1258,1240,743,229,207,22,18,497,514,22
2020/2021,Male,all,WAEC,College of Education,lga,Bauchi,North East,Bauchi,Bauchi,,,1024,1009,613,197,177,20,15,396,416,20
2020/2021,Male,all,WAEC,College of Education,lga,Bogoro,North East,Bauchi,Bogoro,,,2195,2163,1349,425,384,41,32,814,924,41
2020/2021,Male,all,WAEC,College of Education,lga,Damban,North East,Bauchi,Damban,,,1187,1169,703,224,202,22,18,466,479,22
2020/2021,Male,all,WAEC,College of Education,lga,Darazo,North East,Bauchi,Darazo,,,1665,1639,1002,313,283,30,26,637,689,30
2020/2021,Male,all,WAEC,Polytechnic,lga,Bauchi,North East,Bauchi,Bauchi,,,369,363,213,63,58,5,6,150,150,5
2020/2021,Male,all,WAEC,Polytechnic,lga,Bogoro,North East,Bauchi,Bogoro,,,938,925,570,184,169,15,13,355,386,15
2020/2021,Male,all,WAEC,Polytechnic,lga,Damban,North East,Bauchi,Damban,,,904,891,548,188,168,20,13,343,360,20
2020/2021,Male,all,WAEC,Polytechnic,lga,Darazo,North East,Bauchi,Darazo,,,854,842,523,170,154,16,12,319,353,16
2020/2021,Male,all,WAEC,University,lga,Bauchi,North East,Bauchi,Bauchi,,,688,678,427,134,120,14,10,251,293,14
2020/2021,Male,all,WAEC,University,lga,Bogoro,North East,Bauchi,Bogoro,,,1406,1384,840,263,240,23,22,544,577,23
2020/2021,Male,all,WAEC,University,lga,Damban,North East,Bauchi,Damban,,,1161,1145,723,237,212,25,16,422,486,25
2020/2021,Male,all,WAEC,University,lga,Darazo,North East,Bauchi,Darazo,,,1611,1588,982,304,264,40,23,606,678,40
2020/2021,Male,disabled,NABTEB,College of Education,lga,Bauchi,North East,Bauchi,Bauchi,,,57,57,33,7,7,0,0,24,26,0
2020/2021,Male,disabled,NABTEB,College of Education,lga,Bogoro,North East,Bauchi,Bogoro,,,98,98,54,14,14,0,0,44,40,0
2020/2021,Male,disabled,NABTEB,College of Education,lga,Damban,North East,Bauchi,Damban,,,66,66,36,0,0,0,0,30,36,0
2020/2021,Male,disabled,NABTEB,College of Education,lga,Darazo,North East,Bauchi,Darazo,,,84,84,45,7,7,0,0,39,38,0
2020/2021,Male,disabled,NABTEB,Polytechnic,lga,Bauchi,North East,Bauchi,Bauchi,,,22,22,12,0,0,0,0,10,12,0
2020/2021,Male,disabled,NABTEB,Polytechnic,lga,Bogoro,North East,Bauchi,Bogoro,,,46,46,27,0,0,0,0,19,27,0
2020/2021,Male,disabled,NABTEB,Polytechnic,lga,Damban,North East,Bauchi,Damban,,,48,48,30,14,14,0,0,18,16,0
2020/2021,Male,disabled,NABTEB,Polytechnic,lga,Darazo,North East,Bauchi,Darazo,,,46,46,27,7,7,0,0,19,20,0
2020/2021,Male,disabled,NABTEB,University,lga,Bauchi,North East,Bauchi,Bauchi,,,38,38,21,0,0,0,0,17,21,0
2020/2021,Male,disabled,NABTEB,University,lga,Bogoro,North East,Bauchi,Bogoro,,,71,71,39,7,7,0,0,32,33,0
2020/2021,Male,disabled,NABTEB,University,lga,Damban,North East,Bauchi,Damban,,,48,48,24,0,0,0,0,24,24,0
2020/2021,Male,disabled,NABTEB,University,lga,Darazo,North East,Bauchi,Darazo,,,87,87,49,0,0,0,0,38,49,0
2020/2021,Male,disabled,NECO,College of Education,lga,Bauchi,North East,Bauchi,Bauchi,,,85,85,50,15,18,0,0,35,35,0
2020/2021,Male,disabled,NECO,College of Education,lga,Bogoro,North East,Bauchi,Bogoro,,,160,160,91,30,36,0,0,69,61,0
2020/2021,Male,disabled,NECO,College of Education,lga,Damban,North East,Bauchi,Damban,,,89,89,50,15,18,0,0,39,35,0
2020/2021,Male,disabled,NECO,College of Education,lga,Darazo,North East,Bauchi,Darazo,,,143,143,80,15,18,0,0,63,65,0
2020/2021,Male,disabled,NECO,Polytechnic,lga,Bauchi,North East,Bauchi,Bauchi,,,34,34,19,5,6,0,0,15,14,0
2020/2021,Male,disabled,NECO,Polytechnic,lga,Bogoro,North East,Bauchi,Bogoro,,,81,81,49,10,12,0,0,32,39,0
2020/2021,Male,disabled,NECO,Polytechnic,lga,Damban,North East,Bauchi,Damban,,,87,87,48,15,18,0,0,39,33,0
2020/2021,Male,disabled,NECO,Polytechnic,lga,Darazo,North East,Bauchi,Darazo,,,72,72,42,10,12,0,0,30,32,0
2020/2021,Male,disabled,NECO,University,lga,Bauchi,North East,Bauchi,Bauchi,,,63,62,36,5,6,0,1,26,31,0
2020/2021,Male,disabled,NECO,University,lga,Bogoro,North East,Bauchi,Bogoro,,,126,125,72,15,18,0,1,53,57,0
2020/2021,Male,disabled,NECO,University,lga,Damban,North East,Bauchi,Damban,,,92,92,56,10,12,0,0,36,46,0
2020/2021,Male,disabled,NECO,University,lga,Darazo,North East,Bauchi,Darazo,,,141,140,80,25,30,0,1,60,55,0
2020/2021,Male,disabled,WAEC,College of Education,lga,Bauchi,North East,Bauchi,Bauchi,,,104,104,61,20,20,0,0,43,41,0
2020/2021,Male,disabled,WAEC,College of Education,lga,Bogoro,North East,Bauchi,Bogoro,,,225,223,134,35,35,0,2,89,99,0
2020/2021,Male,disabled,WAEC,College of Education,lga,Damban,North East,Bauchi,Damban,,,122,122,70,24,25,0,0,52,46,0
2020/2021,Male,disabled,WAEC,College of Education,lga,Darazo,North East,Bauchi,Darazo,,,185,184,104,26,30,0,1,80,78,0
2020/2021,Male,disabled,WAEC,Polytechnic,lga,Bauchi,North East,Bauchi,Bauchi,,,40,40,22,5,5,0,0,18,17,0
2020/2021,Male,disabled,WAEC,Polytechnic,lga,Bogoro,North East,Bauchi,Bogoro,,,101,101,61,20,20,0,0,40,41,0
2020/2021,Male,disabled,WAEC,Polytechnic,lga,Damban,North East,Bauchi,Damban,,,103,102,57,18,20,0,1,45,39,0
2020/2021,Male,disabled,WAEC,Polytechnic,lga,Darazo,North East,Bauchi,Darazo,,,92,91,53,14,15,0,1,38,39,0
2020/2021,Male,disabled,WAEC,University,lga,Bauchi,North East,Bauchi,Bauchi,,,78,77,45,15,15,0,1,32,30,0
2020/2021,Male,disabled,WAEC,University,lga,Bogoro,North East,Bauchi,Bogoro,,,162,161,93,24,24,0,1,68,69,0
2020/2021,Male,disabled,WAEC,University,lga,Damban,North East,Bauchi,Damban,,,113,112,65,17,20,0,1,47,48,0
2020/2021,Male,disabled,WAEC,University,lga,Darazo,North East,Bauchi,Darazo,,,174,173,102,19,20,0,1,71,83,0
2021/2022,Female,all,NABTEB,College of Education,lga,Darazo,North East,Bauchi,Darazo,,,164,162,94,26,28,0,2,68,68,0
2021/2022,Female,all,NABTEB,College of Education,lga,Dass,North East,Bauchi,Dass,,,481,473,303,133,117,18,8,170,170,18
2021/2022,Female,all,NABTEB,College of Education,lga,Gamawa,North East,Bauchi,Gamawa,,,624,615,393,149,124,26,9,222,244,26
2021/2022,Female,all,NABTEB,College of Education,lga,Ganjuwa,North East,Bauchi,Ganjuwa,,,981,968,590,216,194,24,13,378,374,24
2021/2022,Female,all,NABTEB,College of Education,lga,Giade,North East,Bauchi,Giade,,,170,168,104,26,28,0,2,64,78,0
2021/2022,Female,all,NABTEB,Polytechnic,lga,Dass,North East,Bauchi,Dass,,,284,280,178,60,63,0,4,102,118,0
2021/2022,Female,all,NABTEB,Polytechnic,lga,Gamawa,North East,Bauchi,Gamawa,,,213,210,130,47,35,12,3,80,83,12
2021/2022,Female,all,NABTEB,Polytechnic,lga,Ganjuwa,North East,Bauchi,Ganjuwa,,,584,575,353,134,118,18,9,222,219,18
2021/2022,Female,all,NABTEB,Polytechnic,lga,Giade,North East,Bauchi,Giade,,,75,74,45,14,14,0,1,29,31,0
2021/2022,Female,all,NABTEB,University,lga,Darazo,North East,Bauchi,Darazo,,,127,125,75,34,27,7,2,50,41,7
2021/2022,Female,all,NABTEB,University,lga,Dass,North East,Bauchi,Dass,,,240,236,143,47,42,6,4,93,96,6
2021/2022,Female,all,NABTEB,University,lga,Gamawa,North East,Bauchi,Gamawa,,,470,462,282,94,83,13,8,180,188,13
2021/2022,Female,all,NABTEB,University,lga,Ganjuwa,North East,Bauchi,Ganjuwa,,,523,516,333,141,116,26,7,183,192,26
2021/2022,Female,all,NABTEB,University,lga,Giade,North East,Bauchi,Giade,,,566,557,340,122,109,13,9,217,218,13
2021/2022,Female,all,NECO,College of Education,lga,Darazo,North East,Bauchi,Darazo,,,354,349,214,68,62,6,5,135,146,6
2021/2022,Female,all,NECO,College of Education,lga,Dass,North East,Bauchi,Dass,,,875,864,530,194,174,20,11,334,336,20
2021/2022,Female,all,NECO,College of Education,lga,Gamawa,North East,Bauchi,Gamawa,,,1100,1082,679,251,231,20,18,403,428,20
2021/2022,Female,all,NECO,College of Education,lga,Ganjuwa,North East,Bauchi,Ganjuwa,,,1814,1787,1117,406,369,37,27,670,711,37
2021/2022,Female,all,NECO,College of Education,lga,Giade,North East,Bauchi,Giade,,,320,316,199,68,62,6,4,117,131,6
2021/2022,Female,all,NECO,Polytechnic,lga,Dass,North East,Bauchi,Dass,,,554,546,342,130,118,12,8,204,212,12
2021/2022,Female,all,NECO,Polytechnic,lga,Gamawa,North East,Bauchi,Gamawa,,,397,391,248,84,73,11,6,143,164,11
2021/2022,Female,all,NECO,Polytechnic,lga,Ganjuwa,North East,Bauchi,Ganjuwa,,,1051,1036,668,256,225,31,15,368,412,31
2021/2022,Female,all,NECO,Polytechnic,lga,Giade,North East,Bauchi,Giade,,,122,120,71,26,22,4,2,49,45,4
2021/2022,Female,all,NECO,University,lga,Darazo,North East,Bauchi,Darazo,,,200,197,125,37,34,3,3,72,88,3
2021/2022,Female,all,NECO,University,lga,Dass,North East,Bauchi,Dass,,,434,428,263,94,79,15,6,165,169,15
2021/2022,Female,all,NECO,University,lga,Gamawa,North East,Bauchi,Gamawa,,,876,863,533,178,162,16,13,330,355,16
2021/2022,Female,all,NECO,University,lga,Ganjuwa,North East,Bauchi,Ganjuwa,,,1029,1015,659,224,203,21,14,356,435,21
2021/2022,Female,all,NECO,University,lga,Giade,North East,Bauchi,Giade,,,1038,1022,644,219,202,17,16,378,425,17
2021/2022,Female,all,WAEC,College of Education,lga,Darazo,North East,Bauchi,Darazo,,,444,437,254,86,78,8,7,183,168,8
2021/2022,Female,all,WAEC,College of Education,lga,Dass,North East,Bauchi,Dass,,,1166,1149,721,245,214,31,17,428,476,31
2021/2022,Female,all,WAEC,College of Education,lga,Gamawa,North East,Bauchi,Gamawa,,,1320,1300,817,300,267,33,20,483,517,33
2021/2022,Female,all,WAEC,College of Education,lga,Ganjuwa,North East,Bauchi,Ganjuwa,,,2647,2606,1595,550,496,54,41,1011,1045,54
2021/2022,Female,all,WAEC,College of Education,lga,Giade,North East,Bauchi,Giade,,,403,397,246,91,83,8,6,151,155,8
2021/2022,Female,all,WAEC,Polytechnic,lga,Dass,North East,Bauchi,Dass,,,752,741,454,140,131,9,11,287,314,9
2021/2022,Female,all,WAEC,Polytechnic,lga,Gamawa,North East,Bauchi,Gamawa,,,541,533,339,123,117,6,8,194,216,6
2021/2022,Female,all,WAEC,Polytechnic,lga,Ganjuwa,North East,Bauchi,Ganjuwa,,,1451,1429,911,333,302,31,22,518,578,31
2021/2022,Female,all,WAEC,Polytechnic,lga,Giade,North East,Bauchi,Giade,,,167,165,111,45,44,1,2,54,66,1
2021/2022,Female,all,WAEC,University,lga,Darazo,North East,Bauchi,Darazo,,,296,292,186,59,54,5,4,106,127,5
2021/2022,Female,all,WAEC,University,lga,Dass,North East,Bauchi,Dass,,,584,575,352,123,107,16,9,223,229,16
2021/2022,Female,all,WAEC,University,lga,Gamawa,North East,Bauchi,Gamawa,,,1122,1105,696,246,225,21,17,409,450,21
2021/2022,Female,all,WAEC,University,lga,Ganjuwa,North East,Bauchi,Ganjuwa,,,1311,1291,819,305,273,32,20,472,514,32
2021/2022,Female,all,WAEC,University,lga,Giade,North East,Bauchi,Giade,,,1475,1453,875,314,278,36,22,578,561,36
2021/2022,Female,disabled,NABTEB,College of Education,lga,Darazo,North East,Bauchi,Darazo,,,11,11,6,0,0,0,0,5,6,0
2021/2022,Female,disabled,NABTEB,College of Education,lga,Dass,North East,Bauchi,Dass,,,67,67,41,21,21,0,0,26,20,0
2021/2022,Female,disabled,NABTEB,College of Education,lga,Gamawa,North East,Bauchi,Gamawa,,,69,69,38,21,21,0,0,31,18,0
2021/2022,Female,disabled,NABTEB,College of Education,lga,Ganjuwa,North East,Bauchi,Ganjuwa,,,142,142,79,21,21,0,0,63,59,0
2021/2022,Female,disabled,NABTEB,College of Education,lga,Giade,North East,Bauchi,Giade,,,22,22,12,0,0,0,0,10,12,0
2021/2022,Female,disabled,NABTEB,Polytechnic,lga,Dass,North East,Bauchi,Dass,,,45,45,28,7,7,0,0,17,21,0
2021/2022,Female,disabled,NABTEB,Polytechnic,lga,Gamawa,North East,Bauchi,Gamawa,,,24,24,12,7,7,0,0,12,6,0
2021/2022,Female,disabled,NABTEB,Polytechnic,lga,Ganjuwa,North East,Bauchi,Ganjuwa,,,80,80,43,21,21,0,0,37,24,0
2021/2022,Female,disabled,NABTEB,Polytechnic,lga,Giade,North East,Bauchi,Giade,,,11,11,6,0,0,0,0,5,6,0
2021/2022,Female,disabled,NABTEB,University,lga,Darazo,North East,Bauchi,Darazo,,,17,17,10,7,7,0,0,7,3,0
2021/2022,Female,disabled,NABTEB,University,lga,Dass,North East,Bauchi,Dass,,,35,35,21,0,0,0,0,14,21,0
2021/2022,Female,disabled,NABTEB,University,lga,Gamawa,North East,Bauchi,Gamawa,,,62,62,35,7,7,0,0,27,28,0
2021/2022,Female,disabled,NABTEB,University,lga,Ganjuwa,North East,Bauchi,Ganjuwa,,,62,62,39,21,21,0,0,23,18,0
2021/2022,Female,disabled,NABTEB,University,lga,Giade,North East,Bauchi,Giade,,,69,69,36,21,21,0,0,33,18,0
2021/2022,Female,disabled,NECO,College of Education,lga,Darazo,North East,Bauchi,Darazo,,,18,18,9,5,6,0,0,9,4,0
2021/2022,Female,disabled,NECO,College of Education,lga,Dass,North East,Bauchi,Dass,,,90,90,51,20,24,0,0,39,31,0
2021/2022,Female,disabled,NECO,College of Education,lga,Gamawa,North East,Bauchi,Gamawa,,,129,129,75,30,36,0,0,54,45,0
2021/2022,Female,disabled,NECO,College of Education,lga,Ganjuwa,North East,Bauchi,Ganjuwa,,,207,207,114,40,48,0,0,93,74,0
2021/2022,Female,disabled,NECO,College of Education,lga,Giade,North East,Bauchi,Giade,,,36,36,20,5,6,0,0,16,15,0
2021/2022,Female,disabled,NECO,Polytechnic,lga,Dass,North East,Bauchi,Dass,,,66,66,37,20,24,0,0,29,17,0
2021/2022,Female,disabled,NECO,Polytechnic,lga,Gamawa,North East,Bauchi,Gamawa,,,39,39,22,5,6,0,0,17,17,0
2021/2022,Female,disabled,NECO,Polytechnic,lga,Ganjuwa,North East,Bauchi,Ganjuwa,,,129,129,76,35,42,0,0,53,41,0
2021/2022,Female,disabled,NECO,Polytechnic,lga,Giade,North East,Bauchi,Giade,,,12,12,6,5,6,0,0,6,1,0
2021/2022,Female,disabled,NECO,University,lga,Darazo,North East,Bauchi,Darazo,,,30,30,17,0,0,0,0,13,17,0
2021/2022,Female,disabled,NECO,University,lga,Dass,North East,Bauchi,Dass,,,45,45,26,10,12,0,0,19,16,0
2021/2022,Female,disabled,NECO,University,lga,Gamawa,North East,Bauchi,Gamawa,,,99,99,54,15,18,0,0,45,39,0
2021/2022,Female,disabled,NECO,University,lga,Ganjuwa,North East,Bauchi,Ganjuwa,,,111,111,65,20,24,0,0,46,45,0
2021/2022,Female,disabled,NECO,University,lga,Giade,North East,Bauchi,Giade,,,117,117,67,15,18,0,0,50,52,0
2021/2022,Female,disabled,WAEC,College of Education,lga,Darazo,North East,Bauchi,Darazo,,,24,24,13,5,5,0,0,11,8,0
2021/2022,Female,disabled,WAEC,College of Education,lga,Dass,North East,Bauchi,Dass,,,108,108,61,19,20,0,0,47,42,0
2021/2022,Female,disabled,WAEC,College of Education,lga,Gamawa,North East,Bauchi,Gamawa,,,182,180,101,33,35,0,2,79,68,0
2021/2022,Female,disabled,WAEC,College of Education,lga,Ganjuwa,North East,Bauchi,Ganjuwa,,,280,279,168,52,55,0,1,111,116,0
2021/2022,Female,disabled,WAEC,College of Education,lga,Giade,North East,Bauchi,Giade,,,45,45,26,9,10,0,0,19,17,0
2021/2022,Female,disabled,WAEC,Polytechnic,lga,Dass,North East,Bauchi,Dass,,,90,90,53,15,15,0,0,37,38,0
2021/2022,Female,disabled,WAEC,Polytechnic,lga,Gamawa,North East,Bauchi,Gamawa,,,51,51,29,10,10,0,0,22,19,0
2021/2022,Female,disabled,WAEC,Polytechnic,lga,Ganjuwa,North East,Bauchi,Ganjuwa,,,162,162,96,27,30,0,0,66,69,0
2021/2022,Female,disabled,WAEC,Polytechnic,lga,Giade,North East,Bauchi,Giade,,,15,15,11,4,5,0,0,4,7,0
2021/2022,Female,disabled,WAEC,University,lga,Darazo,North East,Bauchi,Darazo,,,40,39,21,4,5,0,1,18,17,0
2021/2022,Female,disabled,WAEC,University,lga,Dass,North East,Bauchi,Dass,,,54,54,32,14,15,0,0,22,18,0
2021/2022,Female,disabled,WAEC,University,lga,Gamawa,North East,Bauchi,Gamawa,,,117,117,68,25,25,0,0,49,43,0
2021/2022,Female,disabled,WAEC,University,lga,Ganjuwa,North East,Bauchi,Ganjuwa,,,129,129,75,23,25,0,0,54,52,0
2021/2022,Female,disabled,WAEC,University,lga,Giade,North East,Bauchi,Giade,,,154,153,85,29,35,0,1,68,56,0
2021/2022,Male,all,NABTEB,College of Education,lga,Darazo,North East,Bauchi,Darazo,,,92,91,52,13,14,0,1,39,39,0
2021/2022,Male,all,NABTEB,College of Education,lga,Dass,North East,Bauchi,Dass,,,489,482,296,114,103,13,7,186,182,13
2021/2022,Male,all,NABTEB,College of Education,lga,Gamawa,North East,Bauchi,Gamawa,,,669,658,409,127,118,12,11,249,282,12
2021/2022,Male,all,NABTEB,College of Education,lga,Ganjuwa,North East,Bauchi,Ganjuwa,,,1146,1131,701,208,195,19,15,430,493,19
2021/2022,Male,all,NABTEB,College of Education,lga,Giade,North East,Bauchi,Giade,,,196,194,120,33,28,6,2,74,87,6
2021/2022,Male,all,NABTEB,Polytechnic,lga,Dass,North East,Bauchi,Dass,,,317,313,191,59,63,0,4,122,132,0
2021/2022,Male,all,NABTEB,Polytechnic,lga,Gamawa,North East,Bauchi,Gamawa,,,228,225,140,40,35,6,3,85,100,6
2021/2022,Male,all,NABTEB,Polytechnic,lga,Ganjuwa,North East,Bauchi,Ganjuwa,,,663,654,405,134,111,25,9,249,271,25
2021/2022,Male,all,NABTEB,Polytechnic,lga,Giade,North East,Bauchi,Giade,,,101,100,65,20,14,6,1,35,45,6
2021/2022,Male,all,NABTEB,University,lga,Darazo,North East,Bauchi,Darazo,,,136,134,84,20,14,6,2,50,64,6
2021/2022,Male,all,NABTEB,University,lga,Dass,North East,Bauchi,Dass,,,278,274,165,46,49,0,4,109,119,0
2021/2022,Male,all,NABTEB,University,lga,Gamawa,North East,Bauchi,Gamawa,,,492,484,305,108,96,13,8,179,197,13
2021/2022,Male,all,NABTEB,University,lga,Ganjuwa,North East,Bauchi,Ganjuwa,,,564,556,358,142,115,28,8,198,216,28
2021/2022,Male,all,NABTEB,University,lga,Giade,North East,Bauchi,Giade,,,643,633,393,107,90,19,10,240,286,19
2021/2022,Male,all,NECO,College of Education,lga,Darazo,North East,Bauchi,Darazo,,,160,158,94,26,22,4,2,64,68,4
2021/2022,Male,all,NECO,College of Education,lga,Dass,North East,Bauchi,Dass,,,935,921,579,214,197,17,14,342,365,17
2021/2022,Male,all,NECO,College of Education,lga,Gamawa,North East,Bauchi,Gamawa,,,1276,1258,770,234,214,20,18,488,536,20
2021/2022,Male,all,NECO,College of Education,lga,Ganjuwa,North East,Bauchi,Ganjuwa,,,1851,1824,1103,333,290,43,27,721,770,43
2021/2022,Male,all,NECO,College of Education,lga,Giade,North East,Bauchi,Giade,,,639,630,391,120,107,13,9,239,271,13
2021/2022,Male,all,NECO,Polytechnic,lga,Dass,North East,Bauchi,Dass,,,609,600,359,109,95,14,9,241,250,14
2021/2022,Male,all,NECO,Polytechnic,lga,Gamawa,North East,Bauchi,Gamawa,,,406,400,257,73,67,6,6,143,184,6
2021/2022,Male,all,NECO,Polytechnic,lga,Ganjuwa,North East,Bauchi,Ganjuwa,,,1253,1234,767,266,237,29,19,467,501,29
2021/2022,Male,all,NECO,Polytechnic,lga,Giade,North East,Bauchi,Giade,,,166,164,103,36,34,2,2,61,67,2
2021/2022,Male,all,NECO,University,lga,Darazo,North East,Bauchi,Darazo,,,224,221,137,42,39,3,3,84,95,3
2021/2022,Male,all,NECO,University,lga,Dass,North East,Bauchi,Dass,,,500,493,314,94,83,11,7,179,220,11
2021/2022,Male,all,NECO,University,lga,Gamawa,North East,Bauchi,Gamawa,,,946,932,573,188,174,14,14,359,385,14
2021/2022,Male,all,NECO,University,lga,Ganjuwa,North East,Bauchi,Ganjuwa,,,1127,1111,696,229,203,26,16,415,467,26
2021/2022,Male,all,NECO,University,lga,Giade,North East,Bauchi,Giade,,,1172,1156,698,199,179,20,16,458,499,20
2021/2022,Male,all,WAEC,College of Education,lga,Darazo,North East,Bauchi,Darazo,,,226,223,127,32,29,3,3,96,95,3
2021/2022,Male,all,WAEC,College of Education,lga,Dass,North East,Bauchi,Dass,,,1160,1143,726,241,219,22,17,417,485,22
2021/2022,Male,all,WAEC,College of Education,lga,Gamawa,North East,Bauchi,Gamawa,,,1665,1640,1012,318,293,25,25,628,694,25
2021/2022,Male,all,WAEC,College of Education,lga,Ganjuwa,North East,Bauchi,Ganjuwa,,,2487,2450,1501,493,452,41,37,949,1008,41
2021/2022,Male,all,WAEC,College of Education,lga,Giade,North East,Bauchi,Giade,,,847,834,522,168,151,17,13,312,354,17
2021/2022,Male,all,WAEC,Polytechnic,lga,Dass,North East,Bauchi,Dass,,,813,801,501,159,141,18,12,300,342,18
2021/2022,Male,all,WAEC,Polytechnic,lga,Gamawa,North East,Bauchi,Gamawa,,,560,551,337,104,93,11,9,214,233,11
2021/2022,Male,all,WAEC,Polytechnic,lga,Ganjuwa,North East,Bauchi,Ganjuwa,,,1664,1639,1044,350,321,29,25,595,694,29
2021/2022,Male,all,WAEC,Polytechnic,lga,Giade,North East,Bauchi,Giade,,,226,223,133,50,44,6,3,90,83,6
2021/2022,Male,all,WAEC,University,lga,Darazo,North East,Bauchi,Darazo,,,336,331,201,59,54,5,5,130,142,5
2021/2022,Male,all,WAEC,University,lga,Dass,North East,Bauchi,Dass,,,663,653,400,118,102,16,10,253,282,16
2021/2022,Male,all,WAEC,University,lga,Gamawa,North East,Bauchi,Gamawa,,,1229,1210,738,237,210,27,19,472,501,27
2021/2022,Male,all,WAEC,University,lga,Ganjuwa,North East,Bauchi,Ganjuwa,,,1399,1378,846,286,258,28,21,532,560,28
2021/2022,Male,all,WAEC,University,lga,Giade,North East,Bauchi,Giade,,,1584,1562,950,305,273,32,22,612,645,32
2021/2022,Male,disabled,NABTEB,College of Education,lga,Darazo,North East,Bauchi,Darazo,,,11,11,7,0,0,0,0,4,7,0
2021/2022,Male,disabled,NABTEB,College of Education,lga,Dass,North East,Bauchi,Dass,,,56,56,34,21,21,0,0,22,13,0
2021/2022,Male,disabled,NABTEB,College of Education,lga,Gamawa,North East,Bauchi,Gamawa,,,77,77,47,21,21,0,0,30,26,0
2021/2022,Male,disabled,NABTEB,College of Education,lga,Ganjuwa,North East,Bauchi,Ganjuwa,,,132,132,76,7,7,0,0,56,69,0
2021/2022,Male,disabled,NABTEB,College of Education,lga,Giade,North East,Bauchi,Giade,,,36,36,18,0,0,0,0,18,18,0
2021/2022,Male,disabled,NABTEB,Polytechnic,lga,Dass,North East,Bauchi,Dass,,,44,44,27,7,7,0,0,17,20,0
2021/2022,Male,disabled,NABTEB,Polytechnic,lga,Gamawa,North East,Bauchi,Gamawa,,,23,23,14,0,0,0,0,9,14,0
2021/2022,Male,disabled,NABTEB,Polytechnic,lga,Ganjuwa,North East,Bauchi,Ganjuwa,,,86,86,46,7,7,0,0,40,39,0
2021/2022,Male,disabled,NABTEB,Polytechnic,lga,Giade,North East,Bauchi,Giade,,,11,11,6,0,0,0,0,5,6,0
2021/2022,Male,disabled,NABTEB,University,lga,Darazo,North East,Bauchi,Darazo,,,17,17,10,0,0,0,0,7,10,0
2021/2022,Male,disabled,NABTEB,University,lga,Dass,North East,Bauchi,Dass,,,35,35,21,0,0,0,0,14,21,0
2021/2022,Male,disabled,NABTEB,University,lga,Gamawa,North East,Bauchi,Gamawa,,,67,67,40,14,14,0,0,27,26,0
2021/2022,Male,disabled,NABTEB,University,lga,Ganjuwa,North East,Bauchi,Ganjuwa,,,62,62,39,21,21,0,0,23,19,0
2021/2022,Male,disabled,NABTEB,University,lga,Giade,North East,Bauchi,Giade,,,78,78,44,7,7,0,0,34,37,0
2021/2022,Male,disabled,NECO,College of Education,lga,Darazo,North East,Bauchi,Darazo,,,15,15,9,0,0,0,0,6,9,0
2021/2022,Male,disabled,NECO,College of Education,lga,Dass,North East,Bauchi,Dass,,,87,87,48,20,24,0,0,39,28,0
2021/2022,Male,disabled,NECO,College of Education,lga,Gamawa,North East,Bauchi,Gamawa,,,138,138,74,15,18,0,0,64,59,0
2021/2022,Male,disabled,NECO,College of Education,lga,Ganjuwa,North East,Bauchi,Ganjuwa,,,192,192,109,35,42,0,0,83,74,0
2021/2022,Male,disabled,NECO,College of Education,lga,Giade,North East,Bauchi,Giade,,,69,69,39,10,12,0,0,30,29,0
2021/2022,Male,disabled,NECO,Polytechnic,lga,Dass,North East,Bauchi,Dass,,,75,75,43,10,12,0,0,32,33,0
2021/2022,Male,disabled,NECO,Polytechnic,lga,Gamawa,North East,Bauchi,Gamawa,,,42,42,22,10,12,0,0,20,12,0
2021/2022,Male,disabled,NECO,Polytechnic,lga,Ganjuwa,North East,Bauchi,Ganjuwa,,,141,141,73,20,24,0,0,68,53,0
2021/2022,Male,disabled,NECO,Polytechnic,lga,Giade,North East,Bauchi,Giade,,,12,12,6,0,0,0,0,6,6,0
2021/2022,Male,disabled,NECO,University,lga,Darazo,North East,Bauchi,Darazo,,,33,33,17,5,6,0,0,16,12,0
2021/2022,Male,disabled,NECO,University,lga,Dass,North East,Bauchi,Dass,,,51,51,31,10,12,0,0,20,21,0
2021/2022,Male,disabled,NECO,University,lga,Gamawa,North East,Bauchi,Gamawa,,,105,105,58,25,30,0,0,47,33,0
2021/2022,Male,disabled,NECO,University,lga,Ganjuwa,North East,Bauchi,Ganjuwa,,,105,105,62,25,30,0,0,43,37,0
2021/2022,Male,disabled,NECO,University,lga,Giade,North East,Bauchi,Giade,,,136,135,74,15,18,0,1,61,59,0
2021/2022,Male,disabled,WAEC,College of Education,lga,Darazo,North East,Bauchi,Darazo,,,24,24,13,0,0,0,0,11,13,0
2021/2022,Male,disabled,WAEC,College of Education,lga,Dass,North East,Bauchi,Dass,,,117,117,70,20,20,0,0,47,50,0
2021/2022,Male,disabled,WAEC,College of Education,lga,Gamawa,North East,Bauchi,Gamawa,,,179,177,106,29,30,0,2,71,77,0
2021/2022,Male,disabled,WAEC,College of Education,lga,Ganjuwa,North East,Bauchi,Ganjuwa,,,253,252,149,47,50,0,1,103,102,0
2021/2022,Male,disabled,WAEC,College of Education,lga,Giade,North East,Bauchi,Giade,,,97,96,56,13,15,0,1,40,43,0
2021/2022,Male,disabled,WAEC,Polytechnic,lga,Dass,North East,Bauchi,Dass,,,96,96,57,15,15,0,0,39,42,0
2021/2022,Male,disabled,WAEC,Polytechnic,lga,Gamawa,North East,Bauchi,Gamawa,,,54,54,32,10,10,0,0,22,22,0
2021/2022,Male,disabled,WAEC,Polytechnic,lga,Ganjuwa,North East,Bauchi,Ganjuwa,,,194,192,109,28,30,0,2,83,81,0
2021/2022,Male,disabled,WAEC,Polytechnic,lga,Giade,North East,Bauchi,Giade,,,21,21,13,4,5,0,0,8,9,0
2021/2022,Male,disabled,WAEC,University,lga,Darazo,North East,Bauchi,Darazo,,,43,42,24,4,5,0,1,18,20,0
2021/2022,Male,disabled,WAEC,University,lga,Dass,North East,Bauchi,Dass,,,66,66,38,10,10,0,0,28,28,0
2021/2022,Male,disabled,WAEC,University,lga,Gamawa,North East,Bauchi,Gamawa,,,124,123,69,20,20,0,1,54,49,0
2021/2022,Male,disabled,WAEC,University,lga,Ganjuwa,North East,Bauchi,Ganjuwa,,,135,135,77,24,25,0,0,58,53,0
2021/2022,Male,disabled,WAEC,University,lga,Giade,North East,Bauchi,Giade,,,176,174,100,29,35,0,2,74,71,0
2022/2023,Female,all,NABTEB,College of Education,lga,Giade,North East,Bauchi,Giade,,,179,177,112,30,24,6,2,65,82,6
2022/2023,Female,all,NABTEB,College of Education,lga,Itas/Gadau,North East,Bauchi,Itas/Gadau,,,561,552,337,121,110,11,9,215,216,11
2022/2023,Female,all,NABTEB,College of Education,lga,Jama'Are,North East,Bauchi,Jama'Are,,,415,409,265,117,100,18,6,144,148,18
2022/2023,Female,all,NABTEB,College of Education,lga,Katagum,North East,Bauchi,Katagum,,,751,741,443,150,139,11,10,298,293,11
2022/2023,Female,all,NABTEB,College of Education,lga,Kirfi,North East,Bauchi,Kirfi,,,469,462,268,90,79,12,7,194,178,12
2022/2023,Female,all,NABTEB,Polytechnic,lga,Giade,North East,Bauchi,Giade,,,73,72,43,12,12,0,1,29,31,0
2022/2023,Female,all,NABTEB,Polytechnic,lga,Itas/Gadau,North East,Bauchi,Itas/Gadau,,,215,212,127,42,42,0,3,85,85,0
2022/2023,Female,all,NABTEB,Polytechnic,lga,Jama'Are,North East,Bauchi,Jama'Are,,,204,201,123,48,36,12,3,78,75,12
2022/2023,Female,all,NABTEB,Polytechnic,lga,Katagum,North East,Bauchi,Katagum,,,506,499,309,120,98,22,7,190,189,22
2022/2023,Female,all,NABTEB,Polytechnic,lga,Kirfi,North East,Bauchi,Kirfi,,,126,124,77,36,36,0,2,47,41,0
2022/2023,Female,all,NABTEB,University,lga,Giade,North East,Bauchi,Giade,,,118,116,74,24,25,0,2,42,50,0
2022/2023,Female,all,NABTEB,University,lga,Itas/Gadau,North East,Bauchi,Itas/Gadau,,,314,309,185,78,73,5,5,124,107,5
2022/2023,Female,all,NABTEB,University,lga,Jama'Are,North East,Bauchi,Jama'Are,,,361,356,216,72,68,5,5,140,144,5
2022/2023,Female,all,NABTEB,University,lga,Katagum,North East,Bauchi,Katagum,,,514,506,323,134,117,17,8,183,189,17
2022/2023,Female,all,NABTEB,University,lga,Kirfi,North East,Bauchi,Kirfi,,,393,388,234,85,73,12,5,154,149,12
2022/2023,Female,all,NABTEB,University,lga,Misau,North East,Bauchi,Misau,,,158,155,90,24,18,6,3,65,66,6
2022/2023,Female,all,NECO,College of Education,lga,Giade,North East,Bauchi,Giade,,,328,323,182,61,55,6,5,141,121,6
2022/2023,Female,all,NECO,College of Education,lga,Itas/Gadau,North East,Bauchi,Itas/Gadau,,,1038,1022,636,216,202,15,16,386,420,15
2022/2023,Female,all,NECO,College of Education,lga,Jama'Are,North East,Bauchi,Jama'Are,,,785,774,481,173,153,20,11,293,308,20
2022/2023,Female,all,NECO,College of Education,lga,Katagum,North East,Bauchi,Katagum,,,1403,1383,846,276,247,29,20,537,570,29
2022/2023,Female,all,NECO,College of Education,lga,Kirfi,North East,Bauchi,Kirfi,,,825,812,490,172,153,19,13,322,318,19
2022/2023,Female,all,NECO,Polytechnic,lga,Giade,North East,Bauchi,Giade,,,130,128,78,28,25,3,2,50,50,3
2022/2023,Female,all,NECO,Polytechnic,lga,Itas/Gadau,North East,Bauchi,Itas/Gadau,,,405,399,250,89,80,9,6,149,161,9
2022/2023,Female,all,NECO,Polytechnic,lga,Jama'Are,North East,Bauchi,Jama'Are,,,426,419,251,89,82,7,7,168,162,7
2022/2023,Female,all,NECO,Polytechnic,lga,Katagum,North East,Bauchi,Katagum,,,922,908,559,201,188,13,14,349,358,13
2022/2023,Female,all,NECO,Polytechnic,lga,Kirfi,North East,Bauchi,Kirfi,,,239,236,153,56,50,6,3,83,97,6
2022/2023,Female,all,NECO,University,lga,Giade,North East,Bauchi,Giade,,,221,218,126,37,36,1,3,92,89,1
2022/2023,Female,all,NECO,University,lga,Itas/Gadau,North East,Bauchi,Itas/Gadau,,,521,513,308,107,95,12,8,205,201,12
2022/2023,Female,all,NECO,University,lga,Jama'Are,North East,Bauchi,Jama'Are,,,727,716,430,145,138,7,11,286,285,7
2022/2023,Female,all,NECO,University,lga,Katagum,North East,Bauchi,Katagum,,,965,951,596,211,188,23,14,355,385,23
2022/2023,Female,all,NECO,University,lga,Kirfi,North East,Bauchi,Kirfi,,,758,746,463,160,142,18,12,283,303,18
2022/2023,Female,all,NECO,University,lga,Misau,North East,Bauchi,Misau,,,298,294,171,46,46,1,4,123,125,1
2022/2023,Female,all,WAEC,College of Education,lga,Giade,North East,Bauchi,Giade,,,416,410,234,82,74,8,6,176,152,8
2022/2023,Female,all,WAEC,College of Education,lga,Itas/Gadau,North East,Bauchi,Itas/Gadau,,,1345,1325,821,296,258,38,20,504,525,38
2022/2023,Female,all,WAEC,College of Education,lga,Jama'Are,North East,Bauchi,Jama'Are,,,1026,1011,620,243,214,29,15,391,377,29
2022/2023,Female,all,WAEC,College of Education,lga,Katagum,North East,Bauchi,Katagum,,,1704,1679,1024,358,329,29,25,655,666,29
2022/2023,Female,all,WAEC,College of Education,lga,Kirfi,North East,Bauchi,Kirfi,,,1299,1280,763,267,240,27,19,517,496,27
2022/2023,Female,all,WAEC,Polytechnic,lga,Giade,North East,Bauchi,Giade,,,174,171,105,37,35,2,3,66,68,2
2022/2023,Female,all,WAEC,Polytechnic,lga,Itas/Gadau,North East,Bauchi,Itas/Gadau,,,546,538,337,115,101,14,8,201,222,14
2022/2023,Female,all,WAEC,Polytechnic,lga,Jama'Are,North East,Bauchi,Jama'Are,,,502,494,302,95,83,12,8,192,207,12
2022/2023,Female,all,WAEC,Polytechnic,lga,Katagum,North East,Bauchi,Katagum,,,1272,1253,756,284,257,27,19,497,472,27
2022/2023,Female,all,WAEC,Polytechnic,lga,Kirfi,North East,Bauchi,Kirfi,,,310,305,187,66,62,4,5,118,121,4
2022/2023,Female,all,WAEC,University,lga,Giade,North East,Bauchi,Giade,,,266,262,152,49,44,5,4,110,103,5
2022/2023,Female,all,WAEC,University,lga,Itas/Gadau,North East,Bauchi,Itas/Gadau,,,743,732,439,144,131,13,11,293,295,13
2022/2023,Female,all,WAEC,University,lga,Jama'Are,North East,Bauchi,Jama'Are,,,998,983,587,202,183,19,15,396,385,19
2022/2023,Female,all,WAEC,University,lga,Katagum,North East,Bauchi,Katagum,,,1340,1320,819,300,270,30,20,501,519,30
2022/2023,Female,all,WAEC,University,lga,Kirfi,North East,Bauchi,Kirfi,,,943,930,554,201,175,26,13,376,353,26
2022/2023,Female,all,WAEC,University,lga,Misau,North East,Bauchi,Misau,,,378,372,220,66,57,9,6,152,154,9
2022/2023,Female,disabled,NABTEB,College of Education,lga,Giade,North East,Bauchi,Giade,,,22,22,12,0,0,0,0,10,12,0
2022/2023,Female,disabled,NABTEB,College of Education,lga,Itas/Gadau,North East,Bauchi,Itas/Gadau,,,66,66,36,18,18,0,0,30,18,0
2022/2023,Female,disabled,NABTEB,College of Education,lga,Jama'Are,North East,Bauchi,Jama'Are,,,45,45,24,18,18,0,0,21,6,0
2022/2023,Female,disabled,NABTEB,College of Education,lga,Katagum,North East,Bauchi,Katagum,,,102,102,57,18,18,0,0,45,39,0
2022/2023,Female,disabled,NABTEB,College of Education,lga,Kirfi,North East,Bauchi,Kirfi,,,69,69,36,18,18,0,0,33,18,0
2022/2023,Female,disabled,NABTEB,Polytechnic,lga,Giade,North East,Bauchi,Giade,,,11,11,6,0,0,0,0,5,6,0
2022/2023,Female,disabled,NABTEB,Polytechnic,lga,Itas/Gadau,North East,Bauchi,Itas/Gadau,,,33,33,18,6,6,0,0,15,12,0
2022/2023,Female,disabled,NABTEB,Polytechnic,lga,Jama'Are,North East,Bauchi,Jama'Are,,,22,22,12,6,6,0,0,10,6,0
2022/2023,Female,disabled,NABTEB,Polytechnic,lga,Katagum,North East,Bauchi,Katagum,,,69,69,39,24,24,0,0,30,15,0
2022/2023,Female,disabled,NABTEB,Polytechnic,lga,Kirfi,North East,Bauchi,Kirfi,,,22,22,12,12,12,0,0,10,0,0
2022/2023,Female,disabled,NABTEB,University,lga,Giade,North East,Bauchi,Giade,,,17,17,9,6,6,0,0,8,3,0
2022/2023,Female,disabled,NABTEB,University,lga,Itas/Gadau,North East,Bauchi,Itas/Gadau,,,44,44,24,18,18,0,0,20,6,0
2022/2023,Female,disabled,NABTEB,University,lga,Jama'Are,North East,Bauchi,Jama'Are,,,44,44,24,12,12,0,0,20,12,0
2022/2023,Female,disabled,NABTEB,University,lga,Katagum,North East,Bauchi,Katagum,,,58,58,33,24,24,0,0,25,9,0
2022/2023,Female,disabled,NABTEB,University,lga,Kirfi,North East,Bauchi,Kirfi,,,50,50,27,12,12,0,0,23,15,0
2022/2023,Female,disabled,NABTEB,University,lga,Misau,North East,Bauchi,Misau,,,22,22,12,0,0,0,0,10,12,0
2022/2023,Female,disabled,NECO,College of Education,lga,Giade,North East,Bauchi,Giade,,,40,40,22,10,10,0,0,18,12,0
2022/2023,Female,disabled,NECO,College of Education,lga,Itas/Gadau,North East,Bauchi,Itas/Gadau,,,103,103,62,20,20,0,0,41,42,0
2022/2023,Female,disabled,NECO,College of Education,lga,Jama'Are,North East,Bauchi,Jama'Are,,,73,73,43,15,15,0,0,30,28,0
2022/2023,Female,disabled,NECO,College of Education,lga,Katagum,North East,Bauchi,Katagum,,,142,142,77,30,30,0,0,65,47,0
2022/2023,Female,disabled,NECO,College of Education,lga,Kirfi,North East,Bauchi,Kirfi,,,107,107,63,30,30,0,0,44,33,0
2022/2023,Female,disabled,NECO,Polytechnic,lga,Giade,North East,Bauchi,Giade,,,20,20,13,5,5,0,0,7,8,0
2022/2023,Female,disabled,NECO,Polytechnic,lga,Itas/Gadau,North East,Bauchi,Itas/Gadau,,,44,44,24,10,10,0,0,20,14,0
2022/2023,Female,disabled,NECO,Polytechnic,lga,Jama'Are,North East,Bauchi,Jama'Are,,,40,40,22,10,10,0,0,18,12,0
2022/2023,Female,disabled,NECO,Polytechnic,lga,Katagum,North East,Bauchi,Katagum,,,109,109,62,30,30,0,0,47,32,0
2022/2023,Female,disabled,NECO,Polytechnic,lga,Kirfi,North East,Bauchi,Kirfi,,,24,24,16,10,10,0,0,8,6,0
2022/2023,Female,disabled,NECO,University,lga,Giade,North East,Bauchi,Giade,,,29,29,16,4,5,0,0,13,12,0
2022/2023,Female,disabled,NECO,University,lga,Itas/Gadau,North East,Bauchi,Itas/Gadau,,,59,59,32,20,20,0,0,27,12,0
2022/2023,Female,disabled,NECO,University,lga,Jama'Are,North East,Bauchi,Jama'Are,,,82,82,45,10,10,0,0,37,35,0
2022/2023,Female,disabled,NECO,University,lga,Katagum,North East,Bauchi,Katagum,,,99,99,56,20,20,0,0,43,36,0
2022/2023,Female,disabled,NECO,University,lga,Kirfi,North East,Bauchi,Kirfi,,,84,84,49,20,20,0,0,35,29,0
2022/2023,Female,disabled,NECO,University,lga,Misau,North East,Bauchi,Misau,,,29,29,13,5,5,0,0,16,8,0
2022/2023,Female,disabled,WAEC,College of Education,lga,Giade,North East,Bauchi,Giade,,,49,49,28,8,8,0,0,21,20,0
2022/2023,Female,disabled,WAEC,College of Education,lga,Itas/Gadau,North East,Bauchi,Itas/Gadau,,,131,131,78,20,23,0,0,53,58,0
2022/2023,Female,disabled,WAEC,College of Education,lga,Jama'Are,North East,Bauchi,Jama'Are,,,105,103,60,20,22,0,2,43,40,0
2022/2023,Female,disabled,WAEC,College of Education,lga,Katagum,North East,Bauchi,Katagum,,,192,191,112,36,38,0,1,79,76,0
2022/2023,Female,disabled,WAEC,College of Education,lga,Kirfi,North East,Bauchi,Kirfi,,,138,138,82,24,24,0,0,56,58,0
2022/2023,Female,disabled,WAEC,Polytechnic,lga,Giade,North East,Bauchi,Giade,,,23,23,12,4,4,0,0,11,8,0
2022/2023,Female,disabled,WAEC,Polytechnic,lga,Itas/Gadau,North East,Bauchi,Itas/Gadau,,,64,64,38,12,14,0,0,26,26,0
2022/2023,Female,disabled,WAEC,Polytechnic,lga,Jama'Are,North East,Bauchi,Jama'Are,,,46,46,26,8,9,0,0,20,18,0
2022/2023,Female,disabled,WAEC,Polytechnic,lga,Katagum,North East,Bauchi,Katagum,,,145,145,85,24,25,0,0,60,61,0
2022/2023,Female,disabled,WAEC,Polytechnic,lga,Kirfi,North East,Bauchi,Kirfi,,,27,27,16,8,8,0,0,11,8,0
2022/2023,Female,disabled,WAEC,University,lga,Giade,North East,Bauchi,Giade,,,36,35,20,4,5,0,1,15,16,0
2022/2023,Female,disabled,WAEC,University,lga,Itas/Gadau,North East,Bauchi,Itas/Gadau,,,70,70,42,16,17,0,0,28,26,0
2022/2023,Female,disabled,WAEC,University,lga,Jama'Are,North East,Bauchi,Jama'Are,,,114,113,65,16,17,0,1,48,49,0
2022/2023,Female,disabled,WAEC,University,lga,Katagum,North East,Bauchi,Katagum,,,134,133,77,24,26,0,1,56,53,0
2022/2023,Female,disabled,WAEC,University,lga,Kirfi,North East,Bauchi,Kirfi,,,114,113,63,20,21,0,1,50,43,0
2022/2023,Female,disabled,WAEC,University,lga,Misau,North East,Bauchi,Misau,,,38,38,21,8,8,0,0,17,13,0
2022/2023,Male,all,NABTEB,College of Education,lga,Giade,North East,Bauchi,Giade,,,176,174,106,24,24,0,2,68,82,0
2022/2023,Male,all,NABTEB,College of Education,lga,Itas/Gadau,North East,Bauchi,Itas/Gadau,,,505,497,318,122,104,18,8,179,196,18
2022/2023,Male,all,NABTEB,College of Education,lga,Jama'Are,North East,Bauchi,Jama'Are,,,429,422,268,97,81,17,7,154,171,17
2022/2023,Male,all,NABTEB,College of Education,lga,Katagum,North East,Bauchi,Katagum,,,888,876,524,144,126,18,12,352,380,18
2022/2023,Male,all,NABTEB,College of Education,lga,Kirfi,North East,Bauchi,Kirfi,,,588,580,359,96,84,12,8,221,263,12
2022/2023,Male,all,NABTEB,Polytechnic,lga,Itas/Gadau,North East,Bauchi,Itas/Gadau,,,316,312,184,54,54,0,4,128,130,0
2022/2023,Male,all,NABTEB,Polytechnic,lga,Jama'Are,North East,Bauchi,Jama'Are,,,213,210,124,30,24,6,3,86,94,6
2022/2023,Male,all,NABTEB,Polytechnic,lga,Katagum,North East,Bauchi,Katagum,,,596,588,362,127,110,18,8,226,235,18
2022/2023,Male,all,NABTEB,Polytechnic,lga,Kirfi,North East,Bauchi,Kirfi,,,148,146,90,30,30,0,2,56,60,0
2022/2023,Male,all,NABTEB,University,lga,Giade,North East,Bauchi,Giade,,,135,133,80,24,18,6,2,53,56,6
2022/2023,Male,all,NABTEB,University,lga,Itas/Gadau,North East,Bauchi,Itas/Gadau,,,323,318,194,54,48,6,5,124,140,6
2022/2023,Male,all,NABTEB,University,lga,Jama'Are,North East,Bauchi,Jama'Are,,,405,400,244,85,80,6,5,156,159,6
2022/2023,Male,all,NABTEB,University,lga,Katagum,North East,Bauchi,Katagum,,,530,522,317,108,86,22,8,205,209,22
2022/2023,Male,all,NABTEB,University,lga,Kirfi,North East,Bauchi,Kirfi,,,423,416,257,72,61,11,7,159,185,11
2022/2023,Male,all,NABTEB,University,lga,Misau,North East,Bauchi,Misau,,,172,169,93,24,18,6,3,76,69,6
2022/2023,Male,all,NECO,College of Education,lga,Giade,North East,Bauchi,Giade,,,321,317,180,56,50,6,4,137,124,6
2022/2023,Male,all,NECO,College of Education,lga,Itas/Gadau,North East,Bauchi,Itas/Gadau,,,965,951,581,197,178,19,14,370,384,19
2022/2023,Male,all,NECO,College of Education,lga,Jama'Are,North East,Bauchi,Jama'Are,,,776,765,457,155,137,18,11,308,302,18
2022/2023,Male,all,NECO,College of Education,lga,Katagum,North East,Bauchi,Katagum,,,1620,1597,957,303,273,30,23,640,654,30
2022/2023,Male,all,NECO,College of Education,lga,Kirfi,North East,Bauchi,Kirfi,,,1040,1025,615,191,178,13,15,410,424,13
2022/2023,Male,all,NECO,Polytechnic,lga,Itas/Gadau,North East,Bauchi,Itas/Gadau,,,600,591,361,108,96,12,9,230,253,12
2022/2023,Male,all,NECO,Polytechnic,lga,Jama'Are,North East,Bauchi,Jama'Are,,,464,457,275,89,82,7,7,182,186,7
2022/2023,Male,all,NECO,Polytechnic,lga,Katagum,North East,Bauchi,Katagum,,,1134,1117,693,234,209,25,17,424,459,25
2022/2023,Male,all,NECO,Polytechnic,lga,Kirfi,North East,Bauchi,Kirfi,,,104,102,64,23,20,3,2,38,41,3
2022/2023,Male,all,NECO,Polytechnic,lga,Misau,North East,Bauchi,Misau,,,165,163,96,33,31,2,2,67,63,2
2022/2023,Male,all,NECO,University,lga,Giade,North East,Bauchi,Giade,,,236,233,136,42,41,1,3,97,94,1
2022/2023,Male,all,NECO,University,lga,Itas/Gadau,North East,Bauchi,Itas/Gadau,,,568,559,349,102,90,12,9,210,247,12
2022/2023,Male,all,NECO,University,lga,Jama'Are,North East,Bauchi,Jama'Are,,,792,780,460,140,133,7,12,320,320,7
2022/2023,Male,all,NECO,University,lga,Katagum,North East,Bauchi,Katagum,,,1047,1031,633,206,194,12,16,398,427,12
2022/2023,Male,all,NECO,University,lga,Kirfi,North East,Bauchi,Kirfi,,,818,806,499,164,148,16,12,307,335,16
2022/2023,Male,all,NECO,University,lga,Misau,North East,Bauchi,Misau,,,349,344,200,61,56,5,5,144,139,5
2022/2023,Male,all,WAEC,College of Education,lga,Giade,North East,Bauchi,Giade,,,446,439,262,74,66,8,7,177,188,8
2022/2023,Male,all,WAEC,College of Education,lga,Itas/Gadau,North East,Bauchi,Itas/Gadau,,,1196,1179,728,247,219,28,17,451,481,28
2022/2023,Male,all,WAEC,College of Education,lga,Jama'Are,North East,Bauchi,Jama'Are,,,1033,1017,615,198,178,20,16,402,417,20
2022/2023,Male,all,WAEC,College of Education,lga,Katagum,North East,Bauchi,Katagum,,,2144,2113,1275,404,362,42,31,838,871,42
2022/2023,Male,all,WAEC,College of Education,lga,Kirfi,North East,Bauchi,Kirfi,,,1406,1385,829,259,236,23,21,556,570,23
2022/2023,Male,all,WAEC,Polytechnic,lga,Itas/Gadau,North East,Bauchi,Itas/Gadau,,,773,762,471,156,145,11,11,291,315,11
2022/2023,Male,all,WAEC,Polytechnic,lga,Jama'Are,North East,Bauchi,Jama'Are,,,534,526,314,103,91,12,8,212,211,12
2022/2023,Male,all,WAEC,Polytechnic,lga,Katagum,North East,Bauchi,Katagum,,,1444,1424,884,314,279,35,20,540,570,35
2022/2023,Male,all,WAEC,Polytechnic,lga,Kirfi,North East,Bauchi,Kirfi,,,133,131,80,29,26,3,2,51,51,3
2022/2023,Male,all,WAEC,Polytechnic,lga,Misau,North East,Bauchi,Misau,,,204,201,122,41,35,6,3,79,81,6
2022/2023,Male,all,WAEC,University,lga,Giade,North East,Bauchi,Giade,,,310,305,177,53,48,5,5,128,124,5
2022/2023,Male,all,WAEC,University,lga,Itas/Gadau,North East,Bauchi,Itas/Gadau,,,758,747,450,144,131,13,11,297,306,13
2022/2023,Male,all,WAEC,University,lga,Jama'Are,North East,Bauchi,Jama'Are,,,1128,1111,687,222,205,17,17,424,465,17
2022/2023,Male,all,WAEC,University,lga,Katagum,North East,Bauchi,Katagum,,,1335,1315,801,272,244,28,20,514,529,28
2022/2023,Male,all,WAEC,University,lga,Kirfi,North East,Bauchi,Kirfi,,,1059,1044,629,202,174,28,15,415,427,28
2022/2023,Male,all,WAEC,University,lga,Misau,North East,Bauchi,Misau,,,440,433,254,87,79,8,7,179,167,8
2022/2023,Male,disabled,NABTEB,College of Education,lga,Giade,North East,Bauchi,Giade,,,22,22,12,0,0,0,0,10,12,0
2022/2023,Male,disabled,NABTEB,College of Education,lga,Itas/Gadau,North East,Bauchi,Itas/Gadau,,,58,58,33,18,18,0,0,25,15,0
2022/2023,Male,disabled,NABTEB,College of Education,lga,Jama'Are,North East,Bauchi,Jama'Are,,,53,53,30,18,18,0,0,23,12,0
2022/2023,Male,disabled,NABTEB,College of Education,lga,Katagum,North East,Bauchi,Katagum,,,105,105,57,6,6,0,0,48,51,0
2022/2023,Male,disabled,NABTEB,College of Education,lga,Kirfi,North East,Bauchi,Kirfi,,,69,69,36,0,0,0,0,33,36,0
2022/2023,Male,disabled,NABTEB,Polytechnic,lga,Itas/Gadau,North East,Bauchi,Itas/Gadau,,,44,44,24,6,6,0,0,20,18,0
2022/2023,Male,disabled,NABTEB,Polytechnic,lga,Jama'Are,North East,Bauchi,Jama'Are,,,22,22,12,0,0,0,0,10,12,0
2022/2023,Male,disabled,NABTEB,Polytechnic,lga,Katagum,North East,Bauchi,Katagum,,,78,78,42,18,18,0,0,36,24,0
2022/2023,Male,disabled,NABTEB,Polytechnic,lga,Kirfi,North East,Bauchi,Kirfi,,,11,11,6,6,6,0,0,5,0,0
2022/2023,Male,disabled,NABTEB,Polytechnic,lga,Misau,North East,Bauchi,Misau,,,11,11,6,0,0,0,0,5,6,0
2022/2023,Male,disabled,NABTEB,University,lga,Giade,North East,Bauchi,Giade,,,17,17,9,6,6,0,0,8,3,0
2022/2023,Male,disabled,NABTEB,University,lga,Itas/Gadau,North East,Bauchi,Itas/Gadau,,,44,44,24,0,0,0,0,20,24,0
2022/2023,Male,disabled,NABTEB,University,lga,Jama'Are,North East,Bauchi,Jama'Are,,,53,53,30,12,12,0,0,23,18,0
2022/2023,Male,disabled,NABTEB,University,lga,Katagum,North East,Bauchi,Katagum,,,61,61,33,6,6,0,0,28,27,0
2022/2023,Male,disabled,NABTEB,University,lga,Kirfi,North East,Bauchi,Kirfi,,,53,53,27,0,0,0,0,26,27,0
2022/2023,Male,disabled,NABTEB,University,lga,Misau,North East,Bauchi,Misau,,,22,22,12,0,0,0,0,10,12,0
2022/2023,Male,disabled,NECO,College of Education,lga,Giade,North East,Bauchi,Giade,,,38,38,22,10,10,0,0,16,12,0
2022/2023,Male,disabled,NECO,College of Education,lga,Itas/Gadau,North East,Bauchi,Itas/Gadau,,,93,93,50,20,20,0,0,43,30,0
2022/2023,Male,disabled,NECO,College of Education,lga,Jama'Are,North East,Bauchi,Jama'Are,,,90,90,51,15,15,0,0,39,36,0
2022/2023,Male,disabled,NECO,College of Education,lga,Katagum,North East,Bauchi,Katagum,,,158,158,87,30,30,0,0,71,57,0
2022/2023,Male,disabled,NECO,College of Education,lga,Kirfi,North East,Bauchi,Kirfi,,,116,116,62,25,25,0,0,54,37,0
2022/2023,Male,disabled,NECO,Polytechnic,lga,Itas/Gadau,North East,Bauchi,Itas/Gadau,,,73,73,37,10,10,0,0,36,27,0
2022/2023,Male,disabled,NECO,Polytechnic,lga,Jama'Are,North East,Bauchi,Jama'Are,,,46,46,26,10,10,0,0,20,16,0
2022/2023,Male,disabled,NECO,Polytechnic,lga,Katagum,North East,Bauchi,Katagum,,,131,131,77,20,20,0,0,54,57,0
2022/2023,Male,disabled,NECO,Polytechnic,lga,Kirfi,North East,Bauchi,Kirfi,,,12,12,5,5,5,0,0,7,0,0
2022/2023,Male,disabled,NECO,Polytechnic,lga,Misau,North East,Bauchi,Misau,,,15,15,8,5,5,0,0,7,3,0
2022/2023,Male,disabled,NECO,University,lga,Giade,North East,Bauchi,Giade,,,32,32,19,5,5,0,0,13,14,0
2022/2023,Male,disabled,NECO,University,lga,Itas/Gadau,North East,Bauchi,Itas/Gadau,,,62,62,37,10,10,0,0,25,27,0
2022/2023,Male,disabled,NECO,University,lga,Jama'Are,North East,Bauchi,Jama'Are,,,92,92,51,15,15,0,0,41,36,0
2022/2023,Male,disabled,NECO,University,lga,Katagum,North East,Bauchi,Katagum,,,104,104,60,19,20,0,0,44,41,0
2022/2023,Male,disabled,NECO,University,lga,Kirfi,North East,Bauchi,Kirfi,,,93,93,50,20,20,0,0,43,30,0
2022/2023,Male,disabled,NECO,University,lga,Misau,North East,Bauchi,Misau,,,35,35,19,10,10,0,0,16,9,0
2022/2023,Male,disabled,WAEC,College of Education,lga,Giade,North East,Bauchi,Giade,,,46,46,25,4,5,0,0,21,21,0
2022/2023,Male,disabled,WAEC,College of Education,lga,Itas/Gadau,North East,Bauchi,Itas/Gadau,,,120,119,70,20,22,0,1,49,50,0
2022/2023,Male,disabled,WAEC,College of Education,lga,Jama'Are,North East,Bauchi,Jama'Are,,,128,126,70,20,21,0,2,56,50,0
2022/2023,Male,disabled,WAEC,College of Education,lga,Katagum,North East,Bauchi,Katagum,,,207,206,118,40,43,0,1,88,78,0
2022/2023,Male,disabled,WAEC,College of Education,lga,Kirfi,North East,Bauchi,Kirfi,,,157,156,94,24,24,0,1,62,70,0
2022/2023,Male,disabled,WAEC,Polytechnic,lga,Itas/Gadau,North East,Bauchi,Itas/Gadau,,,95,95,52,16,17,0,0,43,36,0
2022/2023,Male,disabled,WAEC,Polytechnic,lga,Jama'Are,North East,Bauchi,Jama'Are,,,49,49,28,8,8,0,0,21,20,0
2022/2023,Male,disabled,WAEC,Polytechnic,lga,Katagum,North East,Bauchi,Katagum,,,174,172,97,24,25,0,2,75,73,0
2022/2023,Male,disabled,WAEC,Polytechnic,lga,Kirfi,North East,Bauchi,Kirfi,,,12,12,8,4,4,0,0,4,4,0
2022/2023,Male,disabled,WAEC,Polytechnic,lga,Misau,North East,Bauchi,Misau,,,17,17,10,4,4,0,0,7,6,0
2022/2023,Male,disabled,WAEC,University,lga,Giade,North East,Bauchi,Giade,,,45,44,25,4,4,0,1,19,21,0
2022/2023,Male,disabled,WAEC,University,lga,Itas/Gadau,North East,Bauchi,Itas/Gadau,,,82,82,44,16,18,0,0,38,28,0
2022/2023,Male,disabled,WAEC,University,lga,Jama'Are,North East,Bauchi,Jama'Are,,,131,130,75,20,23,0,1,55,55,0
2022/2023,Male,disabled,WAEC,University,lga,Katagum,North East,Bauchi,Katagum,,,136,136,76,20,20,0,0,60,56,0
2022/2023,Male,disabled,WAEC,University,lga,Kirfi,North East,Bauchi,Kirfi,,,123,122,68,16,17,0,1,54,52,0
2022/2023,Male,disabled,WAEC,University,lga,Misau,North East,Bauchi,Misau,,,40,40,23,8,8,0,0,17,15,0
2023/2024,Female,all,NABTEB,College of Education,lga,Misau,North East,Bauchi,Misau,,,744,733,462,166,154,12,11,271,296,12
2023/2024,Female,all,NABTEB,College of Education,lga,Ningi,North East,Bauchi,Ningi,,,586,577,375,132,116,16,9,202,243,16
2023/2024,Female,all,NABTEB,College of Education,lga,Shira,North East,Bauchi,Shira,,,524,516,313,108,103,6,8,203,205,6
2023/2024,Female,all,NABTEB,College of Education,lga,Tafawa-Balewa,North East,Bauchi,Tafawa-Balewa,,,547,539,329,125,102,24,8,210,204,24
2023/2024,Female,all,NABTEB,Polytechnic,lga,Misau,North East,Bauchi,Misau,,,301,297,192,63,64,0,4,105,129,0
2023/2024,Female,all,NABTEB,Polytechnic,lga,Ningi,North East,Bauchi,Ningi,,,293,289,187,81,64,17,4,102,106,17
2023/2024,Female,all,NABTEB,Polytechnic,lga,Shira,North East,Bauchi,Shira,,,307,303,196,82,77,5,4,107,114,5
2023/2024,Female,all,NABTEB,Polytechnic,lga,Tafawa-Balewa,North East,Bauchi,Tafawa-Balewa,,,257,253,164,69,64,5,4,89,95,5
2023/2024,Female,all,NABTEB,University,lga,Misau,North East,Bauchi,Misau,,,416,410,255,101,90,11,6,155,154,11
2023/2024,Female,all,NABTEB,University,lga,Ningi,North East,Bauchi,Ningi,,,408,401,255,100,84,16,7,146,155,16
2023/2024,Female,all,NABTEB,University,lga,Shira,North East,Bauchi,Shira,,,459,452,303,139,121,18,7,149,164,18
2023/2024,Female,all,NABTEB,University,lga,Tafawa-Balewa,North East,Bauchi,Tafawa-Balewa,,,650,640,410,145,127,18,10,230,265,18
2023/2024,Female,all,NECO,College of Education,lga,Misau,North East,Bauchi,Misau,,,1327,1309,831,293,271,22,18,478,538,22
2023/2024,Female,all,NECO,College of Education,lga,Ningi,North East,Bauchi,Ningi,,,1064,1049,661,221,204,17,15,388,440,17
2023/2024,Female,all,NECO,College of Education,lga,Shira,North East,Bauchi,Shira,,,981,966,619,212,193,19,15,347,407,19
2023/2024,Female,all,NECO,College of Education,lga,Tafawa-Balewa,North East,Bauchi,Tafawa-Balewa,,,984,970,602,196,184,12,14,368,406,12
2023/2024,Female,all,NECO,Polytechnic,lga,Misau,North East,Bauchi,Misau,,,515,508,321,115,104,11,7,187,206,11
2023/2024,Female,all,NECO,Polytechnic,lga,Ningi,North East,Bauchi,Ningi,,,558,551,360,129,126,3,7,191,231,3
2023/2024,Female,all,NECO,Polytechnic,lga,Shira,North East,Bauchi,Shira,,,616,608,387,128,126,4,8,221,259,4
2023/2024,Female,all,NECO,Polytechnic,lga,Tafawa-Balewa,North East,Bauchi,Tafawa-Balewa,,,449,443,280,106,94,12,6,163,174,12
2023/2024,Female,all,NECO,University,lga,Misau,North East,Bauchi,Misau,,,747,736,462,158,142,16,11,274,304,16
2023/2024,Female,all,NECO,University,lga,Ningi,North East,Bauchi,Ningi,,,728,717,456,154,141,13,11,261,302,13
2023/2024,Female,all,NECO,University,lga,Shira,North East,Bauchi,Shira,,,873,860,562,207,188,19,13,298,355,19
2023/2024,Female,all,NECO,University,lga,Tafawa-Balewa,North East,Bauchi,Tafawa-Balewa,,,1230,1212,746,269,251,18,18,466,477,18
2023/2024,Female,all,WAEC,College of Education,lga,Misau,North East,Bauchi,Misau,,,1904,1876,1184,415,376,39,28,692,769,39
2023/2024,Female,all,WAEC,College of Education,lga,Ningi,North East,Bauchi,Ningi,,,1394,1373,881,328,296,32,21,492,553,32
2023/2024,Female,all,WAEC,College of Education,lga,Shira,North East,Bauchi,Shira,,,1361,1340,842,311,279,32,21,498,531,32
2023/2024,Female,all,WAEC,College of Education,lga,Tafawa-Balewa,North East,Bauchi,Tafawa-Balewa,,,1283,1263,791,274,246,28,20,472,517,28
2023/2024,Female,all,WAEC,Polytechnic,lga,Misau,North East,Bauchi,Misau,,,727,716,445,159,146,13,11,271,286,13
2023/2024,Female,all,WAEC,Polytechnic,lga,Ningi,North East,Bauchi,Ningi,,,709,699,460,164,150,14,10,239,296,14
2023/2024,Female,all,WAEC,Polytechnic,lga,Shira,North East,Bauchi,Shira,,,752,740,482,178,160,18,12,258,304,18
2023/2024,Female,all,WAEC,Polytechnic,lga,Tafawa-Balewa,North East,Bauchi,Tafawa-Balewa,,,678,668,439,178,156,22,10,229,261,22
2023/2024,Female,all,WAEC,University,lga,Misau,North East,Bauchi,Misau,,,982,967,592,217,196,21,15,375,375,21
2023/2024,Female,all,WAEC,University,lga,Ningi,North East,Bauchi,Ningi,,,995,980,630,216,197,19,15,350,414,19
2023/2024,Female,all,WAEC,University,lga,Shira,North East,Bauchi,Shira,,,1148,1131,732,277,242,35,17,399,455,35
2023/2024,Female,all,WAEC,University,lga,Tafawa-Balewa,North East,Bauchi,Tafawa-Balewa,,,1555,1531,972,341,303,38,24,559,631,38
2023/2024,Female,disabled,NABTEB,College of Education,lga,Misau,North East,Bauchi,Misau,,,88,88,54,18,18,0,0,34,36,0
2023/2024,Female,disabled,NABTEB,College of Education,lga,Ningi,North East,Bauchi,Ningi,,,78,78,48,18,18,0,0,30,30,0
2023/2024,Female,disabled,NABTEB,College of Education,lga,Shira,North East,Bauchi,Shira,,,69,69,36,12,12,0,0,33,24,0
2023/2024,Female,disabled,NABTEB,College of Education,lga,Tafawa-Balewa,North East,Bauchi,Tafawa-Balewa,,,66,66,36,24,25,0,0,30,12,0
2023/2024,Female,disabled,NABTEB,Polytechnic,lga,Misau,North East,Bauchi,Misau,,,44,44,27,12,12,0,0,17,15,0
2023/2024,Female,disabled,NABTEB,Polytechnic,lga,Ningi,North East,Bauchi,Ningi,,,33,33,19,12,12,0,0,14,7,0
2023/2024,Female,disabled,NABTEB,Polytechnic,lga,Shira,North East,Bauchi,Shira,,,44,44,24,18,18,0,0,20,6,0
2023/2024,Female,disabled,NABTEB,Polytechnic,lga,Tafawa-Balewa,North East,Bauchi,Tafawa-Balewa,,,33,33,18,18,18,0,0,15,0,0
2023/2024,Female,disabled,NABTEB,University,lga,Misau,North East,Bauchi,Misau,,,61,61,38,18,18,0,0,23,20,0
2023/2024,Female,disabled,NABTEB,University,lga,Ningi,North East,Bauchi,Ningi,,,47,47,30,18,18,0,0,17,12,0
2023/2024,Female,disabled,NABTEB,University,lga,Shira,North East,Bauchi,Shira,,,47,47,29,24,24,0,0,18,5,0
2023/2024,Female,disabled,NABTEB,University,lga,Tafawa-Balewa,North East,Bauchi,Tafawa-Balewa,,,83,83,46,18,18,0,0,37,28,0
2023/2024,Female,disabled,NECO,College of Education,lga,Misau,North East,Bauchi,Misau,,,135,135,77,40,40,0,0,58,37,0
2023/2024,Female,disabled,NECO,College of Education,lga,Ningi,North East,Bauchi,Ningi,,,125,124,79,25,25,0,1,45,54,0
2023/2024,Female,disabled,NECO,College of Education,lga,Shira,North East,Bauchi,Shira,,,95,95,56,25,25,0,0,39,31,0
2023/2024,Female,disabled,NECO,College of Education,lga,Tafawa-Balewa,North East,Bauchi,Tafawa-Balewa,,,114,114,62,25,25,0,0,52,37,0
2023/2024,Female,disabled,NECO,Polytechnic,lga,Misau,North East,Bauchi,Misau,,,66,66,37,20,20,0,0,29,17,0
2023/2024,Female,disabled,NECO,Polytechnic,lga,Ningi,North East,Bauchi,Ningi,,,60,60,36,15,15,0,0,24,21,0
2023/2024,Female,disabled,NECO,Polytechnic,lga,Shira,North East,Bauchi,Shira,,,72,72,42,15,15,0,0,30,27,0
2023/2024,Female,disabled,NECO,Polytechnic,lga,Tafawa-Balewa,North East,Bauchi,Tafawa-Balewa,,,48,48,29,15,15,0,0,19,14,0
2023/2024,Female,disabled,NECO,University,lga,Misau,North East,Bauchi,Misau,,,89,89,51,25,25,0,0,38,26,0
2023/2024,Female,disabled,NECO,University,lga,Ningi,North East,Bauchi,Ningi,,,77,77,49,15,15,0,0,28,34,0
2023/2024,Female,disabled,NECO,University,lga,Shira,North East,Bauchi,Shira,,,89,89,54,20,20,0,0,35,34,0
2023/2024,Female,disabled,NECO,University,lga,Tafawa-Balewa,North East,Bauchi,Tafawa-Balewa,,,134,134,76,30,30,0,0,58,46,0
2023/2024,Female,disabled,WAEC,College of Education,lga,Misau,North East,Bauchi,Misau,,,183,183,109,32,37,0,0,74,77,0
2023/2024,Female,disabled,WAEC,College of Education,lga,Ningi,North East,Bauchi,Ningi,,,167,165,96,35,38,0,2,69,61,0
2023/2024,Female,disabled,WAEC,College of Education,lga,Shira,North East,Bauchi,Shira,,,127,126,72,24,28,0,1,54,48,0
2023/2024,Female,disabled,WAEC,College of Education,lga,Tafawa-Balewa,North East,Bauchi,Tafawa-Balewa,,,144,144,88,24,27,0,0,56,64,0
2023/2024,Female,disabled,WAEC,Polytechnic,lga,Misau,North East,Bauchi,Misau,,,87,87,53,16,18,0,0,34,37,0
2023/2024,Female,disabled,WAEC,Polytechnic,lga,Ningi,North East,Bauchi,Ningi,,,75,75,45,13,15,0,0,30,32,0
2023/2024,Female,disabled,WAEC,Polytechnic,lga,Shira,North East,Bauchi,Shira,,,93,93,56,16,18,0,0,37,40,0
2023/2024,Female,disabled,WAEC,Polytechnic,lga,Tafawa-Balewa,North East,Bauchi,Tafawa-Balewa,,,60,60,38,12,13,0,0,22,26,0
2023/2024,Female,disabled,WAEC,University,lga,Misau,North East,Bauchi,Misau,,,103,102,63,25,29,0,1,39,38,0
2023/2024,Female,disabled,WAEC,University,lga,Ningi,North East,Bauchi,Ningi,,,111,111,66,21,22,0,0,45,45,0
2023/2024,Female,disabled,WAEC,University,lga,Shira,North East,Bauchi,Shira,,,124,123,72,16,18,0,1,51,56,0
2023/2024,Female,disabled,WAEC,University,lga,Tafawa-Balewa,North East,Bauchi,Tafawa-Balewa,,,181,180,112,33,35,0,1,68,79,0
2023/2024,Male,all,NABTEB,College of Education,lga,Misau,North East,Bauchi,Misau,,,780,769,479,152,141,11,11,290,327,11
2023/2024,Male,all,NABTEB,College of Education,lga,Ningi,North East,Bauchi,Ningi,,,645,636,414,132,116,16,9,222,282,16
2023/2024,Male,all,NABTEB,College of Education,lga,Shira,North East,Bauchi,Shira,,,541,533,343,99,91,11,8,190,244,11
2023/2024,Male,all,NABTEB,College of Education,lga,Tafawa-Balewa,North East,Bauchi,Tafawa-Balewa,,,607,598,382,113,91,23,9,216,269,23
2023/2024,Male,all,NABTEB,Polytechnic,lga,Misau,North East,Bauchi,Misau,,,329,325,197,52,52,0,4,128,145,0
2023/2024,Male,all,NABTEB,Polytechnic,lga,Ningi,North East,Bauchi,Ningi,,,327,323,213,75,64,11,4,110,138,11
2023/2024,Male,all,NABTEB,Polytechnic,lga,Shira,North East,Bauchi,Shira,,,353,348,223,75,71,5,5,125,148,5
2023/2024,Male,all,NABTEB,Polytechnic,lga,Tafawa-Balewa,North East,Bauchi,Tafawa-Balewa,,,289,285,184,49,45,6,4,101,135,6
2023/2024,Male,all,NABTEB,University,lga,Misau,North East,Bauchi,Misau,,,442,435,275,82,71,11,7,160,193,11
2023/2024,Male,all,NABTEB,University,lga,Ningi,North East,Bauchi,Ningi,,,444,437,264,94,78,16,7,173,170,16
2023/2024,Male,all,NABTEB,University,lga,Shira,North East,Bauchi,Shira,,,473,466,311,94,77,17,7,155,217,17
2023/2024,Male,all,NABTEB,University,lga,Tafawa-Balewa,North East,Bauchi,Tafawa-Balewa,,,693,682,426,132,115,18,11,256,294,18
2023/2024,Male,all,NECO,College of Education,lga,Misau,North East,Bauchi,Misau,,,1436,1414,884,291,266,25,22,530,593,25
2023/2024,Male,all,NECO,College of Education,lga,Ningi,North East,Bauchi,Ningi,,,1187,1170,757,251,224,27,17,413,506,27
2023/2024,Male,all,NECO,College of Education,lga,Shira,North East,Bauchi,Shira,,,1031,1016,629,197,178,19,15,387,432,19
2023/2024,Male,all,NECO,College of Education,lga,Tafawa-Balewa,North East,Bauchi,Tafawa-Balewa,,,1064,1048,655,206,189,17,16,393,449,17
2023/2024,Male,all,NECO,Polytechnic,lga,Misau,North East,Bauchi,Misau,,,584,576,372,126,114,12,8,204,246,12
2023/2024,Male,all,NECO,Polytechnic,lga,Ningi,North East,Bauchi,Ningi,,,602,593,375,129,121,8,9,218,246,8
2023/2024,Male,all,NECO,Polytechnic,lga,Shira,North East,Bauchi,Shira,,,695,685,441,149,131,18,10,244,292,18
2023/2024,Male,all,NECO,Polytechnic,lga,Tafawa-Balewa,North East,Bauchi,Tafawa-Balewa,,,533,525,338,119,115,6,8,187,219,6
2023/2024,Male,all,NECO,University,lga,Misau,North East,Bauchi,Misau,,,836,823,533,163,147,16,13,290,370,16
2023/2024,Male,all,NECO,University,lga,Ningi,North East,Bauchi,Ningi,,,795,783,502,164,151,13,12,281,338,13
2023/2024,Male,all,NECO,University,lga,Shira,North East,Bauchi,Shira,,,902,889,587,183,162,21,13,302,404,21
2023/2024,Male,all,NECO,University,lga,Tafawa-Balewa,North East,Bauchi,Tafawa-Balewa,,,1333,1314,815,264,241,23,19,499,551,23
2023/2024,Male,all,WAEC,College of Education,lga,Misau,North East,Bauchi,Misau,,,1747,1722,1085,363,335,28,25,637,722,28
2023/2024,Male,all,WAEC,College of Education,lga,Ningi,North East,Bauchi,Ningi,,,1790,1763,1127,372,339,33,27,636,755,33
2023/2024,Male,all,WAEC,College of Education,lga,Shira,North East,Bauchi,Shira,,,1396,1375,875,290,257,33,21,500,585,33
2023/2024,Male,all,WAEC,College of Education,lga,Tafawa-Balewa,North East,Bauchi,Tafawa-Balewa,,,1486,1463,916,282,251,31,23,547,634,31
2023/2024,Male,all,WAEC,Polytechnic,lga,Misau,North East,Bauchi,Misau,,,790,779,481,156,143,13,11,298,325,13
2023/2024,Male,all,WAEC,Polytechnic,lga,Ningi,North East,Bauchi,Ningi,,,827,815,512,178,155,23,12,303,334,23
2023/2024,Male,all,WAEC,Polytechnic,lga,Shira,North East,Bauchi,Shira,,,960,946,619,194,170,24,14,327,425,24
2023/2024,Male,all,WAEC,Polytechnic,lga,Tafawa-Balewa,North East,Bauchi,Tafawa-Balewa,,,769,758,482,160,142,18,11,276,322,18
2023/2024,Male,all,WAEC,University,lga,Misau,North East,Bauchi,Misau,,,1018,1003,619,204,188,16,15,384,415,16
2023/2024,Male,all,WAEC,University,lga,Ningi,North East,Bauchi,Ningi,,,1088,1072,682,220,197,23,16,390,462,23
2023/2024,Male,all,WAEC,University,lga,Shira,North East,Bauchi,Shira,,,1218,1200,762,263,238,25,18,438,499,25
2023/2024,Male,all,WAEC,University,lga,Tafawa-Balewa,North East,Bauchi,Tafawa-Balewa,,,1758,1730,1062,339,307,32,28,668,723,32
2023/2024,Male,disabled,NABTEB,College of Education,lga,Misau,North East,Bauchi,Misau,,,80,80,48,6,6,0,0,32,42,0
2023/2024,Male,disabled,NABTEB,College of Education,lga,Ningi,North East,Bauchi,Ningi,,,92,92,52,12,12,0,0,40,40,0
2023/2024,Male,disabled,NABTEB,College of Education,lga,Shira,North East,Bauchi,Shira,,,55,55,31,0,0,0,0,24,31,0
2023/2024,Male,disabled,NABTEB,College of Education,lga,Tafawa-Balewa,North East,Bauchi,Tafawa-Balewa,,,86,86,50,12,12,0,0,36,38,0
2023/2024,Male,disabled,NABTEB,Polytechnic,lga,Misau,North East,Bauchi,Misau,,,47,47,28,0,0,0,0,19,28,0
2023/2024,Male,disabled,NABTEB,Polytechnic,lga,Ningi,North East,Bauchi,Ningi,,,33,33,20,6,6,0,0,13,14,0
2023/2024,Male,disabled,NABTEB,Polytechnic,lga,Shira,North East,Bauchi,Shira,,,50,50,28,12,13,0,0,22,16,0
2023/2024,Male,disabled,NABTEB,Polytechnic,lga,Tafawa-Balewa,North East,Bauchi,Tafawa-Balewa,,,39,39,22,0,0,0,0,17,22,0
2023/2024,Male,disabled,NABTEB,University,lga,Misau,North East,Bauchi,Misau,,,61,61,38,6,6,0,0,23,32,0
2023/2024,Male,disabled,NABTEB,University,lga,Ningi,North East,Bauchi,Ningi,,,56,56,34,12,12,0,0,22,22,0
2023/2024,Male,disabled,NABTEB,University,lga,Shira,North East,Bauchi,Shira,,,50,50,25,6,6,0,0,25,19,0
2023/2024,Male,disabled,NABTEB,University,lga,Tafawa-Balewa,North East,Bauchi,Tafawa-Balewa,,,86,86,46,12,12,0,0,40,34,0
2023/2024,Male,disabled,NECO,College of Education,lga,Misau,North East,Bauchi,Misau,,,131,131,73,30,30,0,0,58,43,0
2023/2024,Male,disabled,NECO,College of Education,lga,Ningi,North East,Bauchi,Ningi,,,155,154,94,30,30,0,1,60,64,0
2023/2024,Male,disabled,NECO,College of Education,lga,Shira,North East,Bauchi,Shira,,,69,69,38,20,20,0,0,31,18,0
2023/2024,Male,disabled,NECO,College of Education,lga,Tafawa-Balewa,North East,Bauchi,Tafawa-Balewa,,,149,149,87,30,30,0,0,62,57,0
2023/2024,Male,disabled,NECO,Polytechnic,lga,Misau,North East,Bauchi,Misau,,,66,66,39,15,15,0,0,27,24,0
2023/2024,Male,disabled,NECO,Polytechnic,lga,Ningi,North East,Bauchi,Ningi,,,69,69,39,15,15,0,0,30,24,0
2023/2024,Male,disabled,NECO,Polytechnic,lga,Shira,North East,Bauchi,Shira,,,86,86,51,15,15,0,0,35,36,0
2023/2024,Male,disabled,NECO,Polytechnic,lga,Tafawa-Balewa,North East,Bauchi,Tafawa-Balewa,,,53,53,35,15,15,0,0,18,20,0
2023/2024,Male,disabled,NECO,University,lga,Misau,North East,Bauchi,Misau,,,99,98,57,15,15,0,1,41,42,0
2023/2024,Male,disabled,NECO,University,lga,Ningi,North East,Bauchi,Ningi,,,89,89,50,15,15,0,0,39,35,0
2023/2024,Male,disabled,NECO,University,lga,Shira,North East,Bauchi,Shira,,,95,95,56,15,15,0,0,39,41,0
2023/2024,Male,disabled,NECO,University,lga,Tafawa-Balewa,North East,Bauchi,Tafawa-Balewa,,,155,154,89,25,25,0,1,65,64,0
2023/2024,Male,disabled,WAEC,College of Education,lga,Misau,North East,Bauchi,Misau,,,181,180,105,28,32,0,1,75,77,0
2023/2024,Male,disabled,WAEC,College of Education,lga,Ningi,North East,Bauchi,Ningi,,,194,192,115,39,43,0,2,77,76,0
2023/2024,Male,disabled,WAEC,College of Education,lga,Shira,North East,Bauchi,Shira,,,93,93,54,20,21,0,0,39,34,0
2023/2024,Male,disabled,WAEC,College of Education,lga,Tafawa-Balewa,North East,Bauchi,Tafawa-Balewa,,,202,201,114,24,28,0,1,87,90,0
2023/2024,Male,disabled,WAEC,Polytechnic,lga,Misau,North East,Bauchi,Misau,,,96,96,53,16,19,0,0,43,37,0
2023/2024,Male,disabled,WAEC,Polytechnic,lga,Ningi,North East,Bauchi,Ningi,,,87,87,53,18,19,0,0,34,35,0
2023/2024,Male,disabled,WAEC,Polytechnic,lga,Shira,North East,Bauchi,Shira,,,109,108,67,16,18,0,1,41,51,0
2023/2024,Male,disabled,WAEC,Polytechnic,lga,Tafawa-Balewa,North East,Bauchi,Tafawa-Balewa,,,73,72,45,17,17,0,1,27,28,0
2023/2024,Male,disabled,WAEC,University,lga,Misau,North East,Bauchi,Misau,,,115,114,72,25,28,0,1,42,47,0
2023/2024,Male,disabled,WAEC,University,lga,Ningi,North East,Bauchi,Ningi,,,131,129,76,26,26,0,2,53,50,0
2023/2024,Male,disabled,WAEC,University,lga,Shira,North East,Bauchi,Shira,,,126,126,78,21,22,0,0,48,57,0
2023/2024,Male,disabled,WAEC,University,lga,Tafawa-Balewa,North East,Bauchi,Tafawa-Balewa,,,197,195,113,29,31,0,2,82,84,0
2024/2025,Female,all,NECO,Polytechnic,lga,Alkaleri,North East,Bauchi,Alkaleri,,,172,162,125,0,0,0,10,37,125,0
2024/2025,Female,all,NECO,Polytechnic,lga,Bauchi,North East,Bauchi,Bauchi,,,893,821,597,368,0,0,72,224,229,368
2024/2025,Female,all,NECO,Polytechnic,lga,Bogoro,North East,Bauchi,Bogoro,,,459,424,392,212,60,0,35,32,180,152
2024/2025,Female,all,NECO,Polytechnic,lga,Damban,North East,Bauchi,Damban,,,498,399,332,166,166,0,99,67,166,0
2024/2025,Female,all,NECO,Polytechnic,lga,Darazo,North East,Bauchi,Darazo,,,726,726,484,242,242,0,0,242,242,0
2024/2025,Female,all,NECO,Polytechnic,lga,Dass,North East,Bauchi,Dass,,,550,435,290,145,145,0,115,145,145,0
2024/2025,Female,all,NECO,Polytechnic,lga,Gamawa,North East,Bauchi,Gamawa,,,616,534,440,154,154,0,82,94,286,0
2024/2025,Female,all,NECO,Polytechnic,lga,Ganjuwa,North East,Bauchi,Ganjuwa,,,1201,1124,843,281,281,0,77,281,562,0
2024/2025,Female,all,NECO,Polytechnic,lga,Giade,North East,Bauchi,Giade,,,775,620,465,155,155,0,155,155,310,0
2024/2025,Female,all,NECO,Polytechnic,lga,Itas/Gadau,North East,Bauchi,Itas/Gadau,,,780,753,468,156,156,0,27,285,312,0
2024/2025,Female,all,NECO,Polytechnic,lga,Jama'Are,North East,Bauchi,Jama'Are,,,617,585,438,117,117,0,32,147,321,0
2024/2025,Female,all,NECO,Polytechnic,lga,Katagum,North East,Bauchi,Katagum,,,1434,1195,956,239,239,0,239,239,717,0
2024/2025,Female,all,NECO,Polytechnic,lga,Kirfi,North East,Bauchi,Kirfi,,,822,772,548,137,137,0,50,224,411,0
2024/2025,Female,all,NECO,Polytechnic,lga,Misau,North East,Bauchi,Misau,,,1538,1374,916,229,229,0,164,458,687,0
2024/2025,Female,all,NECO,Polytechnic,lga,Ningi,North East,Bauchi,Ningi,,,1120,960,737,160,160,0,160,223,577,0
2024/2025,Female,all,NECO,Polytechnic,lga,Shira,North East,Bauchi,Shira,,,1172,1096,825,212,165,0,76,271,613,47
2024/2025,Female,all,NECO,Polytechnic,lga,Tafawa-Balewa,North East,Bauchi,Tafawa-Balewa,,,3248,2842,2030,812,406,0,406,812,1218,406
2024/2025,Female,all,NECO,Polytechnic,lga,Toro,North East,Bauchi,Toro,,,4657,4160,3052,1046,523,0,497,1108,2006,523
2024/2025,Female,all,NECO,Polytechnic,lga,Warji,North East,Bauchi,Warji,,,1580,1386,948,316,158,0,194,438,632,158
2024/2025,Female,all,NECO,Polytechnic,lga,Zaki,North East,Bauchi,Zaki,,,2450,2205,1556,490,245,0,245,649,1066,245
2024/2025,Male,all,NABTEB,College of Education,lga,Alkaleri,North East,Bauchi,Alkaleri,,,14,0,0,0,0,0,14,0,0,0
2024/2025,Male,all,NABTEB,College of Education,lga,Bauchi,North East,Bauchi,Bauchi,,,1050,983,470,0,0,0,67,513,470,0
2024/2025,Male,all,NABTEB,College of Education,lga,Bogoro,North East,Bauchi,Bogoro,,,617,503,212,0,0,0,114,291,212,0
2024/2025,Male,all,NABTEB,College of Education,lga,Damban,North East,Bauchi,Damban,,,541,498,166,0,0,0,43,332,166,0
2024/2025,Male,all,NABTEB,College of Education,lga,Darazo,North East,Bauchi,Darazo,,,1096,856,327,28,0,0,240,529,299,28
2024/2025,Male,all,NABTEB,College of Education,lga,Dass,North East,Bauchi,Dass,,,725,677,290,145,0,0,48,387,145,145
2024/2025,Male,all,NABTEB,College of Education,lga,Gamawa,North East,Bauchi,Gamawa,,,770,770,308,154,0,0,0,462,154,154
2024/2025,Male,all,NABTEB,College of Education,lga,Ganjuwa,North East,Bauchi,Ganjuwa,,,1640,1405,562,281,0,0,235,843,281,281
2024/2025,Male,all,NABTEB,College of Education,lga,Giade,North East,Bauchi,Giade,,,1005,926,310,155,0,0,79,616,155,155
2024/2025,Male,all,NABTEB,College of Education,lga,Itas/Gadau,North East,Bauchi,Itas/Gadau,,,1165,936,312,156,0,0,229,624,156,156
2024/2025,Male,all,NABTEB,College of Education,lga,Jama'Are,North East,Bauchi,Jama'Are,,,936,770,234,117,0,0,166,536,117,117
2024/2025,Male,all,NABTEB,College of Education,lga,Katagum,North East,Bauchi,Katagum,,,1912,1801,478,239,0,0,111,1323,239,239
2024/2025,Male,all,NABTEB,College of Education,lga,Kirfi,North East,Bauchi,Kirfi,,,1189,1096,274,137,0,0,93,822,137,137
2024/2025,Male,all,NABTEB,College of Education,lga,Misau,North East,Bauchi,Misau,,,2068,1832,647,229,1,0,236,1185,418,228
2024/2025,Male,all,NABTEB,College of Education,lga,Ningi,North East,Bauchi,Ningi,,,1609,1399,480,160,160,0,210,919,320,0
2024/2025,Male,all,NABTEB,College of Education,lga,Shira,North East,Bauchi,Shira,,,1815,1485,495,165,165,0,330,990,330,0
2024/2025,Male,all,NABTEB,College of Education,lga,Tafawa-Balewa,North East,Bauchi,Tafawa-Balewa,,,4573,4142,1218,406,406,0,431,2924,812,0
2024/2025,Male,all,NABTEB,College of Education,lga,Toro,North East,Bauchi,Toro,,,6748,5896,1569,539,523,0,852,4327,1030,16
2024/2025,Male,all,NABTEB,College of Education,lga,Warji,North East,Bauchi,Warji,,,2212,1896,566,316,158,0,316,1330,250,158
2024/2025,Male,all,NABTEB,College of Education,lga,Zaki,North East,Bauchi,Zaki,,,3518,3139,980,490,245,0,379,2159,490,245
2024/2025,Male,all,WAEC,University,lga,Alkaleri,North East,Bauchi,Alkaleri,,,250,250,250,250,250,250,0,0,0,0
2024/2025,Male,all,WAEC,University,lga,Bauchi,North East,Bauchi,Bauchi,,,735,642,816,597,597,597,93,0,219,0
2024/2025,Male,all,WAEC,University,lga,Bogoro,North East,Bauchi,Bogoro,,,424,424,424,212,212,212,0,0,212,0
2024/2025,Male,all,WAEC,University,lga,Damban,North East,Bauchi,Damban,,,332,332,426,166,166,166,0,0,260,0
2024/2025,Male,all,WAEC,University,lga,Darazo,North East,Bauchi,Darazo,,,484,484,726,242,242,180,0,0,484,0
2024/2025,Male,all,WAEC,University,lga,Dass,North East,Bauchi,Dass,,,290,290,435,145,145,0,0,0,290,0
2024/2025,Male,all,WAEC,University,lga,Gamawa,North East,Bauchi,Gamawa,,,419,308,462,154,154,0,111,0,308,0
2024/2025,Male,all,WAEC,University,lga,Ganjuwa,North East,Bauchi,Ganjuwa,,,843,737,1005,281,281,0,106,0,724,0
2024/2025,Male,all,WAEC,University,lga,Giade,North East,Bauchi,Giade,,,465,465,685,155,155,0,0,0,530,0
2024/2025,Male,all,WAEC,University,lga,Itas/Gadau,North East,Bauchi,Itas/Gadau,,,468,468,780,156,156,0,0,0,624,0
2024/2025,Male,all,WAEC,University,lga,Jama'Are,North East,Bauchi,Jama'Are,,,351,351,585,194,117,0,0,0,391,77
2024/2025,Male,all,WAEC,University,lga,Katagum,North East,Bauchi,Katagum,,,831,717,1269,478,239,0,114,0,791,239
2024/2025,Male,all,WAEC,University,lga,Kirfi,North East,Bauchi,Kirfi,,,548,411,822,274,137,0,137,0,548,137
2024/2025,Male,all,WAEC,University,lga,Misau,North East,Bauchi,Misau,,,916,824,1374,458,229,0,92,0,916,229
2024/2025,Male,all,WAEC,University,lga,Ningi,North East,Bauchi,Ningi,,,640,640,960,320,160,0,0,0,640,160
2024/2025,Male,all,WAEC,University,lga,Shira,North East,Bauchi,Shira,,,660,660,1001,330,165,0,0,0,671,165
2024/2025,Male,all,WAEC,University,lga,Tafawa-Balewa,North East,Bauchi,Tafawa-Balewa,,,1889,1624,3008,812,406,0,265,0,2196,406
2024/2025,Male,all,WAEC,University,lga,Toro,North East,Bauchi,Toro,,,2615,2413,4370,1046,523,0,202,0,3324,523
2024/2025,Male,all,WAEC,University,lga,Warji,North East,Bauchi,Warji,,,790,790,1422,316,158,0,0,0,1106,158
2024/2025,Male,all,WAEC,University,lga,Zaki,North East,Bauchi,Zaki,,,1470,1225,2205,490,245,0,245,0,1715,245
