institution_key,tertiary_institution,institution_type,ownership,lga,state,zone
university-of-benue,"Benue State University, Makurdi",University,Federal,Gboko,Benue,North Central
benue-state-polytechnic,Benue State Polytechnic,Polytechnic,State,Makurdi,Benue,North Central
college-of-education-oturkpo,"College of Education, Oturkpo",College of Education,State,Oturkpo,Benue,North Central
university-of-abuja,University of Abuja,University,Federal,Municipal Area Council,Abuja Federal Capital Territory,North Central
fct-polytechnic-abuja,"FCT Polytechnic, Abuja",Polytechnic,State,Bwari,Abuja Federal Capital Territory,North Central
federal-college-of-education-zuba,"Federal College of Education, Zuba",College of Education,Federal,Gwagwalada,Abuja Federal Capital Territory,North Central
university-of-kogi,Federal University Lokoja,University,Federal,Lokoja,Kogi,North Central
kogi-state-polytechnic,Kogi State Polytechnic,Polytechnic,State,Okene,Kogi,North Central
college-of-education-kabba-bunu,"College of Education, Kabba/Bunu",College of Education,State,Kabba/Bunu,Kogi,North Central
university-of-kwara,University of Ilorin,University,Federal,Ilorin East,Kwara,North Central
kwara-state-polytechnic,Kwara State Polytechnic,Polytechnic,State,Ilorin West,Kwara,North Central
college-of-education-offa,"College of Education, Offa",College of Education,State,Offa,Kwara,North Central
university-of-nasarawa,"Nasarawa State University, Keffi",University,Federal,Lafia,Nasarawa,North Central
nasarawa-state-polytechnic,Nasarawa State Polytechnic,Polytechnic,State,Keffi,Nasarawa,North Central
college-of-education-akwanga,"College of Education, Akwanga",College of Education,State,Akwanga,Nasarawa,North Central
university-of-niger,"Federal University of Technology, Minna",University,Federal,Chanchaga,Niger,North Central
niger-state-polytechnic,Niger State Polytechnic,Polytechnic,State,Kontagora,Niger,North Central
college-of-education-suleja,"College of Education, Suleja",College of Education,State,Suleja,Niger,North Central
university-of-plateau,University of Jos,University,Federal,Jos North,Plateau,North Central
plateau-state-polytechnic,Plateau State Polytechnic,Polytechnic,State,Jos South,Plateau,North Central
college-of-education-barkin-ladi,"College of Education, Barkin Ladi",College of Education,State,Barkin Ladi,Plateau,North Central
university-of-adamawa,"Modibbo Adama University, Yola",University,Federal,Yola North,Adamawa,North East
adamawa-state-polytechnic,Adamawa State Polytechnic,Polytechnic,State,Yola South,Adamawa,North East
college-of-education-numan,"College of Education, Numan",College of Education,State,Numan,Adamawa,North East
university-of-bauchi,"Abubakar Tafawa Balewa University, Bauchi",University,Federal,Bauchi,Bauchi,North East
bauchi-state-polytechnic,Bauchi State Polytechnic,Polytechnic,State,Tafawa-Balewa,Bauchi,North East
college-of-education-katagum,"College of Education, Katagum",College of Education,State,Katagum,Bauchi,North East
university-of-borno,University of Maiduguri,University,Federal,Maiduguri,Borno,North East
borno-state-polytechnic,Borno State Polytechnic,Polytechnic,State,Jere,Borno,North East
college-of-education-biu,"College of Education, Biu",College of Education,State,Biu,Borno,North East
university-of-gombe,Gombe State University,University,Federal,Gombe,Gombe,North East
gombe-state-polytechnic,Gombe State Polytechnic,Polytechnic,State,Yamaltu/Deba,Gombe,North East
college-of-education-kaltungo,"College of Education, Kaltungo",College of Education,State,Kaltungo,Gombe,North East
university-of-taraba,"Taraba State University, Jalingo",University,Federal,Jalingo,Taraba,North East
taraba-state-polytechnic,Taraba State Polytechnic,Polytechnic,State,Wukari,Taraba,North East
college-of-education-sardauna,"College of Education, Sardauna",College of Education,State,Sardauna,Taraba,North East
university-of-yobe,Federal University Gashua,University,Federal,Damaturu,Yobe,North East
yobe-state-polytechnic,Yobe State Polytechnic,Polytechnic,State,Potiskum,Yobe,North East
college-of-education-nguru,"College of Education, Nguru",College of Education,State,Nguru,Yobe,North East
university-of-jigawa,Federal University Dutse,University,Federal,Dutse,Jigawa,North West
jigawa-state-polytechnic,Jigawa State Polytechnic,Polytechnic,State,Hadejia,Jigawa,North West
college-of-education-gumel,"College of Education, Gumel",College of Education,State,Gumel,Jigawa,North West
university-of-kaduna,"Ahmadu Bello University, Zaria",University,Federal,Kaduna North,Kaduna,North West
kaduna-state-polytechnic,Kaduna State Polytechnic,Polytechnic,State,Kaduna South,Kaduna,North West
college-of-education-zaria,"College of Education, Zaria",College of Education,State,Zaria,Kaduna,North West
university-of-kano,"Bayero University, Kano",University,Federal,Kano Municipal,Kano,North West
kano-state-polytechnic,Kano State Polytechnic,Polytechnic,State,Fagge,Kano,North West
college-of-education-dala,"College of Education, Dala",College of Education,State,Dala,Kano,North West
university-of-katsina,"Umaru Musa Yar'Adua University, Katsina",University,Federal,Katsina,Katsina,North West
katsina-state-polytechnic,Katsina State Polytechnic,Polytechnic,State,Daura,Katsina,North West
college-of-education-funtua,"College of Education, Funtua",College of Education,State,Funtua,Katsina,North West
university-of-kebbi,Federal University Birnin Kebbi,University,Federal,Birnin Kebbi,Kebbi,North West
kebbi-state-polytechnic,Kebbi State Polytechnic,Polytechnic,State,Argungu,Kebbi,North West
college-of-education-yauri,"College of Education, Yauri",College of Education,State,Yauri,Kebbi,North West
university-of-sokoto,"Usmanu Danfodiyo University, Sokoto",University,Federal,Sokoto North,Sokoto,North West
sokoto-state-polytechnic,Sokoto State Polytechnic,Polytechnic,State,Sokoto South,Sokoto,North West
college-of-education-tambuwal,"College of Education, Tambuwal",College of Education,State,Tambuwal,Sokoto,North West
university-of-zamfara,Federal University Gusau,University,Federal,Gusau,Zamfara,North West
zamfara-state-polytechnic,Zamfara State Polytechnic,Polytechnic,State,Kaura Namoda,Zamfara,North West
college-of-education-talata-mafara,"College of Education, Talata Mafara",College of Education,State,Talata Mafara,Zamfara,North West
university-of-abia,"Abia State University, Uturu",University,Federal,Aba North,Abia,South East
abia-state-polytechnic,Abia State Polytechnic,Polytechnic,State,Aba South,Abia,South East
college-of-education-umuahia-north,"College of Education, Umuahia North",College of Education,State,Umuahia North,Abia,South East
university-of-anambra,"Nnamdi Azikiwe University, Awka",University,Federal,Awka North,Anambra,South East
anambra-state-polytechnic,Anambra State Polytechnic,Polytechnic,State,Awka South,Anambra,South East
college-of-education-onitsha-north,"College of Education, Onitsha North",College of Education,State,Onitsha North,Anambra,South East
university-of-ebonyi,"Ebonyi State University, Abakaliki",University,Federal,Abakaliki,Ebonyi,South East
ebonyi-state-polytechnic,Ebonyi State Polytechnic,Polytechnic,State,Afikpo North,Ebonyi,South East
college-of-education-afikpo-south,"College of Education, Afikpo South",College of Education,State,Afikpo South,Ebonyi,South East
university-of-enugu,"University of Nigeria, Nsukka",University,Federal,Enugu East,Enugu,South East
enugu-state-polytechnic,Enugu State Polytechnic,Polytechnic,State,Enugu North,Enugu,South East
college-of-education-enugu-south,"College of Education, Enugu South",College of Education,State,Enugu South,Enugu,South East
university-of-imo,"Federal University of Technology, Owerri",University,Federal,Owerri North,Imo,South East
imo-state-polytechnic,Imo State Polytechnic,Polytechnic,State,Owerri West,Imo,South East
college-of-education-orlu,"College of Education, Orlu",College of Education,State,Orlu,Imo,South East
university-of-akwa-ibom,"Akwa Ibom State University, Ikot Akpaden",University,Federal,Uyo,Akwa Ibom,South South
akwa-ibom-state-polytechnic,Akwa Ibom State Polytechnic,Polytechnic,State,Eket,Akwa Ibom,South South
college-of-education-ikot-ekpene,"College of Education, Ikot Ekpene",College of Education,State,Ikot Ekpene,Akwa Ibom,South South
university-of-bayelsa,"Niger Delta University, Wilberforce Island",University,Federal,Yenegoa,Bayelsa,South South
bayelsa-state-polytechnic,Bayelsa State Polytechnic,Polytechnic,State,Brass,Bayelsa,South South
college-of-education-kolokuma-opokuma,"College of Education, Kolokuma/Opokuma",College of Education,State,Kolokuma/Opokuma,Bayelsa,South South
university-of-cross-river,University of Calabar,University,Federal,Calabar Municipal,Cross River,South South
cross-river-state-polytechnic,Cross River State Polytechnic,Polytechnic,State,Calabar South,Cross River,South South
college-of-education-abi,"College of Education, Abi",College of Education,State,Abi,Cross River,South South
university-of-delta,"Delta State University, Abraka",University,Federal,Oshimili South,Delta,South South
delta-state-polytechnic,Delta State Polytechnic,Polytechnic,State,Warri North,Delta,South South
college-of-education-warri-south,"College of Education, Warri South",College of Education,State,Warri South,Delta,South South
university-of-edo,"University of Benin, Benin City",University,Federal,Oredo,Edo,South South
edo-state-polytechnic,Edo State Polytechnic,Polytechnic,State,Oredo,Edo,South South
college-of-education-owan-east,"College of Education, Owan East",College of Education,State,Owan East,Edo,South South
university-of-rivers,Rivers State University,University,Federal,Port-Harcourt,Rivers,South South
rivers-state-polytechnic,Rivers State Polytechnic,Polytechnic,State,Obio/Akpor,Rivers,South South
college-of-education-okrika,"College of Education, Okrika",College of Education,State,Okrika,Rivers,South South
university-of-ekiti,"Ekiti State University, Ado-Ekiti",University,Federal,Ado-Ekiti,Ekiti,South West
ekiti-state-polytechnic,Ekiti State Polytechnic,Polytechnic,State,Ijero,Ekiti,South West
college-of-education-efon,"College of Education, Efon",College of Education,State,Efon,Ekiti,South West
university-of-lagos,University of Lagos,University,Federal,Lagos Island,Lagos,South West
lagos-state-polytechnic,Lagos State Polytechnic,Polytechnic,State,Ikeja,Lagos,South West
college-of-education-surulere,"College of Education, Surulere",College of Education,State,Surulere,Lagos,South West
university-of-ogun,"Olabisi Onabanjo University, Ago-Iwoye",University,Federal,Abeokuta North,Ogun,South West
ogun-state-polytechnic,Ogun State Polytechnic,Polytechnic,State,Abeokuta South,Ogun,South West
college-of-education-ijebu-ode,"College of Education, Ijebu Ode",College of Education,State,Ijebu Ode,Ogun,South West
university-of-ondo,"Federal University of Technology, Akure",University,Federal,Akure North,Ondo,South West
ondo-state-polytechnic,Ondo State Polytechnic,Polytechnic,State,Akure South,Ondo,South West
college-of-education-ondo-east,"College of Education, Ondo East",College of Education,State,Ondo East,Ondo,South West
university-of-osun,"Obafemi Awolowo University, Ile-Ife",University,Federal,Osogbo,Osun,South West
osun-state-polytechnic,Osun State Polytechnic,Polytechnic,State,Ife Central,Osun,South West
college-of-education-ilesha-east,"College of Education, Ilesha East",College of Education,State,Ilesha East,Osun,South West
university-of-oyo,University of Ibadan,University,Federal,Ibadan North,Oyo,South West
oyo-state-polytechnic,Oyo State Polytechnic,Polytechnic,State,Ibadan South West,Oyo,South West
college-of-education-ogbomosho-north,"College of Education, Ogbomosho North",College of Education,State,Ogbomosho North,Oyo,South West
