session,gender,disability,school_type,school_level,class_grade,key_entry_level,loc_level,loc_label,zone,state,lga,ward,school,student_count,is_o_level_student,school_count,classroom_count,computer_count,avg_students_per_school,learners_per_classroom,students_per_computer,usable_classroom_count,laboratory_count,computer_access_count,water_source_count,handwashing_facility_count,toilet_count,infrastructure_score
2024/2025,Female,ALL,Private,Adult & Non-Formal,IQS/IQTE,,lga,Ankpa,North Central,Kogi,Ankpa,,,0.0,0,1378.8219,0,0,0.0,0.0,0.0,0,0,1,0,0,0,45.67
2024/2025,Female,ALL,Private,JSS,JSS1,JSS1,lga,Ankpa,North Central,Kogi,Ankpa,,,192.0,0,1549.8104,7,1,0.1239,27.4286,192.0,3,2,1,2,2,4,45.67
2024/2025,Female,ALL,Private,JSS,JSS2,,lga,Ankpa,North Central,Kogi,Ankpa,,,181.0,0,1462.4972,7,1,0.1238,25.8571,181.0,3,2,1,2,2,4,45.67
2024/2025,Female,ALL,Private,JSS,JSS3,,lga,Ankpa,North Central,Kogi,Ankpa,,,176.0,0,1415.2025,6,1,0.1244,29.3333,176.0,3,2,1,2,2,4,45.67
2024/2025,Female,ALL,Private,Pre-Primary/Primary,Primary 1,Primary 1,lga,Ankpa,North Central,Kogi,Ankpa,,,614.0,0,4347.4729,26,10,0.1412,23.6154,61.4,13,9,7,8,7,15,45.67
2024/2025,Female,ALL,Private,Pre-Primary/Primary,Primary 2,,lga,Ankpa,North Central,Kogi,Ankpa,,,590.0,0,4176.4844,25,10,0.1413,23.6,59.0,12,9,7,8,7,15,45.67
2024/2025,Female,ALL,Private,Pre-Primary/Primary,Primary 3,,lga,Ankpa,North Central,Kogi,Ankpa,,,573.0,0,4052.7906,18,9,0.1414,31.8333,63.6667,9,6,7,5,5,11,45.67
2024/2025,Female,ALL,Private,Pre-Primary/Primary,Primary 4,,lga,Ankpa,North Central,Kogi,Ankpa,,,555.0,0,3929.0968,25,9,0.1413,22.2,61.6667,12,9,7,8,7,15,45.67
2024/2025,Female,ALL,Private,Pre-Primary/Primary,Primary 5,,lga,Ankpa,North Central,Kogi,Ankpa,,,559.0,0,3954.5632,29,9,0.1414,19.2759,62.1111,14,10,7,9,8,17,45.67
2024/2025,Female,ALL,Private,Pre-Primary/Primary,Primary 6,,lga,Ankpa,North Central,Kogi,Ankpa,,,559.0,0,3954.5632,20,9,0.1414,27.95,62.1111,10,7,7,6,5,12,45.67
2024/2025,Female,ALL,Private,SSS,SSS1,SSS1,lga,Ankpa,North Central,Kogi,Ankpa,,,255.0,176,1135.0724,7,1,0.2247,36.4286,255.0,3,2,1,2,2,4,45.67
2024/2025,Female,ALL,Private,SSS,SSS2,,lga,Ankpa,North Central,Kogi,Ankpa,,,234.0,161,1040.4831,6,1,0.2249,39.0,234.0,3,2,1,2,2,4,45.67
2024/2025,Female,ALL,Private,SSS,SSS3,,lga,Ankpa,North Central,Kogi,Ankpa,,,220.0,152,982.2742,5,1,0.224,44.0,220.0,2,2,1,2,1,3,45.67
2024/2025,Female,ALL,Private,Vocational,Tech/Voc,,lga,Ankpa,North Central,Kogi,Ankpa,,,0.0,0,145.5221,1,1,0.0,0.0,0.0,0,0,1,0,0,1,45.67
2024/2025,Female,ALL,Public,Adult & Non-Formal,IQS/IQTE,,lga,Ankpa,North Central,Kogi,Ankpa,,,0.0,0,2885.4759,0,0,0.0,0.0,0.0,0,0,1,0,0,0,45.67
2024/2025,Female,ALL,Public,JSS,JSS1,JSS1,lga,Ankpa,North Central,Kogi,Ankpa,,,682.0,0,1454.8328,20,6,0.4688,34.1,113.6667,10,7,4,6,5,12,45.67
2024/2025,Female,ALL,Public,JSS,JSS2,,lga,Ankpa,North Central,Kogi,Ankpa,,,644.0,0,1371.8969,22,6,0.4694,29.2727,107.3333,11,8,4,7,6,13,45.67
2024/2025,Female,ALL,Public,JSS,JSS3,,lga,Ankpa,North Central,Kogi,Ankpa,,,624.0,0,1330.429,17,5,0.469,36.7059,124.8,8,6,4,5,4,10,45.67
2024/2025,Female,ALL,Public,Pre-Primary/Primary,Primary 1,Primary 1,lga,Ankpa,North Central,Kogi,Ankpa,,,2176.0,0,4164.07,66,21,0.5226,32.9697,103.619,32,23,16,20,17,39,45.67
2024/2025,Female,ALL,Public,Pre-Primary/Primary,Primary 2,,lga,Ankpa,North Central,Kogi,Ankpa,,,2090.0,0,4001.654,59,20,0.5223,35.4237,104.5,29,21,15,18,16,35,45.67
2024/2025,Female,ALL,Public,Pre-Primary/Primary,Primary 3,,lga,Ankpa,North Central,Kogi,Ankpa,,,2030.0,0,3884.1616,56,19,0.5226,36.25,106.8421,27,20,14,17,15,33,45.67
2024/2025,Female,ALL,Public,Pre-Primary/Primary,Primary 4,,lga,Ankpa,North Central,Kogi,Ankpa,,,1969.0,0,3766.6692,63,19,0.5227,31.254,103.6316,31,22,14,19,17,37,45.67
2024/2025,Female,ALL,Public,Pre-Primary/Primary,Primary 5,,lga,Ankpa,North Central,Kogi,Ankpa,,,1981.0,0,3790.8588,56,19,0.5226,35.375,104.2632,27,20,14,17,15,33,45.67
2024/2025,Female,ALL,Public,Pre-Primary/Primary,Primary 6,,lga,Ankpa,North Central,Kogi,Ankpa,,,1981.0,0,3790.8588,51,19,0.5226,38.8431,104.2632,25,18,14,15,13,30,45.67
2024/2025,Female,ALL,Public,SSS,SSS1,SSS1,lga,Ankpa,North Central,Kogi,Ankpa,,,904.0,623,677.3093,15,3,1.3347,60.2667,301.3333,7,5,2,5,4,9,45.67
2024/2025,Female,ALL,Public,SSS,SSS2,,lga,Ankpa,North Central,Kogi,Ankpa,,,828.0,571,622.0188,12,3,1.3311,69.0,276.0,6,4,2,4,3,7,45.67
2024/2025,Female,ALL,Public,SSS,SSS3,,lga,Ankpa,North Central,Kogi,Ankpa,,,777.0,536,584.0065,11,3,1.3305,70.6364,259.0,5,4,2,3,3,7,45.67
2024/2025,Female,ALL,Public,Vocational,Tech/Voc,,lga,Ankpa,North Central,Kogi,Ankpa,,,0.0,0,62.2019,2,1,0.0,0.0,0.0,1,1,1,1,1,1,45.67
2024/2025,Male,ALL,Private,Adult & Non-Formal,IQS/IQTE,,lga,Ankpa,North Central,Kogi,Ankpa,,,0.0,0,1378.8219,0,0,0.0,0.0,0.0,0,0,1,0,0,0,45.67
2024/2025,Male,ALL,Private,JSS,JSS1,JSS1,lga,Ankpa,North Central,Kogi,Ankpa,,,188.0,0,1462.4972,7,1,0.1285,26.8571,188.0,3,2,1,2,2,4,45.67
2024/2025,Male,ALL,Private,JSS,JSS2,,lga,Ankpa,North Central,Kogi,Ankpa,,,178.0,0,1378.8219,7,1,0.1291,25.4286,178.0,3,2,1,2,2,4,45.67
2024/2025,Male,ALL,Private,JSS,JSS3,,lga,Ankpa,North Central,Kogi,Ankpa,,,172.0,0,1331.5273,6,1,0.1292,28.6667,172.0,3,2,1,2,2,4,45.67
2024/2025,Male,ALL,Private,Pre-Primary/Primary,Primary 1,Primary 1,lga,Ankpa,North Central,Kogi,Ankpa,,,623.0,0,4300.1782,26,10,0.1449,23.9615,62.3,13,9,7,8,7,15,45.67
2024/2025,Male,ALL,Private,Pre-Primary/Primary,Primary 2,,lga,Ankpa,North Central,Kogi,Ankpa,,,598.0,0,4132.8278,25,10,0.1447,23.92,59.8,12,9,7,8,7,15,45.67
2024/2025,Male,ALL,Private,Pre-Primary/Primary,Primary 3,,lga,Ankpa,North Central,Kogi,Ankpa,,,581.0,0,4009.134,17,9,0.1449,34.1765,64.5556,8,6,7,5,4,10,45.67
2024/2025,Male,ALL,Private,Pre-Primary/Primary,Primary 4,,lga,Ankpa,North Central,Kogi,Ankpa,,,563.0,0,3889.0783,25,9,0.1448,22.52,62.5556,12,9,7,8,7,15,45.67
2024/2025,Male,ALL,Private,Pre-Primary/Primary,Primary 5,,lga,Ankpa,North Central,Kogi,Ankpa,,,567.0,0,3914.5446,29,9,0.1448,19.5517,63.0,14,10,7,9,8,17,45.67
2024/2025,Male,ALL,Private,Pre-Primary/Primary,Primary 6,,lga,Ankpa,North Central,Kogi,Ankpa,,,567.0,0,3914.5446,20,9,0.1448,28.35,63.0,10,7,7,6,5,12,45.67
2024/2025,Male,ALL,Private,SSS,SSS1,SSS1,lga,Ankpa,North Central,Kogi,Ankpa,,,258.0,182,1175.091,7,1,0.2196,36.8571,258.0,3,2,1,2,2,4,45.67
2024/2025,Male,ALL,Private,SSS,SSS2,,lga,Ankpa,North Central,Kogi,Ankpa,,,237.0,167,1080.5016,6,1,0.2193,39.5,237.0,3,2,1,2,2,4,45.67
2024/2025,Male,ALL,Private,SSS,SSS3,,lga,Ankpa,North Central,Kogi,Ankpa,,,221.0,156,1007.7406,5,1,0.2193,44.2,221.0,2,2,1,2,1,3,45.67
2024/2025,Male,ALL,Private,Vocational,Tech/Voc,,lga,Ankpa,North Central,Kogi,Ankpa,,,0.0,0,247.3876,2,1,0.0,0.0,0.0,1,1,1,1,1,1,45.67
2024/2025,Male,ALL,Public,Adult & Non-Formal,IQS/IQTE,,lga,Ankpa,North Central,Kogi,Ankpa,,,0.0,0,2885.4759,0,0,0.0,0.0,0.0,0,0,1,0,0,0,45.67
2024/2025,Male,ALL,Public,JSS,JSS1,JSS1,lga,Ankpa,North Central,Kogi,Ankpa,,,667.0,0,1371.8969,19,6,0.4862,35.1053,111.1667,9,7,4,6,5,11,45.67
2024/2025,Male,ALL,Public,JSS,JSS2,,lga,Ankpa,North Central,Kogi,Ankpa,,,630.0,0,1295.8724,20,5,0.4862,31.5,126.0,10,7,4,6,5,12,45.67
2024/2025,Male,ALL,Public,JSS,JSS3,,lga,Ankpa,North Central,Kogi,Ankpa,,,610.0,0,1254.4045,16,5,0.4863,38.125,122.0,8,6,4,5,4,10,45.67
2024/2025,Male,ALL,Public,Pre-Primary/Primary,Primary 1,Primary 1,lga,Ankpa,North Central,Kogi,Ankpa,,,2208.0,0,4122.6021,65,20,0.5356,33.9692,110.4,32,23,15,20,17,39,45.67
2024/2025,Male,ALL,Public,Pre-Primary/Primary,Primary 2,,lga,Ankpa,North Central,Kogi,Ankpa,,,2121.0,0,3960.1861,59,20,0.5356,35.9492,106.05,29,21,15,18,16,35,45.67
2024/2025,Male,ALL,Public,Pre-Primary/Primary,Primary 3,,lga,Ankpa,North Central,Kogi,Ankpa,,,2059.0,0,3842.6937,55,19,0.5358,37.4364,108.3684,27,19,14,17,14,33,45.67
2024/2025,Male,ALL,Public,Pre-Primary/Primary,Primary 4,,lga,Ankpa,North Central,Kogi,Ankpa,,,1998.0,0,3728.6569,62,18,0.5358,32.2258,111.0,30,22,13,19,16,37,45.67
2024/2025,Male,ALL,Public,Pre-Primary/Primary,Primary 5,,lga,Ankpa,North Central,Kogi,Ankpa,,,2009.0,0,3752.8465,55,19,0.5353,36.5273,105.7368,27,19,14,17,14,33,45.67
2024/2025,Male,ALL,Public,Pre-Primary/Primary,Primary 6,,lga,Ankpa,North Central,Kogi,Ankpa,,,2009.0,0,3752.8465,51,19,0.5353,39.3922,105.7368,25,18,14,15,13,30,45.67
2024/2025,Male,ALL,Public,SSS,SSS1,SSS1,lga,Ankpa,North Central,Kogi,Ankpa,,,913.0,644,701.4989,15,3,1.3015,60.8667,304.3333,7,5,2,5,4,9,45.67
2024/2025,Male,ALL,Public,SSS,SSS2,,lga,Ankpa,North Central,Kogi,Ankpa,,,838.0,591,642.7527,12,3,1.3038,69.8333,279.3333,6,4,2,4,3,7,45.67
2024/2025,Male,ALL,Public,SSS,SSS3,,lga,Ankpa,North Central,Kogi,Ankpa,,,787.0,555,604.7405,11,3,1.3014,71.5455,262.3333,5,4,2,3,3,7,45.67
2024/2025,Male,ALL,Public,Vocational,Tech/Voc,,lga,Ankpa,North Central,Kogi,Ankpa,,,0.0,0,110.5811,4,1,0.0,0.0,0.0,2,1,1,1,1,2,45.67
2024/2025,Female,Disabled,Private,Adult & Non-Formal,IQS/IQTE,,lga,Ankpa,North Central,Kogi,Ankpa,,,0.0,0,90.9513,0,0,0.0,0.0,0.0,0,0,1,0,0,0,45.67
2024/2025,Female,Disabled,Private,JSS,JSS1,JSS1,lga,Ankpa,North Central,Kogi,Ankpa,,,12.0,0,98.2274,1,1,0.1222,12.0,12.0,0,0,1,0,0,1,45.67
2024/2025,Female,Disabled,Private,JSS,JSS2,,lga,Ankpa,North Central,Kogi,Ankpa,,,12.0,0,94.5894,1,1,0.1269,12.0,12.0,0,0,1,0,0,1,45.67
2024/2025,Female,Disabled,Private,JSS,JSS3,,lga,Ankpa,North Central,Kogi,Ankpa,,,12.0,0,94.5894,1,1,0.1269,12.0,12.0,0,0,1,0,0,1,45.67
2024/2025,Female,Disabled,Private,Pre-Primary/Primary,Primary 1,Primary 1,lga,Ankpa,North Central,Kogi,Ankpa,,,40.0,0,280.1301,2,1,0.1428,20.0,40.0,1,1,1,1,1,1,45.67
2024/2025,Female,Disabled,Private,Pre-Primary/Primary,Primary 2,,lga,Ankpa,North Central,Kogi,Ankpa,,,38.0,0,269.2159,2,1,0.1412,19.0,38.0,1,1,1,1,1,1,45.67
2024/2025,Female,Disabled,Private,Pre-Primary/Primary,Primary 3,,lga,Ankpa,North Central,Kogi,Ankpa,,,37.0,0,261.9398,1,1,0.1413,37.0,37.0,0,0,1,0,0,1,45.67
2024/2025,Female,Disabled,Private,Pre-Primary/Primary,Primary 4,,lga,Ankpa,North Central,Kogi,Ankpa,,,36.0,0,254.6637,2,1,0.1414,18.0,36.0,1,1,1,1,1,1,45.67
2024/2025,Female,Disabled,Private,Pre-Primary/Primary,Primary 5,,lga,Ankpa,North Central,Kogi,Ankpa,,,36.0,0,254.6637,2,1,0.1414,18.0,36.0,1,1,1,1,1,1,45.67
2024/2025,Female,Disabled,Private,Pre-Primary/Primary,Primary 6,,lga,Ankpa,North Central,Kogi,Ankpa,,,36.0,0,254.6637,1,1,0.1414,36.0,36.0,0,0,1,0,0,1,45.67
2024/2025,Female,Disabled,Private,SSS,SSS1,SSS1,lga,Ankpa,North Central,Kogi,Ankpa,,,16.0,11,69.123,1,1,0.2315,16.0,16.0,0,0,1,0,0,1,45.67
2024/2025,Female,Disabled,Private,SSS,SSS2,,lga,Ankpa,North Central,Kogi,Ankpa,,,15.0,10,65.4849,1,1,0.2291,15.0,15.0,0,0,1,0,0,1,45.67
2024/2025,Female,Disabled,Private,SSS,SSS3,,lga,Ankpa,North Central,Kogi,Ankpa,,,14.0,10,65.4849,1,1,0.2138,14.0,14.0,0,0,1,0,0,1,45.67
2024/2025,Female,Disabled,Private,Vocational,Tech/Voc,,lga,Ankpa,North Central,Kogi,Ankpa,,,0.0,0,7.2761,1,1,0.0,0.0,0.0,0,0,1,0,0,1,45.67
2024/2025,Female,Disabled,Public,Adult & Non-Formal,IQS/IQTE,,lga,Ankpa,North Central,Kogi,Ankpa,,,0.0,0,190.0613,0,0,0.0,0.0,0.0,0,0,1,0,0,0,45.67
2024/2025,Female,Disabled,Public,JSS,JSS1,JSS1,lga,Ankpa,North Central,Kogi,Ankpa,,,44.0,0,93.3028,1,1,0.4716,44.0,44.0,0,0,1,0,0,1,45.67
2024/2025,Female,Disabled,Public,JSS,JSS2,,lga,Ankpa,North Central,Kogi,Ankpa,,,42.0,0,89.8472,1,1,0.4675,42.0,42.0,0,0,1,0,0,1,45.67
2024/2025,Female,Disabled,Public,JSS,JSS3,,lga,Ankpa,North Central,Kogi,Ankpa,,,41.0,0,86.3915,1,1,0.4746,41.0,41.0,0,0,1,0,0,1,45.67
2024/2025,Female,Disabled,Public,Pre-Primary/Primary,Primary 1,Primary 1,lga,Ankpa,North Central,Kogi,Ankpa,,,141.0,0,269.5415,4,1,0.5231,35.25,141.0,2,1,1,1,1,2,45.67
2024/2025,Female,Disabled,Public,Pre-Primary/Primary,Primary 2,,lga,Ankpa,North Central,Kogi,Ankpa,,,135.0,0,259.1745,4,1,0.5209,33.75,135.0,2,1,1,1,1,2,45.67
2024/2025,Female,Disabled,Public,Pre-Primary/Primary,Primary 3,,lga,Ankpa,North Central,Kogi,Ankpa,,,131.0,0,252.2632,4,1,0.5193,32.75,131.0,2,1,1,1,1,2,45.67
2024/2025,Female,Disabled,Public,Pre-Primary/Primary,Primary 4,,lga,Ankpa,North Central,Kogi,Ankpa,,,128.0,0,245.3518,4,1,0.5217,32.0,128.0,2,1,1,1,1,2,45.67
2024/2025,Female,Disabled,Public,Pre-Primary/Primary,Primary 5,,lga,Ankpa,North Central,Kogi,Ankpa,,,129.0,0,245.3518,4,1,0.5258,32.25,129.0,2,1,1,1,1,2,45.67
2024/2025,Female,Disabled,Public,Pre-Primary/Primary,Primary 6,,lga,Ankpa,North Central,Kogi,Ankpa,,,129.0,0,245.3518,3,1,0.5258,43.0,129.0,1,1,1,1,1,2,45.67
2024/2025,Female,Disabled,Public,SSS,SSS1,SSS1,lga,Ankpa,North Central,Kogi,Ankpa,,,58.0,40,44.9236,1,1,1.2911,58.0,58.0,0,0,1,0,0,1,45.67
2024/2025,Female,Disabled,Public,SSS,SSS2,,lga,Ankpa,North Central,Kogi,Ankpa,,,54.0,37,41.4679,1,1,1.3022,54.0,54.0,0,0,1,0,0,1,45.67
2024/2025,Female,Disabled,Public,SSS,SSS3,,lga,Ankpa,North Central,Kogi,Ankpa,,,51.0,35,38.0123,1,1,1.3417,51.0,51.0,0,0,1,0,0,1,45.67
2024/2025,Female,Disabled,Public,Vocational,Tech/Voc,,lga,Ankpa,North Central,Kogi,Ankpa,,,0.0,0,3.4557,1,1,0.0,0.0,0.0,0,0,1,0,0,1,45.67
2024/2025,Male,Disabled,Private,Adult & Non-Formal,IQS/IQTE,,lga,Ankpa,North Central,Kogi,Ankpa,,,0.0,0,90.9513,0,0,0.0,0.0,0.0,0,0,1,0,0,0,45.67
2024/2025,Male,Disabled,Private,JSS,JSS1,JSS1,lga,Ankpa,North Central,Kogi,Ankpa,,,12.0,0,94.5894,1,1,0.1269,12.0,12.0,0,0,1,0,0,1,45.67
2024/2025,Male,Disabled,Private,JSS,JSS2,,lga,Ankpa,North Central,Kogi,Ankpa,,,11.0,0,87.3133,1,1,0.126,11.0,11.0,0,0,1,0,0,1,45.67
2024/2025,Male,Disabled,Private,JSS,JSS3,,lga,Ankpa,North Central,Kogi,Ankpa,,,11.0,0,87.3133,1,1,0.126,11.0,11.0,0,0,1,0,0,1,45.67
2024/2025,Male,Disabled,Private,Pre-Primary/Primary,Primary 1,Primary 1,lga,Ankpa,North Central,Kogi,Ankpa,,,40.0,0,280.1301,2,1,0.1428,20.0,40.0,1,1,1,1,1,1,45.67
2024/2025,Male,Disabled,Private,Pre-Primary/Primary,Primary 2,,lga,Ankpa,North Central,Kogi,Ankpa,,,38.0,0,265.5778,2,1,0.1431,19.0,38.0,1,1,1,1,1,1,45.67
2024/2025,Male,Disabled,Private,Pre-Primary/Primary,Primary 3,,lga,Ankpa,North Central,Kogi,Ankpa,,,38.0,0,258.3017,1,1,0.1471,38.0,38.0,0,0,1,0,0,1,45.67
2024/2025,Male,Disabled,Private,Pre-Primary/Primary,Primary 4,,lga,Ankpa,North Central,Kogi,Ankpa,,,37.0,0,251.0256,2,1,0.1474,18.5,37.0,1,1,1,1,1,1,45.67
2024/2025,Male,Disabled,Private,Pre-Primary/Primary,Primary 5,,lga,Ankpa,North Central,Kogi,Ankpa,,,37.0,0,254.6637,2,1,0.1453,18.5,37.0,1,1,1,1,1,1,45.67
2024/2025,Male,Disabled,Private,Pre-Primary/Primary,Primary 6,,lga,Ankpa,North Central,Kogi,Ankpa,,,37.0,0,254.6637,1,1,0.1453,37.0,37.0,0,0,1,0,0,1,45.67
2024/2025,Male,Disabled,Private,SSS,SSS1,SSS1,lga,Ankpa,North Central,Kogi,Ankpa,,,17.0,12,76.3991,1,1,0.2225,17.0,17.0,0,0,1,0,0,1,45.67
2024/2025,Male,Disabled,Private,SSS,SSS2,,lga,Ankpa,North Central,Kogi,Ankpa,,,16.0,11,72.7611,1,1,0.2199,16.0,16.0,0,0,1,0,0,1,45.67
2024/2025,Male,Disabled,Private,SSS,SSS3,,lga,Ankpa,North Central,Kogi,Ankpa,,,14.0,10,65.4849,1,1,0.2138,14.0,14.0,0,0,1,0,0,1,45.67
2024/2025,Male,Disabled,Private,Vocational,Tech/Voc,,lga,Ankpa,North Central,Kogi,Ankpa,,,0.0,0,18.1903,1,1,0.0,0.0,0.0,0,0,1,0,0,1,45.67
2024/2025,Male,Disabled,Public,Adult & Non-Formal,IQS/IQTE,,lga,Ankpa,North Central,Kogi,Ankpa,,,0.0,0,190.0613,0,0,0.0,0.0,0.0,0,0,1,0,0,0,45.67
2024/2025,Male,Disabled,Public,JSS,JSS1,JSS1,lga,Ankpa,North Central,Kogi,Ankpa,,,44.0,0,89.8472,1,1,0.4897,44.0,44.0,0,0,1,0,0,1,45.67
2024/2025,Male,Disabled,Public,JSS,JSS2,,lga,Ankpa,North Central,Kogi,Ankpa,,,41.0,0,82.9358,1,1,0.4944,41.0,41.0,0,0,1,0,0,1,45.67
2024/2025,Male,Disabled,Public,JSS,JSS3,,lga,Ankpa,North Central,Kogi,Ankpa,,,40.0,0,82.9358,1,1,0.4823,40.0,40.0,0,0,1,0,0,1,45.67
2024/2025,Male,Disabled,Public,Pre-Primary/Primary,Primary 1,Primary 1,lga,Ankpa,North Central,Kogi,Ankpa,,,144.0,0,269.5415,4,1,0.5342,36.0,144.0,2,1,1,1,1,2,45.67
2024/2025,Male,Disabled,Public,Pre-Primary/Primary,Primary 2,,lga,Ankpa,North Central,Kogi,Ankpa,,,138.0,0,259.1745,4,1,0.5325,34.5,138.0,2,1,1,1,1,2,45.67
2024/2025,Male,Disabled,Public,Pre-Primary/Primary,Primary 3,,lga,Ankpa,North Central,Kogi,Ankpa,,,134.0,0,248.8075,4,1,0.5386,33.5,134.0,2,1,1,1,1,2,45.67
2024/2025,Male,Disabled,Public,Pre-Primary/Primary,Primary 4,,lga,Ankpa,North Central,Kogi,Ankpa,,,130.0,0,241.8962,4,1,0.5374,32.5,130.0,2,1,1,1,1,2,45.67
2024/2025,Male,Disabled,Public,Pre-Primary/Primary,Primary 5,,lga,Ankpa,North Central,Kogi,Ankpa,,,130.0,0,245.3518,4,1,0.5299,32.5,130.0,2,1,1,1,1,2,45.67
2024/2025,Male,Disabled,Public,Pre-Primary/Primary,Primary 6,,lga,Ankpa,North Central,Kogi,Ankpa,,,130.0,0,245.3518,3,1,0.5299,43.3333,130.0,1,1,1,1,1,2,45.67
2024/2025,Male,Disabled,Public,SSS,SSS1,SSS1,lga,Ankpa,North Central,Kogi,Ankpa,,,60.0,42,44.9236,1,1,1.3356,60.0,60.0,0,0,1,0,0,1,45.67
2024/2025,Male,Disabled,Public,SSS,SSS2,,lga,Ankpa,North Central,Kogi,Ankpa,,,54.0,38,41.4679,1,1,1.3022,54.0,54.0,0,0,1,0,0,1,45.67
2024/2025,Male,Disabled,Public,SSS,SSS3,,lga,Ankpa,North Central,Kogi,Ankpa,,,51.0,36,38.0123,1,1,1.3417,51.0,51.0,0,0,1,0,0,1,45.67
2024/2025,Male,Disabled,Public,Vocational,Tech/Voc,,lga,Ankpa,North Central,Kogi,Ankpa,,,0.0,0,6.9113,1,1,0.0,0.0,0.0,0,0,1,0,0,1,45.67
2024/2025,Female,ALL,Private,Adult & Non-Formal,IQS/IQTE,,lga,Idah,North Central,Kogi,Idah,,,0.0,0,1378.8219,0,0,0.0,0.0,0.0,0,0,1,0,0,0,45.67
2024/2025,Female,ALL,Private,JSS,JSS1,JSS1,lga,Idah,North Central,Kogi,Idah,,,288.0,0,2321.0776,12,4,0.1241,24.0,72.0,6,4,3,4,3,7,45.67
2024/2025,Female,ALL,Private,JSS,JSS2,,lga,Idah,North Central,Kogi,Idah,,,271.0,0,2186.4696,14,4,0.1239,19.3571,67.75,7,5,3,4,4,8,45.67
2024/2025,Female,ALL,Private,JSS,JSS3,,lga,Idah,North Central,Kogi,Idah,,,263.0,0,2120.9847,14,4,0.124,18.7857,65.75,7,5,3,4,4,8,45.67
2024/2025,Female,ALL,Private,Pre-Primary/Primary,Primary 1,Primary 1,lga,Idah,North Central,Kogi,Idah,,,920.0,0,6508.4762,29,6,0.1414,31.7241,153.3333,14,10,4,9,8,17,45.67
2024/2025,Female,ALL,Private,Pre-Primary/Primary,Primary 2,,lga,Idah,North Central,Kogi,Idah,,,883.0,0,6250.1744,34,6,0.1413,25.9706,147.1667,17,12,4,10,9,20,45.67
2024/2025,Female,ALL,Private,Pre-Primary/Primary,Primary 3,,lga,Idah,North Central,Kogi,Idah,,,858.0,0,6068.2718,26,6,0.1414,33.0,143.0,13,9,4,8,7,15,45.67
2024/2025,Female,ALL,Private,Pre-Primary/Primary,Primary 4,,lga,Idah,North Central,Kogi,Idah,,,831.0,0,5886.3692,36,5,0.1412,23.0833,166.2,17,13,4,11,9,21,45.67
2024/2025,Female,ALL,Private,Pre-Primary/Primary,Primary 5,,lga,Idah,North Central,Kogi,Idah,,,836.0,0,5922.7497,37,5,0.1412,22.5946,167.2,18,13,4,11,10,22,45.67
2024/2025,Female,ALL,Private,Pre-Primary/Primary,Primary 6,,lga,Idah,North Central,Kogi,Idah,,,836.0,0,5922.7497,41,5,0.1412,20.3902,167.2,20,14,4,12,11,24,45.67
2024/2025,Female,ALL,Private,SSS,SSS1,SSS1,lga,Idah,North Central,Kogi,Idah,,,381.0,263,1698.9706,6,3,0.2243,63.5,127.0,3,2,2,2,2,4,45.67
2024/2025,Female,ALL,Private,SSS,SSS2,,lga,Idah,North Central,Kogi,Idah,,,350.0,241,1557.0865,6,2,0.2248,58.3333,175.0,3,2,1,2,2,4,45.67
2024/2025,Female,ALL,Private,SSS,SSS3,,lga,Idah,North Central,Kogi,Idah,,,328.0,226,1458.8591,6,2,0.2248,54.6667,164.0,3,2,1,2,2,4,45.67
2024/2025,Female,ALL,Private,Vocational,Tech/Voc,,lga,Idah,North Central,Kogi,Idah,,,0.0,0,218.2832,2,1,0.0,0.0,0.0,1,1,1,1,1,1,45.67
2024/2025,Female,ALL,Public,Adult & Non-Formal,IQS/IQTE,,lga,Idah,North Central,Kogi,Idah,,,0.0,0,2885.4759,0,0,0.0,0.0,0.0,0,0,1,0,0,0,45.67
2024/2025,Female,ALL,Public,JSS,JSS1,JSS1,lga,Idah,North Central,Kogi,Idah,,,1021.0,0,2180.5213,29,9,0.4682,35.2069,113.4444,14,10,7,9,8,17,45.67
2024/2025,Female,ALL,Public,JSS,JSS2,,lga,Idah,North Central,Kogi,Idah,,,963.0,0,2052.6619,29,8,0.4691,33.2069,120.375,14,10,6,9,8,17,45.67
2024/2025,Female,ALL,Public,JSS,JSS3,,lga,Idah,North Central,Kogi,Idah,,,934.0,0,1993.9157,27,8,0.4684,34.5926,116.75,13,10,6,8,7,16,45.67
2024/2025,Female,ALL,Public,Pre-Primary/Primary,Primary 1,Primary 1,lga,Idah,North Central,Kogi,Idah,,,3260.0,0,6237.4659,117,35,0.5226,27.8632,93.1429,57,41,26,35,31,69,45.67
2024/2025,Female,ALL,Public,Pre-Primary/Primary,Primary 2,,lga,Idah,North Central,Kogi,Idah,,,3132.0,0,5992.114,95,34,0.5227,32.9684,92.1176,46,34,25,29,25,56,45.67
2024/2025,Female,ALL,Public,Pre-Primary/Primary,Primary 3,,lga,Idah,North Central,Kogi,Idah,,,3040.0,0,5819.3311,77,33,0.5224,39.4805,92.1212,37,27,24,23,20,46,45.67
2024/2025,Female,ALL,Public,Pre-Primary/Primary,Primary 4,,lga,Idah,North Central,Kogi,Idah,,,2948.0,0,5643.0924,82,32,0.5224,35.9512,92.125,40,29,24,25,22,49,45.67
2024/2025,Female,ALL,Public,Pre-Primary/Primary,Primary 5,,lga,Idah,North Central,Kogi,Idah,,,2967.0,0,5677.649,78,32,0.5226,38.0385,92.7188,38,28,24,24,21,46,45.67
2024/2025,Female,ALL,Public,Pre-Primary/Primary,Primary 6,,lga,Idah,North Central,Kogi,Idah,,,2967.0,0,5677.649,129,32,0.5226,23.0,92.7188,63,46,24,39,34,77,45.67
2024/2025,Female,ALL,Public,SSS,SSS1,SSS1,lga,Idah,North Central,Kogi,Idah,,,1353.0,933,1012.5083,28,5,1.3363,48.3214,270.6,14,10,4,8,7,17,45.67
2024/2025,Female,ALL,Public,SSS,SSS2,,lga,Idah,North Central,Kogi,Idah,,,1240.0,855,929.5725,18,5,1.3339,68.8889,248.0,9,6,4,5,5,11,45.67
2024/2025,Female,ALL,Public,SSS,SSS3,,lga,Idah,North Central,Kogi,Idah,,,1165.0,803,874.2819,18,5,1.3325,64.7222,233.0,9,6,4,5,5,11,45.67
2024/2025,Female,ALL,Public,Vocational,Tech/Voc,,lga,Idah,North Central,Kogi,Idah,,,0.0,0,96.7585,3,1,0.0,0.0,0.0,1,1,1,1,1,2,45.67
2024/2025,Male,ALL,Private,Adult & Non-Formal,IQS/IQTE,,lga,Idah,North Central,Kogi,Idah,,,0.0,0,1375.1839,0,0,0.0,0.0,0.0,0,0,1,0,0,0,45.67
2024/2025,Male,ALL,Private,JSS,JSS1,JSS1,lga,Idah,North Central,Kogi,Idah,,,282.0,0,2186.4696,11,4,0.129,25.6364,70.5,5,4,3,3,3,7,45.67
2024/2025,Male,ALL,Private,JSS,JSS2,,lga,Idah,North Central,Kogi,Idah,,,265.0,0,2059.1378,13,3,0.1287,20.3846,88.3333,6,5,2,4,3,8,45.67
2024/2025,Male,ALL,Private,JSS,JSS3,,lga,Idah,North Central,Kogi,Idah,,,258.0,0,2000.9289,13,3,0.1289,19.8462,86.0,6,5,2,4,3,8,45.67
2024/2025,Male,ALL,Private,Pre-Primary/Primary,Primary 1,Primary 1,lga,Idah,North Central,Kogi,Idah,,,933.0,0,6439.3532,29,6,0.1449,32.1724,155.5,14,10,4,9,8,17,45.67
2024/2025,Male,ALL,Private,Pre-Primary/Primary,Primary 2,,lga,Idah,North Central,Kogi,Idah,,,896.0,0,6184.6895,34,6,0.1449,26.3529,149.3333,17,12,4,10,9,20,45.67
2024/2025,Male,ALL,Private,Pre-Primary/Primary,Primary 3,,lga,Idah,North Central,Kogi,Idah,,,870.0,0,6002.7868,26,5,0.1449,33.4615,174.0,13,9,4,8,7,15,45.67
2024/2025,Male,ALL,Private,Pre-Primary/Primary,Primary 4,,lga,Idah,North Central,Kogi,Idah,,,843.0,0,5824.5223,35,5,0.1447,24.0857,168.6,17,12,4,11,9,21,45.67
2024/2025,Male,ALL,Private,Pre-Primary/Primary,Primary 5,,lga,Idah,North Central,Kogi,Idah,,,848.0,0,5860.9028,37,5,0.1447,22.9189,169.6,18,13,4,11,10,22,45.67
2024/2025,Male,ALL,Private,Pre-Primary/Primary,Primary 6,,lga,Idah,North Central,Kogi,Idah,,,848.0,0,5860.9028,41,5,0.1447,20.6829,169.6,20,14,4,12,11,24,45.67
2024/2025,Male,ALL,Private,SSS,SSS1,SSS1,lga,Idah,North Central,Kogi,Idah,,,386.0,272,1757.1794,6,3,0.2197,64.3333,128.6667,3,2,2,2,2,4,45.67
2024/2025,Male,ALL,Private,SSS,SSS2,,lga,Idah,North Central,Kogi,Idah,,,353.0,249,1608.0193,6,3,0.2195,58.8333,117.6667,3,2,2,2,2,4,45.67
2024/2025,Male,ALL,Private,SSS,SSS3,,lga,Idah,North Central,Kogi,Idah,,,332.0,234,1509.7918,6,2,0.2199,55.3333,166.0,3,2,1,2,2,4,45.67
2024/2025,Male,ALL,Private,Vocational,Tech/Voc,,lga,Idah,North Central,Kogi,Idah,,,0.0,0,371.0814,3,1,0.0,0.0,0.0,1,1,1,1,1,2,45.67
2024/2025,Male,ALL,Public,Adult & Non-Formal,IQS/IQTE,,lga,Idah,North Central,Kogi,Idah,,,0.0,0,2885.4759,0,0,0.0,0.0,0.0,0,0,1,0,0,0,45.67
2024/2025,Male,ALL,Public,JSS,JSS1,JSS1,lga,Idah,North Central,Kogi,Idah,,,999.0,0,2056.1176,27,8,0.4859,37.0,124.875,13,10,6,8,7,16,45.67
2024/2025,Male,ALL,Public,JSS,JSS2,,lga,Idah,North Central,Kogi,Idah,,,942.0,0,1935.1695,27,8,0.4868,34.8889,117.75,13,10,6,8,7,16,45.67
2024/2025,Male,ALL,Public,JSS,JSS3,,lga,Idah,North Central,Kogi,Idah,,,914.0,0,1876.4233,25,8,0.4871,36.56,114.25,12,9,6,8,7,15,45.67
2024/2025,Male,ALL,Public,Pre-Primary/Primary,Primary 1,Primary 1,lga,Idah,North Central,Kogi,Idah,,,3307.0,0,6171.8084,116,35,0.5358,28.5086,94.4857,56,41,26,35,31,69,45.67
2024/2025,Male,ALL,Public,Pre-Primary/Primary,Primary 2,,lga,Idah,North Central,Kogi,Idah,,,3177.0,0,5929.9122,94,34,0.5358,33.7979,93.4412,46,33,25,28,25,56,45.67
2024/2025,Male,ALL,Public,Pre-Primary/Primary,Primary 3,,lga,Idah,North Central,Kogi,Idah,,,3084.0,0,5757.1292,76,33,0.5357,40.5789,93.4545,37,27,24,23,20,45,45.67
2024/2025,Male,ALL,Public,Pre-Primary/Primary,Primary 4,,lga,Idah,North Central,Kogi,Idah,,,2991.0,0,5584.3462,81,32,0.5356,36.9259,93.4688,39,29,24,24,21,48,45.67
2024/2025,Male,ALL,Public,Pre-Primary/Primary,Primary 5,,lga,Idah,North Central,Kogi,Idah,,,3010.0,0,5618.9028,78,32,0.5357,38.5897,94.0625,38,28,24,24,21,46,45.67
2024/2025,Male,ALL,Public,Pre-Primary/Primary,Primary 6,,lga,Idah,North Central,Kogi,Idah,,,3010.0,0,5618.9028,127,32,0.5357,23.7008,94.0625,62,45,24,38,33,75,45.67
2024/2025,Male,ALL,Public,SSS,SSS1,SSS1,lga,Idah,North Central,Kogi,Idah,,,1368.0,965,1047.0649,28,6,1.3065,48.8571,228.0,14,10,4,8,7,17,45.67
2024/2025,Male,ALL,Public,SSS,SSS2,,lga,Idah,North Central,Kogi,Idah,,,1253.0,884,960.6734,19,5,1.3043,65.9474,250.6,9,7,4,6,5,11,45.67
2024/2025,Male,ALL,Public,SSS,SSS3,,lga,Idah,North Central,Kogi,Idah,,,1178.0,831,901.9272,18,5,1.3061,65.4444,235.6,9,6,4,5,5,11,45.67
2024/2025,Male,ALL,Public,Vocational,Tech/Voc,,lga,Idah,North Central,Kogi,Idah,,,0.0,0,165.8717,5,2,0.0,0.0,0.0,2,2,1,2,1,3,45.67
2024/2025,Female,Disabled,Private,Adult & Non-Formal,IQS/IQTE,,lga,Idah,North Central,Kogi,Idah,,,0.0,0,90.9513,0,0,0.0,0.0,0.0,0,0,1,0,0,0,45.67
2024/2025,Female,Disabled,Private,JSS,JSS1,JSS1,lga,Idah,North Central,Kogi,Idah,,,19.0,0,152.7982,1,1,0.1243,19.0,19.0,0,0,1,0,0,1,45.67
2024/2025,Female,Disabled,Private,JSS,JSS2,,lga,Idah,North Central,Kogi,Idah,,,17.0,0,141.8841,1,1,0.1198,17.0,17.0,0,0,1,0,0,1,45.67
2024/2025,Female,Disabled,Private,JSS,JSS3,,lga,Idah,North Central,Kogi,Idah,,,17.0,0,141.8841,1,1,0.1198,17.0,17.0,0,0,1,0,0,1,45.67
2024/2025,Female,Disabled,Private,Pre-Primary/Primary,Primary 1,Primary 1,lga,Idah,North Central,Kogi,Idah,,,60.0,0,422.0141,2,1,0.1422,30.0,60.0,1,1,1,1,1,1,45.67
2024/2025,Female,Disabled,Private,Pre-Primary/Primary,Primary 2,,lga,Idah,North Central,Kogi,Idah,,,57.0,0,407.4619,2,1,0.1399,28.5,57.0,1,1,1,1,1,1,45.67
2024/2025,Female,Disabled,Private,Pre-Primary/Primary,Primary 3,,lga,Idah,North Central,Kogi,Idah,,,55.0,0,392.9097,2,1,0.14,27.5,55.0,1,1,1,1,1,1,45.67
2024/2025,Female,Disabled,Private,Pre-Primary/Primary,Primary 4,,lga,Idah,North Central,Kogi,Idah,,,54.0,0,381.9955,2,1,0.1414,27.0,54.0,1,1,1,1,1,1,45.67
2024/2025,Female,Disabled,Private,Pre-Primary/Primary,Primary 5,,lga,Idah,North Central,Kogi,Idah,,,55.0,0,385.6336,3,1,0.1426,18.3333,55.0,1,1,1,1,1,2,45.67
2024/2025,Female,Disabled,Private,Pre-Primary/Primary,Primary 6,,lga,Idah,North Central,Kogi,Idah,,,55.0,0,385.6336,3,1,0.1426,18.3333,55.0,1,1,1,1,1,2,45.67
2024/2025,Female,Disabled,Private,SSS,SSS1,SSS1,lga,Idah,North Central,Kogi,Idah,,,25.0,17,109.1416,1,1,0.2291,25.0,25.0,0,0,1,0,0,1,45.67
2024/2025,Female,Disabled,Private,SSS,SSS2,,lga,Idah,North Central,Kogi,Idah,,,23.0,16,101.8655,1,1,0.2258,23.0,23.0,0,0,1,0,0,1,45.67
2024/2025,Female,Disabled,Private,SSS,SSS3,,lga,Idah,North Central,Kogi,Idah,,,22.0,15,98.2274,1,1,0.224,22.0,22.0,0,0,1,0,0,1,45.67
2024/2025,Female,Disabled,Private,Vocational,Tech/Voc,,lga,Idah,North Central,Kogi,Idah,,,0.0,0,18.1903,1,1,0.0,0.0,0.0,0,0,1,0,0,1,45.67
2024/2025,Female,Disabled,Public,Adult & Non-Formal,IQS/IQTE,,lga,Idah,North Central,Kogi,Idah,,,0.0,0,190.0613,0,0,0.0,0.0,0.0,0,0,1,0,0,0,45.67
2024/2025,Female,Disabled,Public,JSS,JSS1,JSS1,lga,Idah,North Central,Kogi,Idah,,,67.0,0,141.6821,2,1,0.4729,33.5,67.0,1,1,1,1,1,1,45.67
2024/2025,Female,Disabled,Public,JSS,JSS2,,lga,Idah,North Central,Kogi,Idah,,,63.0,0,131.3151,2,1,0.4798,31.5,63.0,1,1,1,1,1,1,45.67
2024/2025,Female,Disabled,Public,JSS,JSS3,,lga,Idah,North Central,Kogi,Idah,,,61.0,0,131.3151,2,1,0.4645,30.5,61.0,1,1,1,1,1,1,45.67
2024/2025,Female,Disabled,Public,Pre-Primary/Primary,Primary 1,Primary 1,lga,Idah,North Central,Kogi,Idah,,,212.0,0,404.3122,8,2,0.5243,26.5,106.0,4,3,1,2,2,5,45.67
2024/2025,Female,Disabled,Public,Pre-Primary/Primary,Primary 2,,lga,Idah,North Central,Kogi,Idah,,,204.0,0,390.4896,6,2,0.5224,34.0,102.0,3,2,1,2,2,4,45.67
2024/2025,Female,Disabled,Public,Pre-Primary/Primary,Primary 3,,lga,Idah,North Central,Kogi,Idah,,,198.0,0,380.1226,5,2,0.5209,39.6,99.0,2,2,1,2,1,3,45.67
2024/2025,Female,Disabled,Public,Pre-Primary/Primary,Primary 4,,lga,Idah,North Central,Kogi,Idah,,,192.0,0,366.2999,5,2,0.5242,38.4,96.0,2,2,1,2,1,3,45.67
2024/2025,Female,Disabled,Public,Pre-Primary/Primary,Primary 5,,lga,Idah,North Central,Kogi,Idah,,,193.0,0,369.7556,5,2,0.522,38.6,96.5,2,2,1,2,1,3,45.67
2024/2025,Female,Disabled,Public,Pre-Primary/Primary,Primary 6,,lga,Idah,North Central,Kogi,Idah,,,193.0,0,369.7556,9,2,0.522,21.4444,96.5,4,3,1,3,2,5,45.67
2024/2025,Female,Disabled,Public,SSS,SSS1,SSS1,lga,Idah,North Central,Kogi,Idah,,,88.0,61,65.6575,1,1,1.3403,88.0,88.0,0,0,1,0,0,1,45.67
2024/2025,Female,Disabled,Public,SSS,SSS2,,lga,Idah,North Central,Kogi,Idah,,,81.0,56,62.2019,1,1,1.3022,81.0,81.0,0,0,1,0,0,1,45.67
2024/2025,Female,Disabled,Public,SSS,SSS3,,lga,Idah,North Central,Kogi,Idah,,,75.0,52,55.2906,1,1,1.3565,75.0,75.0,0,0,1,0,0,1,45.67
2024/2025,Female,Disabled,Public,Vocational,Tech/Voc,,lga,Idah,North Central,Kogi,Idah,,,0.0,0,6.9113,1,1,0.0,0.0,0.0,0,0,1,0,0,1,45.67
2024/2025,Male,Disabled,Private,Adult & Non-Formal,IQS/IQTE,,lga,Idah,North Central,Kogi,Idah,,,0.0,0,90.9513,0,0,0.0,0.0,0.0,0,0,1,0,0,0,45.67
2024/2025,Male,Disabled,Private,JSS,JSS1,JSS1,lga,Idah,North Central,Kogi,Idah,,,18.0,0,141.8841,1,1,0.1269,18.0,18.0,0,0,1,0,0,1,45.67
2024/2025,Male,Disabled,Private,JSS,JSS2,,lga,Idah,North Central,Kogi,Idah,,,17.0,0,134.6079,1,1,0.1263,17.0,17.0,0,0,1,0,0,1,45.67
2024/2025,Male,Disabled,Private,JSS,JSS3,,lga,Idah,North Central,Kogi,Idah,,,17.0,0,127.3318,1,1,0.1335,17.0,17.0,0,0,1,0,0,1,45.67
2024/2025,Male,Disabled,Private,Pre-Primary/Primary,Primary 1,Primary 1,lga,Idah,North Central,Kogi,Idah,,,60.0,0,418.3761,2,1,0.1434,30.0,60.0,1,1,1,1,1,1,45.67
2024/2025,Male,Disabled,Private,Pre-Primary/Primary,Primary 2,,lga,Idah,North Central,Kogi,Idah,,,59.0,0,403.8238,2,1,0.1461,29.5,59.0,1,1,1,1,1,1,45.67
2024/2025,Male,Disabled,Private,Pre-Primary/Primary,Primary 3,,lga,Idah,North Central,Kogi,Idah,,,57.0,0,389.2716,2,1,0.1464,28.5,57.0,1,1,1,1,1,1,45.67
2024/2025,Male,Disabled,Private,Pre-Primary/Primary,Primary 4,,lga,Idah,North Central,Kogi,Idah,,,55.0,0,378.3575,2,1,0.1454,27.5,55.0,1,1,1,1,1,1,45.67
2024/2025,Male,Disabled,Private,Pre-Primary/Primary,Primary 5,,lga,Idah,North Central,Kogi,Idah,,,55.0,0,381.9955,2,1,0.144,27.5,55.0,1,1,1,1,1,1,45.67
2024/2025,Male,Disabled,Private,Pre-Primary/Primary,Primary 6,,lga,Idah,North Central,Kogi,Idah,,,55.0,0,381.9955,3,1,0.144,18.3333,55.0,1,1,1,1,1,2,45.67
2024/2025,Male,Disabled,Private,SSS,SSS1,SSS1,lga,Idah,North Central,Kogi,Idah,,,26.0,18,116.4177,1,1,0.2233,26.0,26.0,0,0,1,0,0,1,45.67
2024/2025,Male,Disabled,Private,SSS,SSS2,,lga,Idah,North Central,Kogi,Idah,,,23.0,16,101.8655,1,1,0.2258,23.0,23.0,0,0,1,0,0,1,45.67
2024/2025,Male,Disabled,Private,SSS,SSS3,,lga,Idah,North Central,Kogi,Idah,,,21.0,15,98.2274,1,1,0.2138,21.0,21.0,0,0,1,0,0,1,45.67
2024/2025,Male,Disabled,Private,Vocational,Tech/Voc,,lga,Idah,North Central,Kogi,Idah,,,0.0,0,25.4664,1,1,0.0,0.0,0.0,0,0,1,0,0,1,45.67
2024/2025,Male,Disabled,Public,Adult & Non-Formal,IQS/IQTE,,lga,Idah,North Central,Kogi,Idah,,,0.0,0,186.6056,0,0,0.0,0.0,0.0,0,0,1,0,0,0,45.67
2024/2025,Male,Disabled,Public,JSS,JSS1,JSS1,lga,Idah,North Central,Kogi,Idah,,,65.0,0,134.7707,2,1,0.4823,32.5,65.0,1,1,1,1,1,1,45.67
2024/2025,Male,Disabled,Public,JSS,JSS2,,lga,Idah,North Central,Kogi,Idah,,,61.0,0,124.4038,2,1,0.4903,30.5,61.0,1,1,1,1,1,1,45.67
2024/2025,Male,Disabled,Public,JSS,JSS3,,lga,Idah,North Central,Kogi,Idah,,,60.0,0,120.9481,1,1,0.4961,60.0,60.0,0,0,1,0,0,1,45.67
2024/2025,Male,Disabled,Public,Pre-Primary/Primary,Primary 1,Primary 1,lga,Idah,North Central,Kogi,Idah,,,215.0,0,400.8565,8,2,0.5364,26.875,107.5,4,3,1,2,2,5,45.67
2024/2025,Male,Disabled,Public,Pre-Primary/Primary,Primary 2,,lga,Idah,North Central,Kogi,Idah,,,206.0,0,387.0339,6,2,0.5323,34.3333,103.0,3,2,1,2,2,4,45.67
2024/2025,Male,Disabled,Public,Pre-Primary/Primary,Primary 3,,lga,Idah,North Central,Kogi,Idah,,,200.0,0,373.2113,5,2,0.5359,40.0,100.0,2,2,1,2,1,3,45.67
2024/2025,Male,Disabled,Public,Pre-Primary/Primary,Primary 4,,lga,Idah,North Central,Kogi,Idah,,,194.0,0,362.8443,5,2,0.5347,38.8,97.0,2,2,1,2,1,3,45.67
2024/2025,Male,Disabled,Public,Pre-Primary/Primary,Primary 5,,lga,Idah,North Central,Kogi,Idah,,,196.0,0,366.2999,5,2,0.5351,39.2,98.0,2,2,1,2,1,3,45.67
2024/2025,Male,Disabled,Public,Pre-Primary/Primary,Primary 6,,lga,Idah,North Central,Kogi,Idah,,,196.0,0,366.2999,8,2,0.5351,24.5,98.0,4,3,1,2,2,5,45.67
2024/2025,Male,Disabled,Public,SSS,SSS1,SSS1,lga,Idah,North Central,Kogi,Idah,,,89.0,63,69.1132,2,1,1.2877,44.5,89.0,1,1,1,1,1,1,45.67
2024/2025,Male,Disabled,Public,SSS,SSS2,,lga,Idah,North Central,Kogi,Idah,,,81.0,57,62.2019,1,1,1.3022,81.0,81.0,0,0,1,0,0,1,45.67
2024/2025,Male,Disabled,Public,SSS,SSS3,,lga,Idah,North Central,Kogi,Idah,,,77.0,54,58.7462,1,1,1.3107,77.0,77.0,0,0,1,0,0,1,45.67
2024/2025,Male,Disabled,Public,Vocational,Tech/Voc,,lga,Idah,North Central,Kogi,Idah,,,0.0,0,10.367,1,1,0.0,0.0,0.0,0,0,1,0,0,1,45.67
2024/2025,Female,ALL,Private,Adult & Non-Formal,IQS/IQTE,,lga,Kabba/Bunu,North Central,Kogi,Kabba/Bunu,,,0.0,0,1375.1839,0,0,0.0,0.0,0.0,0,0,1,0,0,0,45.67
2024/2025,Female,ALL,Private,JSS,JSS1,JSS1,lga,Kabba/Bunu,North Central,Kogi,Kabba/Bunu,,,202.0,0,1629.8476,7,4,0.1239,28.8571,50.5,3,2,3,2,2,4,45.67
2024/2025,Female,ALL,Private,JSS,JSS2,,lga,Kabba/Bunu,North Central,Kogi,Kabba/Bunu,,,191.0,0,1538.8963,8,4,0.1241,23.875,47.75,4,3,3,2,2,5,45.67
2024/2025,Female,ALL,Private,JSS,JSS3,,lga,Kabba/Bunu,North Central,Kogi,Kabba/Bunu,,,185.0,0,1491.6016,7,4,0.124,26.4286,46.25,3,2,3,2,2,4,45.67
2024/2025,Female,ALL,Private,Pre-Primary/Primary,Primary 1,Primary 1,lga,Kabba/Bunu,North Central,Kogi,Kabba/Bunu,,,645.0,0,4569.3941,33,4,0.1412,19.5455,161.25,16,12,3,10,9,20,45.67
2024/2025,Female,ALL,Private,Pre-Primary/Primary,Primary 2,,lga,Kabba/Bunu,North Central,Kogi,Kabba/Bunu,,,620.0,0,4391.1295,23,4,0.1412,26.9565,155.0,11,8,3,7,6,14,45.67
2024/2025,Female,ALL,Private,Pre-Primary/Primary,Primary 3,,lga,Kabba/Bunu,North Central,Kogi,Kabba/Bunu,,,602.0,0,4260.1596,26,4,0.1413,23.1538,150.5,13,9,3,8,7,15,45.67
2024/2025,Female,ALL,Private,Pre-Primary/Primary,Primary 4,,lga,Kabba/Bunu,North Central,Kogi,Kabba/Bunu,,,584.0,0,4132.8278,22,4,0.1413,26.5455,146.0,11,8,3,7,6,13,45.67
2024/2025,Female,ALL,Private,Pre-Primary/Primary,Primary 5,,lga,Kabba/Bunu,North Central,Kogi,Kabba/Bunu,,,587.0,0,4158.2942,19,4,0.1412,30.8947,146.75,9,7,3,6,5,11,45.67
2024/2025,Female,ALL,Private,Pre-Primary/Primary,Primary 6,,lga,Kabba/Bunu,North Central,Kogi,Kabba/Bunu,,,587.0,0,4158.2942,25,4,0.1412,23.48,146.75,12,9,3,8,7,15,45.67
2024/2025,Female,ALL,Private,SSS,SSS1,SSS1,lga,Kabba/Bunu,North Central,Kogi,Kabba/Bunu,,,268.0,185,1193.2813,5,1,0.2246,53.6,268.0,2,2,1,2,1,3,45.67
2024/2025,Female,ALL,Private,SSS,SSS2,,lga,Kabba/Bunu,North Central,Kogi,Kabba/Bunu,,,245.0,169,1091.4158,4,1,0.2245,61.25,245.0,2,1,1,1,1,2,45.67
2024/2025,Female,ALL,Private,SSS,SSS3,,lga,Kabba/Bunu,North Central,Kogi,Kabba/Bunu,,,231.0,159,1025.9308,5,1,0.2252,46.2,231.0,2,2,1,2,1,3,45.67
2024/2025,Female,ALL,Private,Vocational,Tech/Voc,,lga,Kabba/Bunu,North Central,Kogi,Kabba/Bunu,,,0.0,0,145.5221,1,1,0.0,0.0,0.0,0,0,1,0,0,1,45.67
2024/2025,Female,ALL,Public,Adult & Non-Formal,IQS/IQTE,,lga,Kabba/Bunu,North Central,Kogi,Kabba/Bunu,,,0.0,0,2885.4759,0,0,0.0,0.0,0.0,0,0,1,0,0,0,45.67
2024/2025,Female,ALL,Public,JSS,JSS1,JSS1,lga,Kabba/Bunu,North Central,Kogi,Kabba/Bunu,,,718.0,0,1530.8573,27,13,0.469,26.5926,55.2308,13,10,10,8,7,16,45.67
2024/2025,Female,ALL,Public,JSS,JSS2,,lga,Kabba/Bunu,North Central,Kogi,Kabba/Bunu,,,676.0,0,1444.4658,21,12,0.468,32.1905,56.3333,10,7,9,6,6,12,45.67
2024/2025,Female,ALL,Public,JSS,JSS3,,lga,Kabba/Bunu,North Central,Kogi,Kabba/Bunu,,,656.0,0,1399.5422,21,12,0.4687,31.2381,54.6667,10,7,9,6,6,12,45.67
2024/2025,Female,ALL,Public,Pre-Primary/Primary,Primary 1,Primary 1,lga,Kabba/Bunu,North Central,Kogi,Kabba/Bunu,,,2290.0,0,4381.7766,66,14,0.5226,34.697,163.5714,32,23,10,20,17,39,45.67
2024/2025,Female,ALL,Public,Pre-Primary/Primary,Primary 2,,lga,Kabba/Bunu,North Central,Kogi,Kabba/Bunu,,,2199.0,0,4208.9936,60,14,0.5225,36.65,157.0714,29,21,10,18,16,36,45.67
2024/2025,Female,ALL,Public,Pre-Primary/Primary,Primary 3,,lga,Kabba/Bunu,North Central,Kogi,Kabba/Bunu,,,2135.0,0,4084.5899,77,13,0.5227,27.7273,164.2308,37,27,10,23,20,46,45.67
2024/2025,Female,ALL,Public,Pre-Primary/Primary,Primary 4,,lga,Kabba/Bunu,North Central,Kogi,Kabba/Bunu,,,2071.0,0,3963.6418,53,13,0.5225,39.0755,159.3077,26,19,10,16,14,31,45.67
2024/2025,Female,ALL,Public,Pre-Primary/Primary,Primary 5,,lga,Kabba/Bunu,North Central,Kogi,Kabba/Bunu,,,2083.0,0,3987.8314,83,13,0.5223,25.0964,160.2308,40,29,10,25,22,49,45.67
2024/2025,Female,ALL,Public,Pre-Primary/Primary,Primary 6,,lga,Kabba/Bunu,North Central,Kogi,Kabba/Bunu,,,2083.0,0,3987.8314,53,13,0.5223,39.3019,160.2308,26,19,10,16,14,31,45.67
2024/2025,Female,ALL,Public,SSS,SSS1,SSS1,lga,Kabba/Bunu,North Central,Kogi,Kabba/Bunu,,,950.0,655,711.8659,14,4,1.3345,67.8571,237.5,7,5,3,4,4,8,45.67
2024/2025,Female,ALL,Public,SSS,SSS2,,lga,Kabba/Bunu,North Central,Kogi,Kabba/Bunu,,,872.0,601,653.1197,15,4,1.3351,58.1333,218.0,7,5,3,5,4,9,45.67
2024/2025,Female,ALL,Public,SSS,SSS3,,lga,Kabba/Bunu,North Central,Kogi,Kabba/Bunu,,,818.0,564,611.6518,12,4,1.3374,68.1667,204.5,6,4,3,4,3,7,45.67
2024/2025,Female,ALL,Public,Vocational,Tech/Voc,,lga,Kabba/Bunu,North Central,Kogi,Kabba/Bunu,,,0.0,0,65.6575,2,1,0.0,0.0,0.0,1,1,1,1,1,1,45.67
2024/2025,Male,ALL,Private,Adult & Non-Formal,IQS/IQTE,,lga,Kabba/Bunu,North Central,Kogi,Kabba/Bunu,,,0.0,0,1375.1839,0,0,0.0,0.0,0.0,0,0,1,0,0,0,45.67
2024/2025,Male,ALL,Private,JSS,JSS1,JSS1,lga,Kabba/Bunu,North Central,Kogi,Kabba/Bunu,,,198.0,0,1538.8963,7,4,0.1287,28.2857,49.5,3,2,3,2,2,4,45.67
2024/2025,Male,ALL,Private,JSS,JSS2,,lga,Kabba/Bunu,North Central,Kogi,Kabba/Bunu,,,187.0,0,1451.583,8,4,0.1288,23.375,46.75,4,3,3,2,2,5,45.67
2024/2025,Male,ALL,Private,JSS,JSS3,,lga,Kabba/Bunu,North Central,Kogi,Kabba/Bunu,,,181.0,0,1404.2883,7,3,0.1289,25.8571,60.3333,3,2,2,2,2,4,45.67
2024/2025,Male,ALL,Private,Pre-Primary/Primary,Primary 1,Primary 1,lga,Kabba/Bunu,North Central,Kogi,Kabba/Bunu,,,655.0,0,4522.0994,33,4,0.1448,19.8485,163.75,16,12,3,10,9,20,45.67
2024/2025,Male,ALL,Private,Pre-Primary/Primary,Primary 2,,lga,Kabba/Bunu,North Central,Kogi,Kabba/Bunu,,,630.0,0,4347.4729,22,4,0.1449,28.6364,157.5,11,8,3,7,6,13,45.67
2024/2025,Male,ALL,Private,Pre-Primary/Primary,Primary 3,,lga,Kabba/Bunu,North Central,Kogi,Kabba/Bunu,,,611.0,0,4220.141,26,4,0.1448,23.5,152.75,13,9,3,8,7,15,45.67
2024/2025,Male,ALL,Private,Pre-Primary/Primary,Primary 4,,lga,Kabba/Bunu,North Central,Kogi,Kabba/Bunu,,,592.0,0,4092.8092,22,4,0.1446,26.9091,148.0,11,8,3,7,6,13,45.67
2024/2025,Male,ALL,Private,Pre-Primary/Primary,Primary 5,,lga,Kabba/Bunu,North Central,Kogi,Kabba/Bunu,,,596.0,0,4118.2756,19,4,0.1447,31.3684,149.0,9,7,3,6,5,11,45.67
2024/2025,Male,ALL,Private,Pre-Primary/Primary,Primary 6,,lga,Kabba/Bunu,North Central,Kogi,Kabba/Bunu,,,596.0,0,4118.2756,25,4,0.1447,23.84,149.0,12,9,3,8,7,15,45.67
2024/2025,Male,ALL,Private,SSS,SSS1,SSS1,lga,Kabba/Bunu,North Central,Kogi,Kabba/Bunu,,,271.0,191,1233.2998,5,1,0.2197,54.2,271.0,2,2,1,2,1,3,45.67
2024/2025,Male,ALL,Private,SSS,SSS2,,lga,Kabba/Bunu,North Central,Kogi,Kabba/Bunu,,,248.0,175,1131.4344,5,1,0.2192,49.6,248.0,2,2,1,2,1,3,45.67
2024/2025,Male,ALL,Private,SSS,SSS3,,lga,Kabba/Bunu,North Central,Kogi,Kabba/Bunu,,,234.0,165,1065.9494,5,1,0.2195,46.8,234.0,2,2,1,2,1,3,45.67
2024/2025,Male,ALL,Private,Vocational,Tech/Voc,,lga,Kabba/Bunu,North Central,Kogi,Kabba/Bunu,,,0.0,0,261.9398,1,1,0.0,0.0,0.0,0,0,1,0,0,1,45.67
2024/2025,Male,ALL,Public,Adult & Non-Formal,IQS/IQTE,,lga,Kabba/Bunu,North Central,Kogi,Kabba/Bunu,,,0.0,0,2885.4759,0,0,0.0,0.0,0.0,0,0,1,0,0,0,45.67
2024/2025,Male,ALL,Public,JSS,JSS1,JSS1,lga,Kabba/Bunu,North Central,Kogi,Kabba/Bunu,,,702.0,0,1444.4658,25,12,0.486,28.08,58.5,12,9,9,8,7,15,45.67
2024/2025,Male,ALL,Public,JSS,JSS2,,lga,Kabba/Bunu,North Central,Kogi,Kabba/Bunu,,,662.0,0,1361.53,20,12,0.4862,33.1,55.1667,10,7,9,6,5,12,45.67
2024/2025,Male,ALL,Public,JSS,JSS3,,lga,Kabba/Bunu,North Central,Kogi,Kabba/Bunu,,,642.0,0,1320.062,19,11,0.4863,33.7895,58.3636,9,7,8,6,5,11,45.67
2024/2025,Male,ALL,Public,Pre-Primary/Primary,Primary 1,Primary 1,lga,Kabba/Bunu,North Central,Kogi,Kabba/Bunu,,,2323.0,0,4336.853,65,14,0.5356,35.7385,165.9286,32,23,10,20,17,39,45.67
2024/2025,Male,ALL,Public,Pre-Primary/Primary,Primary 2,,lga,Kabba/Bunu,North Central,Kogi,Kabba/Bunu,,,2232.0,0,4164.07,59,13,0.536,37.8305,171.6923,29,21,10,18,16,35,45.67
2024/2025,Male,ALL,Public,Pre-Primary/Primary,Primary 3,,lga,Kabba/Bunu,North Central,Kogi,Kabba/Bunu,,,2166.0,0,4043.1219,76,13,0.5357,28.5,166.6154,37,27,10,23,20,45,45.67
2024/2025,Male,ALL,Public,Pre-Primary/Primary,Primary 4,,lga,Kabba/Bunu,North Central,Kogi,Kabba/Bunu,,,2100.0,0,3922.1738,53,13,0.5354,39.6226,161.5385,26,19,10,16,14,31,45.67
2024/2025,Male,ALL,Public,Pre-Primary/Primary,Primary 5,,lga,Kabba/Bunu,North Central,Kogi,Kabba/Bunu,,,2114.0,0,3946.3635,82,13,0.5357,25.7805,162.6154,40,29,10,25,22,49,45.67
2024/2025,Male,ALL,Public,Pre-Primary/Primary,Primary 6,,lga,Kabba/Bunu,North Central,Kogi,Kabba/Bunu,,,2114.0,0,3946.3635,52,13,0.5357,40.6538,162.6154,25,18,10,16,14,31,45.67
2024/2025,Male,ALL,Public,SSS,SSS1,SSS1,lga,Kabba/Bunu,North Central,Kogi,Kabba/Bunu,,,961.0,678,736.0555,15,5,1.3056,64.0667,192.2,7,5,4,5,4,9,45.67
2024/2025,Male,ALL,Public,SSS,SSS2,,lga,Kabba/Bunu,North Central,Kogi,Kabba/Bunu,,,881.0,621,673.8537,16,4,1.3074,55.0625,220.25,8,6,3,5,4,10,45.67
2024/2025,Male,ALL,Public,SSS,SSS3,,lga,Kabba/Bunu,North Central,Kogi,Kabba/Bunu,,,828.0,584,635.8414,13,4,1.3022,63.6923,207.0,6,5,3,4,3,8,45.67
2024/2025,Male,ALL,Public,Vocational,Tech/Voc,,lga,Kabba/Bunu,North Central,Kogi,Kabba/Bunu,,,0.0,0,114.0368,3,1,0.0,0.0,0.0,1,1,1,1,1,2,45.67
2024/2025,Female,Disabled,Private,Adult & Non-Formal,IQS/IQTE,,lga,Kabba/Bunu,North Central,Kogi,Kabba/Bunu,,,0.0,0,90.9513,0,0,0.0,0.0,0.0,0,0,1,0,0,0,45.67
2024/2025,Female,Disabled,Private,JSS,JSS1,JSS1,lga,Kabba/Bunu,North Central,Kogi,Kabba/Bunu,,,13.0,0,105.5035,1,1,0.1232,13.0,13.0,0,0,1,0,0,1,45.67
2024/2025,Female,Disabled,Private,JSS,JSS2,,lga,Kabba/Bunu,North Central,Kogi,Kabba/Bunu,,,12.0,0,98.2274,1,1,0.1222,12.0,12.0,0,0,1,0,0,1,45.67
2024/2025,Female,Disabled,Private,JSS,JSS3,,lga,Kabba/Bunu,North Central,Kogi,Kabba/Bunu,,,12.0,0,98.2274,1,1,0.1222,12.0,12.0,0,0,1,0,0,1,45.67
2024/2025,Female,Disabled,Private,Pre-Primary/Primary,Primary 1,Primary 1,lga,Kabba/Bunu,North Central,Kogi,Kabba/Bunu,,,42.0,0,298.3203,2,1,0.1408,21.0,42.0,1,1,1,1,1,1,45.67
2024/2025,Female,Disabled,Private,Pre-Primary/Primary,Primary 2,,lga,Kabba/Bunu,North Central,Kogi,Kabba/Bunu,,,40.0,0,283.7681,2,1,0.141,20.0,40.0,1,1,1,1,1,1,45.67
2024/2025,Female,Disabled,Private,Pre-Primary/Primary,Primary 3,,lga,Kabba/Bunu,North Central,Kogi,Kabba/Bunu,,,39.0,0,276.492,2,1,0.1411,19.5,39.0,1,1,1,1,1,1,45.67
2024/2025,Female,Disabled,Private,Pre-Primary/Primary,Primary 4,,lga,Kabba/Bunu,North Central,Kogi,Kabba/Bunu,,,38.0,0,269.2159,2,1,0.1412,19.0,38.0,1,1,1,1,1,1,45.67
2024/2025,Female,Disabled,Private,Pre-Primary/Primary,Primary 5,,lga,Kabba/Bunu,North Central,Kogi,Kabba/Bunu,,,38.0,0,269.2159,1,1,0.1412,38.0,38.0,0,0,1,0,0,1,45.67
2024/2025,Female,Disabled,Private,Pre-Primary/Primary,Primary 6,,lga,Kabba/Bunu,North Central,Kogi,Kabba/Bunu,,,38.0,0,269.2159,2,1,0.1412,19.0,38.0,1,1,1,1,1,1,45.67
2024/2025,Female,Disabled,Private,SSS,SSS1,SSS1,lga,Kabba/Bunu,North Central,Kogi,Kabba/Bunu,,,17.0,12,76.3991,1,1,0.2225,17.0,17.0,0,0,1,0,0,1,45.67
2024/2025,Female,Disabled,Private,SSS,SSS2,,lga,Kabba/Bunu,North Central,Kogi,Kabba/Bunu,,,16.0,11,72.7611,1,1,0.2199,16.0,16.0,0,0,1,0,0,1,45.67
2024/2025,Female,Disabled,Private,SSS,SSS3,,lga,Kabba/Bunu,North Central,Kogi,Kabba/Bunu,,,15.0,10,65.4849,1,1,0.2291,15.0,15.0,0,0,1,0,0,1,45.67
2024/2025,Female,Disabled,Private,Vocational,Tech/Voc,,lga,Kabba/Bunu,North Central,Kogi,Kabba/Bunu,,,0.0,0,7.2761,1,1,0.0,0.0,0.0,0,0,1,0,0,1,45.67
2024/2025,Female,Disabled,Public,Adult & Non-Formal,IQS/IQTE,,lga,Kabba/Bunu,North Central,Kogi,Kabba/Bunu,,,0.0,0,186.6056,0,0,0.0,0.0,0.0,0,0,1,0,0,0,45.67
2024/2025,Female,Disabled,Public,JSS,JSS1,JSS1,lga,Kabba/Bunu,North Central,Kogi,Kabba/Bunu,,,47.0,0,100.2141,2,1,0.469,23.5,47.0,1,1,1,1,1,1,45.67
2024/2025,Female,Disabled,Public,JSS,JSS2,,lga,Kabba/Bunu,North Central,Kogi,Kabba/Bunu,,,44.0,0,93.3028,1,1,0.4716,44.0,44.0,0,0,1,0,0,1,45.67
2024/2025,Female,Disabled,Public,JSS,JSS3,,lga,Kabba/Bunu,North Central,Kogi,Kabba/Bunu,,,43.0,0,89.8472,1,1,0.4786,43.0,43.0,0,0,1,0,0,1,45.67
2024/2025,Female,Disabled,Public,Pre-Primary/Primary,Primary 1,Primary 1,lga,Kabba/Bunu,North Central,Kogi,Kabba/Bunu,,,149.0,0,283.3641,4,1,0.5258,37.25,149.0,2,1,1,1,1,2,45.67
2024/2025,Female,Disabled,Public,Pre-Primary/Primary,Primary 2,,lga,Kabba/Bunu,North Central,Kogi,Kabba/Bunu,,,143.0,0,272.9971,4,1,0.5238,35.75,143.0,2,1,1,1,1,2,45.67
2024/2025,Female,Disabled,Public,Pre-Primary/Primary,Primary 3,,lga,Kabba/Bunu,North Central,Kogi,Kabba/Bunu,,,139.0,0,266.0858,5,1,0.5224,27.8,139.0,2,2,1,2,1,3,45.67
2024/2025,Female,Disabled,Public,Pre-Primary/Primary,Primary 4,,lga,Kabba/Bunu,North Central,Kogi,Kabba/Bunu,,,134.0,0,259.1745,4,1,0.517,33.5,134.0,2,1,1,1,1,2,45.67
2024/2025,Female,Disabled,Public,Pre-Primary/Primary,Primary 5,,lga,Kabba/Bunu,North Central,Kogi,Kabba/Bunu,,,136.0,0,259.1745,6,1,0.5247,22.6667,136.0,3,2,1,2,2,4,45.67
2024/2025,Female,Disabled,Public,Pre-Primary/Primary,Primary 6,,lga,Kabba/Bunu,North Central,Kogi,Kabba/Bunu,,,136.0,0,259.1745,4,1,0.5247,34.0,136.0,2,1,1,1,1,2,45.67
2024/2025,Female,Disabled,Public,SSS,SSS1,SSS1,lga,Kabba/Bunu,North Central,Kogi,Kabba/Bunu,,,62.0,43,44.9236,1,1,1.3801,62.0,62.0,0,0,1,0,0,1,45.67
2024/2025,Female,Disabled,Public,SSS,SSS2,,lga,Kabba/Bunu,North Central,Kogi,Kabba/Bunu,,,56.0,39,41.4679,1,1,1.3504,56.0,56.0,0,0,1,0,0,1,45.67
2024/2025,Female,Disabled,Public,SSS,SSS3,,lga,Kabba/Bunu,North Central,Kogi,Kabba/Bunu,,,54.0,37,41.4679,1,1,1.3022,54.0,54.0,0,0,1,0,0,1,45.67
2024/2025,Female,Disabled,Public,Vocational,Tech/Voc,,lga,Kabba/Bunu,North Central,Kogi,Kabba/Bunu,,,0.0,0,6.9113,1,1,0.0,0.0,0.0,0,0,1,0,0,1,45.67
2024/2025,Male,Disabled,Private,Adult & Non-Formal,IQS/IQTE,,lga,Kabba/Bunu,North Central,Kogi,Kabba/Bunu,,,0.0,0,90.9513,0,0,0.0,0.0,0.0,0,0,1,0,0,0,45.67
2024/2025,Male,Disabled,Private,JSS,JSS1,JSS1,lga,Kabba/Bunu,North Central,Kogi,Kabba/Bunu,,,13.0,0,98.2274,1,1,0.1323,13.0,13.0,0,0,1,0,0,1,45.67
2024/2025,Male,Disabled,Private,JSS,JSS2,,lga,Kabba/Bunu,North Central,Kogi,Kabba/Bunu,,,12.0,0,94.5894,1,1,0.1269,12.0,12.0,0,0,1,0,0,1,45.67
2024/2025,Male,Disabled,Private,JSS,JSS3,,lga,Kabba/Bunu,North Central,Kogi,Kabba/Bunu,,,12.0,0,94.5894,1,1,0.1269,12.0,12.0,0,0,1,0,0,1,45.67
2024/2025,Male,Disabled,Private,Pre-Primary/Primary,Primary 1,Primary 1,lga,Kabba/Bunu,North Central,Kogi,Kabba/Bunu,,,43.0,0,294.6823,2,1,0.1459,21.5,43.0,1,1,1,1,1,1,45.67
2024/2025,Male,Disabled,Private,Pre-Primary/Primary,Primary 2,,lga,Kabba/Bunu,North Central,Kogi,Kabba/Bunu,,,41.0,0,283.7681,2,1,0.1445,20.5,41.0,1,1,1,1,1,1,45.67
2024/2025,Male,Disabled,Private,Pre-Primary/Primary,Primary 3,,lga,Kabba/Bunu,North Central,Kogi,Kabba/Bunu,,,40.0,0,276.492,2,1,0.1447,20.0,40.0,1,1,1,1,1,1,45.67
2024/2025,Male,Disabled,Private,Pre-Primary/Primary,Primary 4,,lga,Kabba/Bunu,North Central,Kogi,Kabba/Bunu,,,38.0,0,265.5778,2,1,0.1431,19.0,38.0,1,1,1,1,1,1,45.67
2024/2025,Male,Disabled,Private,Pre-Primary/Primary,Primary 5,,lga,Kabba/Bunu,North Central,Kogi,Kabba/Bunu,,,39.0,0,269.2159,1,1,0.1449,39.0,39.0,0,0,1,0,0,1,45.67
2024/2025,Male,Disabled,Private,Pre-Primary/Primary,Primary 6,,lga,Kabba/Bunu,North Central,Kogi,Kabba/Bunu,,,38.0,0,269.2159,2,1,0.1412,19.0,38.0,1,1,1,1,1,1,45.67
2024/2025,Male,Disabled,Private,SSS,SSS1,SSS1,lga,Kabba/Bunu,North Central,Kogi,Kabba/Bunu,,,17.0,12,76.3991,1,1,0.2225,17.0,17.0,0,0,1,0,0,1,45.67
2024/2025,Male,Disabled,Private,SSS,SSS2,,lga,Kabba/Bunu,North Central,Kogi,Kabba/Bunu,,,16.0,11,72.7611,1,1,0.2199,16.0,16.0,0,0,1,0,0,1,45.67
2024/2025,Male,Disabled,Private,SSS,SSS3,,lga,Kabba/Bunu,North Central,Kogi,Kabba/Bunu,,,16.0,11,72.7611,1,1,0.2199,16.0,16.0,0,0,1,0,0,1,45.67
2024/2025,Male,Disabled,Private,Vocational,Tech/Voc,,lga,Kabba/Bunu,North Central,Kogi,Kabba/Bunu,,,0.0,0,18.1903,1,1,0.0,0.0,0.0,0,0,1,0,0,1,45.67
2024/2025,Male,Disabled,Public,Adult & Non-Formal,IQS/IQTE,,lga,Kabba/Bunu,North Central,Kogi,Kabba/Bunu,,,0.0,0,186.6056,0,0,0.0,0.0,0.0,0,0,1,0,0,0,45.67
2024/2025,Male,Disabled,Public,JSS,JSS1,JSS1,lga,Kabba/Bunu,North Central,Kogi,Kabba/Bunu,,,46.0,0,93.3028,2,1,0.493,23.0,46.0,1,1,1,1,1,1,45.67
2024/2025,Male,Disabled,Public,JSS,JSS2,,lga,Kabba/Bunu,North Central,Kogi,Kabba/Bunu,,,43.0,0,89.8472,1,1,0.4786,43.0,43.0,0,0,1,0,0,1,45.67
2024/2025,Male,Disabled,Public,JSS,JSS3,,lga,Kabba/Bunu,North Central,Kogi,Kabba/Bunu,,,41.0,0,86.3915,1,1,0.4746,41.0,41.0,0,0,1,0,0,1,45.67
2024/2025,Male,Disabled,Public,Pre-Primary/Primary,Primary 1,Primary 1,lga,Kabba/Bunu,North Central,Kogi,Kabba/Bunu,,,151.0,0,283.3641,4,1,0.5329,37.75,151.0,2,1,1,1,1,2,45.67
2024/2025,Male,Disabled,Public,Pre-Primary/Primary,Primary 2,,lga,Kabba/Bunu,North Central,Kogi,Kabba/Bunu,,,146.0,0,269.5415,4,1,0.5417,36.5,146.0,2,1,1,1,1,2,45.67
2024/2025,Male,Disabled,Public,Pre-Primary/Primary,Primary 3,,lga,Kabba/Bunu,North Central,Kogi,Kabba/Bunu,,,141.0,0,262.6301,5,1,0.5369,28.2,141.0,2,2,1,2,1,3,45.67
2024/2025,Male,Disabled,Public,Pre-Primary/Primary,Primary 4,,lga,Kabba/Bunu,North Central,Kogi,Kabba/Bunu,,,136.0,0,255.7188,4,1,0.5318,34.0,136.0,2,1,1,1,1,2,45.67
2024/2025,Male,Disabled,Public,Pre-Primary/Primary,Primary 5,,lga,Kabba/Bunu,North Central,Kogi,Kabba/Bunu,,,137.0,0,255.7188,5,1,0.5357,27.4,137.0,2,2,1,2,1,3,45.67
2024/2025,Male,Disabled,Public,Pre-Primary/Primary,Primary 6,,lga,Kabba/Bunu,North Central,Kogi,Kabba/Bunu,,,137.0,0,255.7188,3,1,0.5357,45.6667,137.0,1,1,1,1,1,2,45.67
2024/2025,Male,Disabled,Public,SSS,SSS1,SSS1,lga,Kabba/Bunu,North Central,Kogi,Kabba/Bunu,,,62.0,44,48.3792,1,1,1.2815,62.0,62.0,0,0,1,0,0,1,45.67
2024/2025,Male,Disabled,Public,SSS,SSS2,,lga,Kabba/Bunu,North Central,Kogi,Kabba/Bunu,,,57.0,40,44.9236,1,1,1.2688,57.0,57.0,0,0,1,0,0,1,45.67
2024/2025,Male,Disabled,Public,SSS,SSS3,,lga,Kabba/Bunu,North Central,Kogi,Kabba/Bunu,,,54.0,38,41.4679,1,1,1.3022,54.0,54.0,0,0,1,0,0,1,45.67
2024/2025,Male,Disabled,Public,Vocational,Tech/Voc,,lga,Kabba/Bunu,North Central,Kogi,Kabba/Bunu,,,0.0,0,6.9113,1,1,0.0,0.0,0.0,0,0,1,0,0,1,45.67
2024/2025,Female,ALL,Private,Adult & Non-Formal,IQS/IQTE,,lga,Lokoja,North Central,Kogi,Lokoja,,,0.0,0,1375.1839,0,0,0.0,0.0,0.0,0,0,1,0,0,0,45.67
2024/2025,Female,ALL,Private,JSS,JSS1,JSS1,lga,Lokoja,North Central,Kogi,Lokoja,,,112.0,0,902.2371,4,2,0.1241,28.0,56.0,2,1,1,1,1,2,45.67
2024/2025,Female,ALL,Private,JSS,JSS2,,lga,Lokoja,North Central,Kogi,Lokoja,,,105.0,0,847.6663,5,2,0.1239,21.0,52.5,2,2,1,2,1,3,45.67
2024/2025,Female,ALL,Private,JSS,JSS3,,lga,Lokoja,North Central,Kogi,Lokoja,,,102.0,0,825.8379,3,2,0.1235,34.0,51.0,1,1,1,1,1,2,45.67
2024/2025,Female,ALL,Private,Pre-Primary/Primary,Primary 1,Primary 1,lga,Lokoja,North Central,Kogi,Lokoja,,,357.0,0,2521.1705,14,2,0.1416,25.5,178.5,7,5,1,4,4,8,45.67
2024/2025,Female,ALL,Private,Pre-Primary/Primary,Primary 2,,lga,Lokoja,North Central,Kogi,Lokoja,,,342.0,0,2422.943,12,2,0.1412,28.5,171.0,6,4,1,4,3,7,45.67
2024/2025,Female,ALL,Private,Pre-Primary/Primary,Primary 3,,lga,Lokoja,North Central,Kogi,Lokoja,,,332.0,0,2350.182,15,2,0.1413,22.1333,166.0,7,5,1,5,4,9,45.67
2024/2025,Female,ALL,Private,Pre-Primary/Primary,Primary 4,,lga,Lokoja,North Central,Kogi,Lokoja,,,322.0,0,2281.059,11,2,0.1412,29.2727,161.0,5,4,1,3,3,7,45.67
2024/2025,Female,ALL,Private,Pre-Primary/Primary,Primary 5,,lga,Lokoja,North Central,Kogi,Lokoja,,,324.0,0,2295.6112,13,2,0.1411,24.9231,162.0,6,5,1,4,3,8,45.67
2024/2025,Female,ALL,Private,Pre-Primary/Primary,Primary 6,,lga,Lokoja,North Central,Kogi,Lokoja,,,324.0,0,2295.6112,15,2,0.1411,21.6,162.0,7,5,1,5,4,9,45.67
2024/2025,Female,ALL,Private,SSS,SSS1,SSS1,lga,Lokoja,North Central,Kogi,Lokoja,,,148.0,102,658.4875,3,1,0.2248,49.3333,148.0,1,1,1,1,1,2,45.67
2024/2025,Female,ALL,Private,SSS,SSS2,,lga,Lokoja,North Central,Kogi,Lokoja,,,136.0,94,607.5548,2,1,0.2238,68.0,136.0,1,1,1,1,1,1,45.67
2024/2025,Female,ALL,Private,SSS,SSS3,,lga,Lokoja,North Central,Kogi,Lokoja,,,128.0,88,567.5362,2,1,0.2255,64.0,128.0,1,1,1,1,1,1,45.67
2024/2025,Female,ALL,Private,Vocational,Tech/Voc,,lga,Lokoja,North Central,Kogi,Lokoja,,,0.0,0,87.3133,1,1,0.0,0.0,0.0,0,0,1,0,0,1,45.67
2024/2025,Female,ALL,Public,Adult & Non-Formal,IQS/IQTE,,lga,Lokoja,North Central,Kogi,Lokoja,,,0.0,0,2885.4759,0,0,0.0,0.0,0.0,0,0,1,0,0,0,45.67
2024/2025,Female,ALL,Public,JSS,JSS1,JSS1,lga,Lokoja,North Central,Kogi,Lokoja,,,395.0,0,843.181,11,3,0.4685,35.9091,131.6667,5,4,2,3,3,7,45.67
2024/2025,Female,ALL,Public,JSS,JSS2,,lga,Lokoja,North Central,Kogi,Lokoja,,,373.0,0,794.8017,10,3,0.4693,37.3,124.3333,5,4,2,3,3,6,45.67
2024/2025,Female,ALL,Public,JSS,JSS3,,lga,Lokoja,North Central,Kogi,Lokoja,,,361.0,0,770.6121,10,3,0.4685,36.1,120.3333,5,4,2,3,3,6,45.67
2024/2025,Female,ALL,Public,Pre-Primary/Primary,Primary 1,Primary 1,lga,Lokoja,North Central,Kogi,Lokoja,,,1261.0,0,2412.0505,32,15,0.5228,39.4062,84.0667,16,11,11,10,8,19,45.67
2024/2025,Female,ALL,Public,Pre-Primary/Primary,Primary 2,,lga,Lokoja,North Central,Kogi,Lokoja,,,1212.0,0,2318.7477,37,15,0.5227,32.7568,80.8,18,13,11,11,10,22,45.67
2024/2025,Female,ALL,Public,Pre-Primary/Primary,Primary 3,,lga,Lokoja,North Central,Kogi,Lokoja,,,1176.0,0,2249.6345,39,14,0.5228,30.1538,84.0,19,14,10,12,10,23,45.67
2024/2025,Female,ALL,Public,Pre-Primary/Primary,Primary 4,,lga,Lokoja,North Central,Kogi,Lokoja,,,1141.0,0,2183.977,36,14,0.5224,31.6944,81.5,17,13,10,11,9,21,45.67
2024/2025,Female,ALL,Public,Pre-Primary/Primary,Primary 5,,lga,Lokoja,North Central,Kogi,Lokoja,,,1148.0,0,2197.7996,29,14,0.5223,39.5862,82.0,14,10,10,9,8,17,45.67
2024/2025,Female,ALL,Public,Pre-Primary/Primary,Primary 6,,lga,Lokoja,North Central,Kogi,Lokoja,,,1148.0,0,2197.7996,29,14,0.5223,39.5862,82.0,14,10,10,9,8,17,45.67
2024/2025,Female,ALL,Public,SSS,SSS1,SSS1,lga,Lokoja,North Central,Kogi,Lokoja,,,524.0,361,393.9452,7,6,1.3301,74.8571,87.3333,3,2,4,2,2,4,45.67
2024/2025,Female,ALL,Public,SSS,SSS2,,lga,Lokoja,North Central,Kogi,Lokoja,,,480.0,331,359.3886,10,5,1.3356,48.0,96.0,5,4,4,3,3,6,45.67
2024/2025,Female,ALL,Public,SSS,SSS3,,lga,Lokoja,North Central,Kogi,Lokoja,,,451.0,311,338.6547,8,5,1.3317,56.375,90.2,4,3,4,2,2,5,45.67
2024/2025,Female,ALL,Public,Vocational,Tech/Voc,,lga,Lokoja,North Central,Kogi,Lokoja,,,0.0,0,38.0123,1,1,0.0,0.0,0.0,0,0,1,0,0,1,45.67
2024/2025,Male,ALL,Private,Adult & Non-Formal,IQS/IQTE,,lga,Lokoja,North Central,Kogi,Lokoja,,,0.0,0,1375.1839,0,0,0.0,0.0,0.0,0,0,1,0,0,0,45.67
2024/2025,Male,ALL,Private,JSS,JSS1,JSS1,lga,Lokoja,North Central,Kogi,Lokoja,,,109.0,0,847.6663,4,2,0.1286,27.25,54.5,2,1,1,1,1,2,45.67
2024/2025,Male,ALL,Private,JSS,JSS2,,lga,Lokoja,North Central,Kogi,Lokoja,,,103.0,0,800.3716,5,2,0.1287,20.6,51.5,2,2,1,2,1,3,45.67
2024/2025,Male,ALL,Private,JSS,JSS3,,lga,Lokoja,North Central,Kogi,Lokoja,,,100.0,0,778.5433,3,1,0.1284,33.3333,100.0,1,1,1,1,1,2,45.67
2024/2025,Male,ALL,Private,Pre-Primary/Primary,Primary 1,Primary 1,lga,Lokoja,North Central,Kogi,Lokoja,,,361.0,0,2495.7041,14,2,0.1446,25.7857,180.5,7,5,1,4,4,8,45.67
2024/2025,Male,ALL,Private,Pre-Primary/Primary,Primary 2,,lga,Lokoja,North Central,Kogi,Lokoja,,,347.0,0,2397.4767,12,2,0.1447,28.9167,173.5,6,4,1,4,3,7,45.67
2024/2025,Male,ALL,Private,Pre-Primary/Primary,Primary 3,,lga,Lokoja,North Central,Kogi,Lokoja,,,337.0,0,2324.7156,15,2,0.145,22.4667,168.5,7,5,1,5,4,9,45.67
2024/2025,Male,ALL,Private,Pre-Primary/Primary,Primary 4,,lga,Lokoja,North Central,Kogi,Lokoja,,,326.0,0,2255.5926,10,2,0.1445,32.6,163.0,5,4,1,3,3,6,45.67
2024/2025,Male,ALL,Private,Pre-Primary/Primary,Primary 5,,lga,Lokoja,North Central,Kogi,Lokoja,,,329.0,0,2270.1448,13,2,0.1449,25.3077,164.5,6,5,1,4,3,8,45.67
2024/2025,Male,ALL,Private,Pre-Primary/Primary,Primary 6,,lga,Lokoja,North Central,Kogi,Lokoja,,,329.0,0,2270.1448,15,2,0.1449,21.9333,164.5,7,5,1,5,4,9,45.67
2024/2025,Male,ALL,Private,SSS,SSS1,SSS1,lga,Lokoja,North Central,Kogi,Lokoja,,,149.0,105,676.6778,3,1,0.2202,49.6667,149.0,1,1,1,1,1,2,45.67
2024/2025,Male,ALL,Private,SSS,SSS2,,lga,Lokoja,North Central,Kogi,Lokoja,,,138.0,97,625.7451,3,1,0.2205,46.0,138.0,1,1,1,1,1,2,45.67
2024/2025,Male,ALL,Private,SSS,SSS3,,lga,Lokoja,North Central,Kogi,Lokoja,,,129.0,91,589.3645,2,1,0.2189,64.5,129.0,1,1,1,1,1,1,45.67
2024/2025,Male,ALL,Private,Vocational,Tech/Voc,,lga,Lokoja,North Central,Kogi,Lokoja,,,0.0,0,145.5221,1,1,0.0,0.0,0.0,0,0,1,0,0,1,45.67
2024/2025,Male,ALL,Public,Adult & Non-Formal,IQS/IQTE,,lga,Lokoja,North Central,Kogi,Lokoja,,,0.0,0,2882.0203,0,0,0.0,0.0,0.0,0,0,1,0,0,0,45.67
2024/2025,Male,ALL,Public,JSS,JSS1,JSS1,lga,Lokoja,North Central,Kogi,Lokoja,,,387.0,0,794.8017,11,3,0.4869,35.1818,129.0,5,4,2,3,3,7,45.67
2024/2025,Male,ALL,Public,JSS,JSS2,,lga,Lokoja,North Central,Kogi,Lokoja,,,365.0,0,749.8782,9,3,0.4867,40.5556,121.6667,4,3,2,3,2,5,45.67
2024/2025,Male,ALL,Public,JSS,JSS3,,lga,Lokoja,North Central,Kogi,Lokoja,,,354.0,0,729.1442,9,3,0.4855,39.3333,118.0,4,3,2,3,2,5,45.67
2024/2025,Male,ALL,Public,Pre-Primary/Primary,Primary 1,Primary 1,lga,Lokoja,North Central,Kogi,Lokoja,,,1280.0,0,2387.8609,31,15,0.536,41.2903,85.3333,15,11,11,9,8,18,45.67
2024/2025,Male,ALL,Public,Pre-Primary/Primary,Primary 2,,lga,Lokoja,North Central,Kogi,Lokoja,,,1229.0,0,2294.5581,37,14,0.5356,33.2162,87.7857,18,13,10,11,10,22,45.67
2024/2025,Male,ALL,Public,Pre-Primary/Primary,Primary 3,,lga,Lokoja,North Central,Kogi,Lokoja,,,1193.0,0,2225.4449,39,14,0.5361,30.5897,85.2143,19,14,10,12,10,23,45.67
2024/2025,Male,ALL,Public,Pre-Primary/Primary,Primary 4,,lga,Lokoja,North Central,Kogi,Lokoja,,,1157.0,0,2159.7874,36,14,0.5357,32.1389,82.6429,17,13,10,11,9,21,45.67
2024/2025,Male,ALL,Public,Pre-Primary/Primary,Primary 5,,lga,Lokoja,North Central,Kogi,Lokoja,,,1164.0,0,2173.61,29,14,0.5355,40.1379,83.1429,14,10,10,9,8,17,45.67
2024/2025,Male,ALL,Public,Pre-Primary/Primary,Primary 6,,lga,Lokoja,North Central,Kogi,Lokoja,,,1164.0,0,2173.61,29,14,0.5355,40.1379,83.1429,14,10,10,9,8,17,45.67
2024/2025,Male,ALL,Public,SSS,SSS1,SSS1,lga,Lokoja,North Central,Kogi,Lokoja,,,530.0,374,407.7679,7,6,1.2998,75.7143,88.3333,3,2,4,2,2,4,45.67
2024/2025,Male,ALL,Public,SSS,SSS2,,lga,Lokoja,North Central,Kogi,Lokoja,,,486.0,343,373.2113,10,6,1.3022,48.6,81.0,5,4,4,3,3,6,45.67
2024/2025,Male,ALL,Public,SSS,SSS3,,lga,Lokoja,North Central,Kogi,Lokoja,,,457.0,322,349.0216,8,5,1.3094,57.125,91.4,4,3,4,2,2,5,45.67
2024/2025,Male,ALL,Public,Vocational,Tech/Voc,,lga,Lokoja,North Central,Kogi,Lokoja,,,0.0,0,62.2019,2,1,0.0,0.0,0.0,1,1,1,1,1,1,45.67
2024/2025,Female,Disabled,Private,Adult & Non-Formal,IQS/IQTE,,lga,Lokoja,North Central,Kogi,Lokoja,,,0.0,0,87.3133,0,0,0.0,0.0,0.0,0,0,1,0,0,0,45.67
2024/2025,Female,Disabled,Private,JSS,JSS1,JSS1,lga,Lokoja,North Central,Kogi,Lokoja,,,7.0,0,58.2088,1,1,0.1203,7.0,7.0,0,0,1,0,0,1,45.67
2024/2025,Female,Disabled,Private,JSS,JSS2,,lga,Lokoja,North Central,Kogi,Lokoja,,,7.0,0,54.5708,1,1,0.1283,7.0,7.0,0,0,1,0,0,1,45.67
2024/2025,Female,Disabled,Private,JSS,JSS3,,lga,Lokoja,North Central,Kogi,Lokoja,,,7.0,0,54.5708,1,1,0.1283,7.0,7.0,0,0,1,0,0,1,45.67
2024/2025,Female,Disabled,Private,Pre-Primary/Primary,Primary 1,Primary 1,lga,Lokoja,North Central,Kogi,Lokoja,,,23.0,0,163.7124,1,1,0.1405,23.0,23.0,0,0,1,0,0,1,45.67
2024/2025,Female,Disabled,Private,Pre-Primary/Primary,Primary 2,,lga,Lokoja,North Central,Kogi,Lokoja,,,22.0,0,156.4363,1,1,0.1406,22.0,22.0,0,0,1,0,0,1,45.67
2024/2025,Female,Disabled,Private,Pre-Primary/Primary,Primary 3,,lga,Lokoja,North Central,Kogi,Lokoja,,,22.0,0,152.7982,1,1,0.144,22.0,22.0,0,0,1,0,0,1,45.67
2024/2025,Female,Disabled,Private,Pre-Primary/Primary,Primary 4,,lga,Lokoja,North Central,Kogi,Lokoja,,,21.0,0,149.1602,1,1,0.1408,21.0,21.0,0,0,1,0,0,1,45.67
2024/2025,Female,Disabled,Private,Pre-Primary/Primary,Primary 5,,lga,Lokoja,North Central,Kogi,Lokoja,,,21.0,0,149.1602,1,1,0.1408,21.0,21.0,0,0,1,0,0,1,45.67
2024/2025,Female,Disabled,Private,Pre-Primary/Primary,Primary 6,,lga,Lokoja,North Central,Kogi,Lokoja,,,21.0,0,149.1602,1,1,0.1408,21.0,21.0,0,0,1,0,0,1,45.67
2024/2025,Female,Disabled,Private,SSS,SSS1,SSS1,lga,Lokoja,North Central,Kogi,Lokoja,,,10.0,7,43.6566,1,1,0.2291,10.0,10.0,0,0,1,0,0,1,45.67
2024/2025,Female,Disabled,Private,SSS,SSS2,,lga,Lokoja,North Central,Kogi,Lokoja,,,9.0,6,40.0186,1,1,0.2249,9.0,9.0,0,0,1,0,0,1,45.67
2024/2025,Female,Disabled,Private,SSS,SSS3,,lga,Lokoja,North Central,Kogi,Lokoja,,,9.0,6,40.0186,1,1,0.2249,9.0,9.0,0,0,1,0,0,1,45.67
2024/2025,Female,Disabled,Private,Vocational,Tech/Voc,,lga,Lokoja,North Central,Kogi,Lokoja,,,0.0,0,7.2761,1,1,0.0,0.0,0.0,0,0,1,0,0,1,45.67
2024/2025,Female,Disabled,Public,Adult & Non-Formal,IQS/IQTE,,lga,Lokoja,North Central,Kogi,Lokoja,,,0.0,0,186.6056,0,0,0.0,0.0,0.0,0,0,1,0,0,0,45.67
2024/2025,Female,Disabled,Public,JSS,JSS1,JSS1,lga,Lokoja,North Central,Kogi,Lokoja,,,25.0,0,55.2906,1,1,0.4522,25.0,25.0,0,0,1,0,0,1,45.67
2024/2025,Female,Disabled,Public,JSS,JSS2,,lga,Lokoja,North Central,Kogi,Lokoja,,,24.0,0,51.8349,1,1,0.463,24.0,24.0,0,0,1,0,0,1,45.67
2024/2025,Female,Disabled,Public,JSS,JSS3,,lga,Lokoja,North Central,Kogi,Lokoja,,,23.0,0,48.3792,1,1,0.4754,23.0,23.0,0,0,1,0,0,1,45.67
2024/2025,Female,Disabled,Public,Pre-Primary/Primary,Primary 1,Primary 1,lga,Lokoja,North Central,Kogi,Lokoja,,,82.0,0,155.5047,2,1,0.5273,41.0,82.0,1,1,1,1,1,1,45.67
2024/2025,Female,Disabled,Public,Pre-Primary/Primary,Primary 2,,lga,Lokoja,North Central,Kogi,Lokoja,,,79.0,0,152.049,3,1,0.5196,26.3333,79.0,1,1,1,1,1,2,45.67
2024/2025,Female,Disabled,Public,Pre-Primary/Primary,Primary 3,,lga,Lokoja,North Central,Kogi,Lokoja,,,77.0,0,145.1377,3,1,0.5305,25.6667,77.0,1,1,1,1,1,2,45.67
2024/2025,Female,Disabled,Public,Pre-Primary/Primary,Primary 4,,lga,Lokoja,North Central,Kogi,Lokoja,,,74.0,0,141.6821,2,1,0.5223,37.0,74.0,1,1,1,1,1,1,45.67
2024/2025,Female,Disabled,Public,Pre-Primary/Primary,Primary 5,,lga,Lokoja,North Central,Kogi,Lokoja,,,74.0,0,141.6821,2,1,0.5223,37.0,74.0,1,1,1,1,1,1,45.67
2024/2025,Female,Disabled,Public,Pre-Primary/Primary,Primary 6,,lga,Lokoja,North Central,Kogi,Lokoja,,,74.0,0,141.6821,2,1,0.5223,37.0,74.0,1,1,1,1,1,1,45.67
2024/2025,Female,Disabled,Public,SSS,SSS1,SSS1,lga,Lokoja,North Central,Kogi,Lokoja,,,33.0,23,24.1896,1,1,1.3642,33.0,33.0,0,0,1,0,0,1,45.67
2024/2025,Female,Disabled,Public,SSS,SSS2,,lga,Lokoja,North Central,Kogi,Lokoja,,,32.0,22,24.1896,1,1,1.3229,32.0,32.0,0,0,1,0,0,1,45.67
2024/2025,Female,Disabled,Public,SSS,SSS3,,lga,Lokoja,North Central,Kogi,Lokoja,,,29.0,20,20.734,1,1,1.3987,29.0,29.0,0,0,1,0,0,1,45.67
2024/2025,Female,Disabled,Public,Vocational,Tech/Voc,,lga,Lokoja,North Central,Kogi,Lokoja,,,0.0,0,3.4557,1,1,0.0,0.0,0.0,0,0,1,0,0,1,45.67
2024/2025,Male,Disabled,Private,Adult & Non-Formal,IQS/IQTE,,lga,Lokoja,North Central,Kogi,Lokoja,,,0.0,0,87.3133,0,0,0.0,0.0,0.0,0,0,1,0,0,0,45.67
2024/2025,Male,Disabled,Private,JSS,JSS1,JSS1,lga,Lokoja,North Central,Kogi,Lokoja,,,7.0,0,50.9327,1,1,0.1374,7.0,7.0,0,0,1,0,0,1,45.67
2024/2025,Male,Disabled,Private,JSS,JSS2,,lga,Lokoja,North Central,Kogi,Lokoja,,,7.0,0,54.5708,1,1,0.1283,7.0,7.0,0,0,1,0,0,1,45.67
2024/2025,Male,Disabled,Private,JSS,JSS3,,lga,Lokoja,North Central,Kogi,Lokoja,,,7.0,0,54.5708,1,1,0.1283,7.0,7.0,0,0,1,0,0,1,45.67
2024/2025,Male,Disabled,Private,Pre-Primary/Primary,Primary 1,Primary 1,lga,Lokoja,North Central,Kogi,Lokoja,,,23.0,0,163.7124,1,1,0.1405,23.0,23.0,0,0,1,0,0,1,45.67
2024/2025,Male,Disabled,Private,Pre-Primary/Primary,Primary 2,,lga,Lokoja,North Central,Kogi,Lokoja,,,23.0,0,156.4363,1,1,0.147,23.0,23.0,0,0,1,0,0,1,45.67
2024/2025,Male,Disabled,Private,Pre-Primary/Primary,Primary 3,,lga,Lokoja,North Central,Kogi,Lokoja,,,22.0,0,152.7982,1,1,0.144,22.0,22.0,0,0,1,0,0,1,45.67
2024/2025,Male,Disabled,Private,Pre-Primary/Primary,Primary 4,,lga,Lokoja,North Central,Kogi,Lokoja,,,21.0,0,145.5221,1,1,0.1443,21.0,21.0,0,0,1,0,0,1,45.67
2024/2025,Male,Disabled,Private,Pre-Primary/Primary,Primary 5,,lga,Lokoja,North Central,Kogi,Lokoja,,,22.0,0,149.1602,1,1,0.1475,22.0,22.0,0,0,1,0,0,1,45.67
2024/2025,Male,Disabled,Private,Pre-Primary/Primary,Primary 6,,lga,Lokoja,North Central,Kogi,Lokoja,,,22.0,0,149.1602,1,1,0.1475,22.0,22.0,0,0,1,0,0,1,45.67
2024/2025,Male,Disabled,Private,SSS,SSS1,SSS1,lga,Lokoja,North Central,Kogi,Lokoja,,,10.0,7,43.6566,1,1,0.2291,10.0,10.0,0,0,1,0,0,1,45.67
2024/2025,Male,Disabled,Private,SSS,SSS2,,lga,Lokoja,North Central,Kogi,Lokoja,,,8.0,6,40.0186,1,1,0.1999,8.0,8.0,0,0,1,0,0,1,45.67
2024/2025,Male,Disabled,Private,SSS,SSS3,,lga,Lokoja,North Central,Kogi,Lokoja,,,8.0,6,40.0186,1,1,0.1999,8.0,8.0,0,0,1,0,0,1,45.67
2024/2025,Male,Disabled,Private,Vocational,Tech/Voc,,lga,Lokoja,North Central,Kogi,Lokoja,,,0.0,0,7.2761,1,1,0.0,0.0,0.0,0,0,1,0,0,1,45.67
2024/2025,Male,Disabled,Public,Adult & Non-Formal,IQS/IQTE,,lga,Lokoja,North Central,Kogi,Lokoja,,,0.0,0,186.6056,0,0,0.0,0.0,0.0,0,0,1,0,0,0,45.67
2024/2025,Male,Disabled,Public,JSS,JSS1,JSS1,lga,Lokoja,North Central,Kogi,Lokoja,,,25.0,0,51.8349,1,1,0.4823,25.0,25.0,0,0,1,0,0,1,45.67
2024/2025,Male,Disabled,Public,JSS,JSS2,,lga,Lokoja,North Central,Kogi,Lokoja,,,23.0,0,48.3792,1,1,0.4754,23.0,23.0,0,0,1,0,0,1,45.67
2024/2025,Male,Disabled,Public,JSS,JSS3,,lga,Lokoja,North Central,Kogi,Lokoja,,,23.0,0,48.3792,1,1,0.4754,23.0,23.0,0,0,1,0,0,1,45.67
2024/2025,Male,Disabled,Public,Pre-Primary/Primary,Primary 1,Primary 1,lga,Lokoja,North Central,Kogi,Lokoja,,,83.0,0,155.5047,2,1,0.5337,41.5,83.0,1,1,1,1,1,1,45.67
2024/2025,Male,Disabled,Public,Pre-Primary/Primary,Primary 2,,lga,Lokoja,North Central,Kogi,Lokoja,,,80.0,0,148.5934,2,1,0.5384,40.0,80.0,1,1,1,1,1,1,45.67
2024/2025,Male,Disabled,Public,Pre-Primary/Primary,Primary 3,,lga,Lokoja,North Central,Kogi,Lokoja,,,78.0,0,145.1377,3,1,0.5374,26.0,78.0,1,1,1,1,1,2,45.67
2024/2025,Male,Disabled,Public,Pre-Primary/Primary,Primary 4,,lga,Lokoja,North Central,Kogi,Lokoja,,,75.0,0,141.6821,2,1,0.5294,37.5,75.0,1,1,1,1,1,1,45.67
2024/2025,Male,Disabled,Public,Pre-Primary/Primary,Primary 5,,lga,Lokoja,North Central,Kogi,Lokoja,,,76.0,0,141.6821,2,1,0.5364,38.0,76.0,1,1,1,1,1,1,45.67
2024/2025,Male,Disabled,Public,Pre-Primary/Primary,Primary 6,,lga,Lokoja,North Central,Kogi,Lokoja,,,75.0,0,141.6821,2,1,0.5294,37.5,75.0,1,1,1,1,1,1,45.67
2024/2025,Male,Disabled,Public,SSS,SSS1,SSS1,lga,Lokoja,North Central,Kogi,Lokoja,,,34.0,24,24.1896,1,1,1.4056,34.0,34.0,0,0,1,0,0,1,45.67
2024/2025,Male,Disabled,Public,SSS,SSS2,,lga,Lokoja,North Central,Kogi,Lokoja,,,31.0,22,24.1896,1,1,1.2815,31.0,31.0,0,0,1,0,0,1,45.67
2024/2025,Male,Disabled,Public,SSS,SSS3,,lga,Lokoja,North Central,Kogi,Lokoja,,,30.0,21,24.1896,1,1,1.2402,30.0,30.0,0,0,1,0,0,1,45.67
2024/2025,Male,Disabled,Public,Vocational,Tech/Voc,,lga,Lokoja,North Central,Kogi,Lokoja,,,0.0,0,3.4557,1,1,0.0,0.0,0.0,0,0,1,0,0,1,45.67
2024/2025,Female,ALL,Private,Adult & Non-Formal,IQS/IQTE,,lga,Okene,North Central,Kogi,Okene,,,0.0,0,1375.1839,0,0,0.0,0.0,0.0,0,0,1,0,0,0,45.67
2024/2025,Female,ALL,Private,JSS,JSS1,JSS1,lga,Okene,North Central,Kogi,Okene,,,213.0,0,1720.7989,8,6,0.1238,26.625,35.5,4,3,4,2,2,5,45.67
2024/2025,Female,ALL,Private,JSS,JSS2,,lga,Okene,North Central,Kogi,Okene,,,202.0,0,1626.2095,6,6,0.1242,33.6667,33.6667,3,2,4,2,2,4,45.67
2024/2025,Female,ALL,Private,JSS,JSS3,,lga,Okene,North Central,Kogi,Okene,,,195.0,0,1571.6387,6,6,0.1241,32.5,32.5,3,2,4,2,2,4,45.67
2024/2025,Female,ALL,Private,Pre-Primary/Primary,Primary 1,Primary 1,lga,Okene,North Central,Kogi,Okene,,,682.0,0,4827.6958,23,5,0.1413,29.6522,136.4,11,8,4,7,6,14,45.67
2024/2025,Female,ALL,Private,Pre-Primary/Primary,Primary 2,,lga,Okene,North Central,Kogi,Okene,,,655.0,0,4638.5171,23,5,0.1412,28.4783,131.0,11,8,4,7,6,14,45.67
2024/2025,Female,ALL,Private,Pre-Primary/Primary,Primary 3,,lga,Okene,North Central,Kogi,Okene,,,636.0,0,4503.9092,23,5,0.1412,27.6522,127.2,11,8,4,7,6,14,45.67
2024/2025,Female,ALL,Private,Pre-Primary/Primary,Primary 4,,lga,Okene,North Central,Kogi,Okene,,,617.0,0,4369.3012,27,5,0.1412,22.8519,123.4,13,10,4,8,7,16,45.67
2024/2025,Female,ALL,Private,Pre-Primary/Primary,Primary 5,,lga,Okene,North Central,Kogi,Okene,,,621.0,0,4394.7676,30,5,0.1413,20.7,124.2,15,11,4,9,8,18,45.67
2024/2025,Female,ALL,Private,Pre-Primary/Primary,Primary 6,,lga,Okene,North Central,Kogi,Okene,,,621.0,0,4394.7676,23,5,0.1413,27.0,124.2,11,8,4,7,6,14,45.67
2024/2025,Female,ALL,Private,SSS,SSS1,SSS1,lga,Okene,North Central,Kogi,Okene,,,283.0,195,1258.7662,5,1,0.2248,56.6,283.0,2,2,1,2,1,3,45.67
2024/2025,Female,ALL,Private,SSS,SSS2,,lga,Okene,North Central,Kogi,Okene,,,260.0,179,1156.9007,5,1,0.2247,52.0,260.0,2,2,1,2,1,3,45.67
2024/2025,Female,ALL,Private,SSS,SSS3,,lga,Okene,North Central,Kogi,Okene,,,244.0,168,1084.1397,6,1,0.2251,40.6667,244.0,3,2,1,2,2,4,45.67
2024/2025,Female,ALL,Private,Vocational,Tech/Voc,,lga,Okene,North Central,Kogi,Okene,,,0.0,0,163.7124,1,1,0.0,0.0,0.0,0,0,1,0,0,1,45.67
2024/2025,Female,ALL,Public,Adult & Non-Formal,IQS/IQTE,,lga,Okene,North Central,Kogi,Okene,,,0.0,0,2882.0203,0,0,0.0,0.0,0.0,0,0,1,0,0,0,45.67
2024/2025,Female,ALL,Public,JSS,JSS1,JSS1,lga,Okene,North Central,Kogi,Okene,,,757.0,0,1617.2488,20,19,0.4681,37.85,39.8421,10,7,14,6,5,12,45.67
2024/2025,Female,ALL,Public,JSS,JSS2,,lga,Okene,North Central,Kogi,Okene,,,715.0,0,1523.946,23,18,0.4692,31.087,39.7222,11,8,13,7,6,14,45.67
2024/2025,Female,ALL,Public,JSS,JSS3,,lga,Okene,North Central,Kogi,Okene,,,693.0,0,1479.0224,19,17,0.4686,36.4737,40.7647,9,7,13,6,5,11,45.67
2024/2025,Female,ALL,Public,Pre-Primary/Primary,Primary 1,Primary 1,lga,Okene,North Central,Kogi,Okene,,,2418.0,0,4627.1284,75,54,0.5226,32.24,44.7778,36,26,40,23,20,45,45.67
2024/2025,Female,ALL,Public,Pre-Primary/Primary,Primary 2,,lga,Okene,North Central,Kogi,Okene,,,2324.0,0,4447.4341,65,52,0.5225,35.7538,44.6923,32,23,39,20,17,39,45.67
2024/2025,Female,ALL,Public,Pre-Primary/Primary,Primary 3,,lga,Okene,North Central,Kogi,Okene,,,2255.0,0,4316.1191,60,50,0.5225,37.5833,45.1,29,21,37,18,16,36,45.67
2024/2025,Female,ALL,Public,Pre-Primary/Primary,Primary 4,,lga,Okene,North Central,Kogi,Okene,,,2188.0,0,4188.2596,59,49,0.5224,37.0847,44.6531,29,21,36,18,16,35,45.67
2024/2025,Female,ALL,Public,Pre-Primary/Primary,Primary 5,,lga,Okene,North Central,Kogi,Okene,,,2201.0,0,4212.4493,79,49,0.5225,27.8608,44.9184,38,28,36,24,21,47,45.67
2024/2025,Female,ALL,Public,Pre-Primary/Primary,Primary 6,,lga,Okene,North Central,Kogi,Okene,,,2201.0,0,4212.4493,62,49,0.5225,35.5,44.9184,30,22,36,19,16,37,45.67
2024/2025,Female,ALL,Public,SSS,SSS1,SSS1,lga,Okene,North Central,Kogi,Okene,,,1004.0,692,753.3338,17,4,1.3327,59.0588,251.0,8,6,3,5,4,10,45.67
2024/2025,Female,ALL,Public,SSS,SSS2,,lga,Okene,North Central,Kogi,Okene,,,920.0,634,687.6763,14,3,1.3378,65.7143,306.6667,7,5,2,4,4,8,45.67
2024/2025,Female,ALL,Public,SSS,SSS3,,lga,Okene,North Central,Kogi,Okene,,,865.0,596,646.2084,14,3,1.3386,61.7857,288.3333,7,5,2,4,4,8,45.67
2024/2025,Female,ALL,Public,Vocational,Tech/Voc,,lga,Okene,North Central,Kogi,Okene,,,0.0,0,72.5689,3,1,0.0,0.0,0.0,1,1,1,1,1,2,45.67
2024/2025,Male,ALL,Private,Adult & Non-Formal,IQS/IQTE,,lga,Okene,North Central,Kogi,Okene,,,0.0,0,1375.1839,0,0,0.0,0.0,0.0,0,0,1,0,0,0,45.67
2024/2025,Male,ALL,Private,JSS,JSS1,JSS1,lga,Okene,North Central,Kogi,Okene,,,209.0,0,1626.2095,7,6,0.1285,29.8571,34.8333,3,2,4,2,2,4,45.67
2024/2025,Male,ALL,Private,JSS,JSS2,,lga,Okene,North Central,Kogi,Okene,,,197.0,0,1531.6202,5,5,0.1286,39.4,39.4,2,2,4,2,1,3,45.67
2024/2025,Male,ALL,Private,JSS,JSS3,,lga,Okene,North Central,Kogi,Okene,,,191.0,0,1484.3255,6,5,0.1287,31.8333,38.2,3,2,4,2,2,4,45.67
2024/2025,Male,ALL,Private,Pre-Primary/Primary,Primary 1,Primary 1,lga,Okene,North Central,Kogi,Okene,,,692.0,0,4776.7631,23,5,0.1449,30.087,138.4,11,8,4,7,6,14,45.67
2024/2025,Male,ALL,Private,Pre-Primary/Primary,Primary 2,,lga,Okene,North Central,Kogi,Okene,,,665.0,0,4591.2224,23,5,0.1448,28.913,133.0,11,8,4,7,6,14,45.67
2024/2025,Male,ALL,Private,Pre-Primary/Primary,Primary 3,,lga,Okene,North Central,Kogi,Okene,,,646.0,0,4456.6145,23,5,0.145,28.087,129.2,11,8,4,7,6,14,45.67
2024/2025,Male,ALL,Private,Pre-Primary/Primary,Primary 4,,lga,Okene,North Central,Kogi,Okene,,,626.0,0,4322.0065,27,5,0.1448,23.1852,125.2,13,10,4,8,7,16,45.67
2024/2025,Male,ALL,Private,Pre-Primary/Primary,Primary 5,,lga,Okene,North Central,Kogi,Okene,,,630.0,0,4347.4729,30,5,0.1449,21.0,126.0,15,11,4,9,8,18,45.67
2024/2025,Male,ALL,Private,Pre-Primary/Primary,Primary 6,,lga,Okene,North Central,Kogi,Okene,,,630.0,0,4347.4729,23,5,0.1449,27.3913,126.0,11,8,4,7,6,14,45.67
2024/2025,Male,ALL,Private,SSS,SSS1,SSS1,lga,Okene,North Central,Kogi,Okene,,,286.0,202,1306.0609,5,1,0.219,57.2,286.0,2,2,1,2,1,3,45.67
2024/2025,Male,ALL,Private,SSS,SSS2,,lga,Okene,North Central,Kogi,Okene,,,262.0,185,1193.2813,5,1,0.2196,52.4,262.0,2,2,1,2,1,3,45.67
2024/2025,Male,ALL,Private,SSS,SSS3,,lga,Okene,North Central,Kogi,Okene,,,247.0,174,1124.1583,6,1,0.2197,41.1667,247.0,3,2,1,2,2,4,45.67
2024/2025,Male,ALL,Private,Vocational,Tech/Voc,,lga,Okene,North Central,Kogi,Okene,,,0.0,0,280.1301,2,1,0.0,0.0,0.0,1,1,1,1,1,1,45.67
2024/2025,Male,ALL,Public,Adult & Non-Formal,IQS/IQTE,,lga,Okene,North Central,Kogi,Okene,,,0.0,0,2882.0203,0,0,0.0,0.0,0.0,0,0,1,0,0,0,45.67
2024/2025,Male,ALL,Public,JSS,JSS1,JSS1,lga,Okene,North Central,Kogi,Okene,,,742.0,0,1523.946,19,18,0.4869,39.0526,41.2222,9,7,13,6,5,11,45.67
2024/2025,Male,ALL,Public,JSS,JSS2,,lga,Okene,North Central,Kogi,Okene,,,700.0,0,1437.5545,22,17,0.4869,31.8182,41.1765,11,8,13,7,6,13,45.67
2024/2025,Male,ALL,Public,JSS,JSS3,,lga,Okene,North Central,Kogi,Okene,,,679.0,0,1396.0865,18,16,0.4864,37.7222,42.4375,9,6,12,5,5,11,45.67
2024/2025,Male,ALL,Public,Pre-Primary/Primary,Primary 1,Primary 1,lga,Okene,North Central,Kogi,Okene,,,2453.0,0,4582.2049,74,53,0.5353,33.1486,46.283,36,26,39,22,19,44,45.67
2024/2025,Male,ALL,Public,Pre-Primary/Primary,Primary 2,,lga,Okene,North Central,Kogi,Okene,,,2357.0,0,4399.0549,64,51,0.5358,36.8281,46.2157,31,23,38,19,17,38,45.67
2024/2025,Male,ALL,Public,Pre-Primary/Primary,Primary 3,,lga,Okene,North Central,Kogi,Okene,,,2289.0,0,4271.1955,59,50,0.5359,38.7966,45.78,29,21,37,18,16,35,45.67
2024/2025,Male,ALL,Public,Pre-Primary/Primary,Primary 4,,lga,Okene,North Central,Kogi,Okene,,,2219.0,0,4143.3361,59,48,0.5356,37.6102,46.2292,29,21,36,18,16,35,45.67
2024/2025,Male,ALL,Public,Pre-Primary/Primary,Primary 5,,lga,Okene,North Central,Kogi,Okene,,,2233.0,0,4167.5257,78,49,0.5358,28.6282,45.5714,38,28,36,24,21,46,45.67
2024/2025,Male,ALL,Public,Pre-Primary/Primary,Primary 6,,lga,Okene,North Central,Kogi,Okene,,,2233.0,0,4167.5257,61,49,0.5358,36.6066,45.5714,30,22,36,18,16,36,45.67
2024/2025,Male,ALL,Public,SSS,SSS1,SSS1,lga,Okene,North Central,Kogi,Okene,,,1015.0,716,777.5234,18,4,1.3054,56.3889,253.75,9,6,3,5,5,11,45.67
2024/2025,Male,ALL,Public,SSS,SSS2,,lga,Okene,North Central,Kogi,Okene,,,930.0,656,711.8659,14,3,1.3064,66.4286,310.0,7,5,2,4,4,8,45.67
2024/2025,Male,ALL,Public,SSS,SSS3,,lga,Okene,North Central,Kogi,Okene,,,873.0,616,670.398,14,3,1.3022,62.3571,291.0,7,5,2,4,4,8,45.67
2024/2025,Male,ALL,Public,Vocational,Tech/Voc,,lga,Okene,North Central,Kogi,Okene,,,0.0,0,120.9481,4,1,0.0,0.0,0.0,2,1,1,1,1,2,45.67
2024/2025,Female,Disabled,Private,Adult & Non-Formal,IQS/IQTE,,lga,Okene,North Central,Kogi,Okene,,,0.0,0,87.3133,0,0,0.0,0.0,0.0,0,0,1,0,0,0,45.67
2024/2025,Female,Disabled,Private,JSS,JSS1,JSS1,lga,Okene,North Central,Kogi,Okene,,,14.0,0,112.7796,1,1,0.1241,14.0,14.0,0,0,1,0,0,1,45.67
2024/2025,Female,Disabled,Private,JSS,JSS2,,lga,Okene,North Central,Kogi,Okene,,,13.0,0,105.5035,1,1,0.1232,13.0,13.0,0,0,1,0,0,1,45.67
2024/2025,Female,Disabled,Private,JSS,JSS3,,lga,Okene,North Central,Kogi,Okene,,,12.0,0,98.2274,1,1,0.1222,12.0,12.0,0,0,1,0,0,1,45.67
2024/2025,Female,Disabled,Private,Pre-Primary/Primary,Primary 1,Primary 1,lga,Okene,North Central,Kogi,Okene,,,44.0,0,312.8725,2,1,0.1406,22.0,44.0,1,1,1,1,1,1,45.67
2024/2025,Female,Disabled,Private,Pre-Primary/Primary,Primary 2,,lga,Okene,North Central,Kogi,Okene,,,42.0,0,301.9584,2,1,0.1391,21.0,42.0,1,1,1,1,1,1,45.67
2024/2025,Female,Disabled,Private,Pre-Primary/Primary,Primary 3,,lga,Okene,North Central,Kogi,Okene,,,42.0,0,294.6823,2,1,0.1425,21.0,42.0,1,1,1,1,1,1,45.67
2024/2025,Female,Disabled,Private,Pre-Primary/Primary,Primary 4,,lga,Okene,North Central,Kogi,Okene,,,40.0,0,283.7681,2,1,0.141,20.0,40.0,1,1,1,1,1,1,45.67
2024/2025,Female,Disabled,Private,Pre-Primary/Primary,Primary 5,,lga,Okene,North Central,Kogi,Okene,,,41.0,0,287.4062,2,1,0.1427,20.5,41.0,1,1,1,1,1,1,45.67
2024/2025,Female,Disabled,Private,Pre-Primary/Primary,Primary 6,,lga,Okene,North Central,Kogi,Okene,,,41.0,0,287.4062,2,1,0.1427,20.5,41.0,1,1,1,1,1,1,45.67
2024/2025,Female,Disabled,Private,SSS,SSS1,SSS1,lga,Okene,North Central,Kogi,Okene,,,19.0,13,83.6752,1,1,0.2271,19.0,19.0,0,0,1,0,0,1,45.67
2024/2025,Female,Disabled,Private,SSS,SSS2,,lga,Okene,North Central,Kogi,Okene,,,17.0,12,76.3991,1,1,0.2225,17.0,17.0,0,0,1,0,0,1,45.67
2024/2025,Female,Disabled,Private,SSS,SSS3,,lga,Okene,North Central,Kogi,Okene,,,16.0,11,69.123,1,1,0.2315,16.0,16.0,0,0,1,0,0,1,45.67
2024/2025,Female,Disabled,Private,Vocational,Tech/Voc,,lga,Okene,North Central,Kogi,Okene,,,0.0,0,7.2761,1,1,0.0,0.0,0.0,0,0,1,0,0,1,45.67
2024/2025,Female,Disabled,Public,Adult & Non-Formal,IQS/IQTE,,lga,Okene,North Central,Kogi,Okene,,,0.0,0,186.6056,0,0,0.0,0.0,0.0,0,0,1,0,0,0,45.67
2024/2025,Female,Disabled,Public,JSS,JSS1,JSS1,lga,Okene,North Central,Kogi,Okene,,,49.0,0,103.6698,1,1,0.4727,49.0,49.0,0,0,1,0,0,1,45.67
2024/2025,Female,Disabled,Public,JSS,JSS2,,lga,Okene,North Central,Kogi,Okene,,,47.0,0,100.2141,1,1,0.469,47.0,47.0,0,0,1,0,0,1,45.67
2024/2025,Female,Disabled,Public,JSS,JSS3,,lga,Okene,North Central,Kogi,Okene,,,45.0,0,96.7585,1,1,0.4651,45.0,45.0,0,0,1,0,0,1,45.67
2024/2025,Female,Disabled,Public,Pre-Primary/Primary,Primary 1,Primary 1,lga,Okene,North Central,Kogi,Okene,,,158.0,0,300.6424,5,4,0.5255,31.6,39.5,2,2,3,2,1,3,45.67
2024/2025,Female,Disabled,Public,Pre-Primary/Primary,Primary 2,,lga,Okene,North Central,Kogi,Okene,,,151.0,0,290.2754,4,3,0.5202,37.75,50.3333,2,1,2,1,1,2,45.67
2024/2025,Female,Disabled,Public,Pre-Primary/Primary,Primary 3,,lga,Okene,North Central,Kogi,Okene,,,147.0,0,279.9084,4,3,0.5252,36.75,49.0,2,1,2,1,1,2,45.67
2024/2025,Female,Disabled,Public,Pre-Primary/Primary,Primary 4,,lga,Okene,North Central,Kogi,Okene,,,142.0,0,272.9971,4,3,0.5202,35.5,47.3333,2,1,2,1,1,2,45.67
2024/2025,Female,Disabled,Public,Pre-Primary/Primary,Primary 5,,lga,Okene,North Central,Kogi,Okene,,,143.0,0,272.9971,5,3,0.5238,28.6,47.6667,2,2,2,2,1,3,45.67
2024/2025,Female,Disabled,Public,Pre-Primary/Primary,Primary 6,,lga,Okene,North Central,Kogi,Okene,,,143.0,0,272.9971,4,3,0.5238,35.75,47.6667,2,1,2,1,1,2,45.67
2024/2025,Female,Disabled,Public,SSS,SSS1,SSS1,lga,Okene,North Central,Kogi,Okene,,,65.0,45,48.3792,1,1,1.3436,65.0,65.0,0,0,1,0,0,1,45.67
2024/2025,Female,Disabled,Public,SSS,SSS2,,lga,Okene,North Central,Kogi,Okene,,,59.0,41,44.9236,1,1,1.3133,59.0,59.0,0,0,1,0,0,1,45.67
2024/2025,Female,Disabled,Public,SSS,SSS3,,lga,Okene,North Central,Kogi,Okene,,,56.0,39,41.4679,1,1,1.3504,56.0,56.0,0,0,1,0,0,1,45.67
2024/2025,Female,Disabled,Public,Vocational,Tech/Voc,,lga,Okene,North Central,Kogi,Okene,,,0.0,0,3.4557,1,1,0.0,0.0,0.0,0,0,1,0,0,1,45.67
2024/2025,Male,Disabled,Private,Adult & Non-Formal,IQS/IQTE,,lga,Okene,North Central,Kogi,Okene,,,0.0,0,87.3133,0,0,0.0,0.0,0.0,0,0,1,0,0,0,45.67
2024/2025,Male,Disabled,Private,JSS,JSS1,JSS1,lga,Okene,North Central,Kogi,Okene,,,14.0,0,105.5035,1,1,0.1327,14.0,14.0,0,0,1,0,0,1,45.67
2024/2025,Male,Disabled,Private,JSS,JSS2,,lga,Okene,North Central,Kogi,Okene,,,13.0,0,98.2274,1,1,0.1323,13.0,13.0,0,0,1,0,0,1,45.67
2024/2025,Male,Disabled,Private,JSS,JSS3,,lga,Okene,North Central,Kogi,Okene,,,13.0,0,98.2274,1,1,0.1323,13.0,13.0,0,0,1,0,0,1,45.67
2024/2025,Male,Disabled,Private,Pre-Primary/Primary,Primary 1,Primary 1,lga,Okene,North Central,Kogi,Okene,,,45.0,0,309.2345,2,1,0.1455,22.5,45.0,1,1,1,1,1,1,45.67
2024/2025,Male,Disabled,Private,Pre-Primary/Primary,Primary 2,,lga,Okene,North Central,Kogi,Okene,,,43.0,0,298.3203,2,1,0.1441,21.5,43.0,1,1,1,1,1,1,45.67
2024/2025,Male,Disabled,Private,Pre-Primary/Primary,Primary 3,,lga,Okene,North Central,Kogi,Okene,,,42.0,0,291.0442,2,1,0.1443,21.0,42.0,1,1,1,1,1,1,45.67
2024/2025,Male,Disabled,Private,Pre-Primary/Primary,Primary 4,,lga,Okene,North Central,Kogi,Okene,,,40.0,0,280.1301,2,1,0.1428,20.0,40.0,1,1,1,1,1,1,45.67
2024/2025,Male,Disabled,Private,Pre-Primary/Primary,Primary 5,,lga,Okene,North Central,Kogi,Okene,,,41.0,0,283.7681,2,1,0.1445,20.5,41.0,1,1,1,1,1,1,45.67
2024/2025,Male,Disabled,Private,Pre-Primary/Primary,Primary 6,,lga,Okene,North Central,Kogi,Okene,,,41.0,0,283.7681,2,1,0.1445,20.5,41.0,1,1,1,1,1,1,45.67
2024/2025,Male,Disabled,Private,SSS,SSS1,SSS1,lga,Okene,North Central,Kogi,Okene,,,18.0,13,83.6752,1,1,0.2151,18.0,18.0,0,0,1,0,0,1,45.67
2024/2025,Male,Disabled,Private,SSS,SSS2,,lga,Okene,North Central,Kogi,Okene,,,17.0,12,76.3991,1,1,0.2225,17.0,17.0,0,0,1,0,0,1,45.67
2024/2025,Male,Disabled,Private,SSS,SSS3,,lga,Okene,North Central,Kogi,Okene,,,16.0,11,69.123,1,1,0.2315,16.0,16.0,0,0,1,0,0,1,45.67
2024/2025,Male,Disabled,Private,Vocational,Tech/Voc,,lga,Okene,North Central,Kogi,Okene,,,0.0,0,18.1903,1,1,0.0,0.0,0.0,0,0,1,0,0,1,45.67
2024/2025,Male,Disabled,Public,Adult & Non-Formal,IQS/IQTE,,lga,Okene,North Central,Kogi,Okene,,,0.0,0,186.6056,0,0,0.0,0.0,0.0,0,0,1,0,0,0,45.67
2024/2025,Male,Disabled,Public,JSS,JSS1,JSS1,lga,Okene,North Central,Kogi,Okene,,,48.0,0,100.2141,1,1,0.479,48.0,48.0,0,0,1,0,0,1,45.67
2024/2025,Male,Disabled,Public,JSS,JSS2,,lga,Okene,North Central,Kogi,Okene,,,45.0,0,93.3028,1,1,0.4823,45.0,45.0,0,0,1,0,0,1,45.67
2024/2025,Male,Disabled,Public,JSS,JSS3,,lga,Okene,North Central,Kogi,Okene,,,44.0,0,89.8472,1,1,0.4897,44.0,44.0,0,0,1,0,0,1,45.67
2024/2025,Male,Disabled,Public,Pre-Primary/Primary,Primary 1,Primary 1,lga,Okene,North Central,Kogi,Okene,,,160.0,0,297.1867,5,3,0.5384,32.0,53.3333,2,2,2,2,1,3,45.67
2024/2025,Male,Disabled,Public,Pre-Primary/Primary,Primary 2,,lga,Okene,North Central,Kogi,Okene,,,153.0,0,286.8198,4,3,0.5334,38.25,51.0,2,1,2,1,1,2,45.67
2024/2025,Male,Disabled,Public,Pre-Primary/Primary,Primary 3,,lga,Okene,North Central,Kogi,Okene,,,149.0,0,276.4528,4,3,0.539,37.25,49.6667,2,1,2,1,1,2,45.67
2024/2025,Male,Disabled,Public,Pre-Primary/Primary,Primary 4,,lga,Okene,North Central,Kogi,Okene,,,144.0,0,269.5415,4,3,0.5342,36.0,48.0,2,1,2,1,1,2,45.67
2024/2025,Male,Disabled,Public,Pre-Primary/Primary,Primary 5,,lga,Okene,North Central,Kogi,Okene,,,145.0,0,269.5415,5,3,0.538,29.0,48.3333,2,2,2,2,1,3,45.67
2024/2025,Male,Disabled,Public,Pre-Primary/Primary,Primary 6,,lga,Okene,North Central,Kogi,Okene,,,146.0,0,269.5415,4,3,0.5417,36.5,48.6667,2,1,2,1,1,2,45.67
2024/2025,Male,Disabled,Public,SSS,SSS1,SSS1,lga,Okene,North Central,Kogi,Okene,,,67.0,47,51.8349,1,1,1.2926,67.0,67.0,0,0,1,0,0,1,45.67
2024/2025,Male,Disabled,Public,SSS,SSS2,,lga,Okene,North Central,Kogi,Okene,,,61.0,43,44.9236,1,1,1.3579,61.0,61.0,0,0,1,0,0,1,45.67
2024/2025,Male,Disabled,Public,SSS,SSS3,,lga,Okene,North Central,Kogi,Okene,,,57.0,40,44.9236,1,1,1.2688,57.0,57.0,0,0,1,0,0,1,45.67
2024/2025,Male,Disabled,Public,Vocational,Tech/Voc,,lga,Okene,North Central,Kogi,Okene,,,0.0,0,6.9113,1,1,0.0,0.0,0.0,0,0,1,0,0,1,45.67
