session,gender,disability,exam_body,institution_type,loc_level,loc_label,zone,state,lga,ward,school,ss3_total,o_level_candidates,utme_participants,admitted_students,matriculated_students,delayed_transition_students,loss_ss3_to_olevel,loss_olevel_to_utme,loss_utme_to_admitted,loss_admitted_to_matriculated,median_time_to_matriculation_years
2022/2023,Female,ALL,WAEC,University,lga,Abeokuta North,South West,Ogun,Abeokuta North,,,592,1776,1285,538,494,27,0,491,747,44,1.8
2022/2023,Female,ALL,WAEC,Polytechnic,lga,Abeokuta North,South West,Ogun,Abeokuta North,,,269,807,584,245,225,12,0,223,339,20,1.8
2022/2023,Female,ALL,WAEC,College of Education,lga,Abeokuta North,South West,Ogun,Abeokuta North,,,215,646,467,196,180,10,0,179,271,16,1.8
2022/2023,Female,ALL,NECO,University,lga,Abeokuta North,South West,Ogun,Abeokuta North,,,277,831,601,252,231,13,0,230,349,21,1.8
2022/2023,Female,ALL,NECO,Polytechnic,lga,Abeokuta North,South West,Ogun,Abeokuta North,,,126,378,273,114,105,6,0,105,159,9,1.8
2022/2023,Female,ALL,NECO,College of Education,lga,Abeokuta North,South West,Ogun,Abeokuta North,,,101,302,219,92,84,5,0,83,127,8,1.8
2022/2023,Female,ALL,NABTEB,University,lga,Abeokuta North,South West,Ogun,Abeokuta North,,,86,258,187,78,72,4,0,71,109,6,1.8
2022/2023,Female,ALL,NABTEB,Polytechnic,lga,Abeokuta North,South West,Ogun,Abeokuta North,,,39,117,85,36,33,2,0,32,49,3,1.8
2022/2023,Female,ALL,NABTEB,College of Education,lga,Abeokuta North,South West,Ogun,Abeokuta North,,,31,94,68,28,26,1,0,26,40,2,1.8
2022/2023,Female,Disabled,WAEC,University,lga,Abeokuta North,South West,Ogun,Abeokuta North,,,38,115,84,35,32,2,0,31,49,3,1.8
2022/2023,Female,Disabled,WAEC,Polytechnic,lga,Abeokuta North,South West,Ogun,Abeokuta North,,,17,52,38,16,15,1,0,14,22,1,1.8
2022/2023,Female,Disabled,WAEC,College of Education,lga,Abeokuta North,South West,Ogun,Abeokuta North,,,14,42,30,13,12,1,0,12,17,1,1.8
2022/2023,Female,Disabled,NECO,University,lga,Abeokuta North,South West,Ogun,Abeokuta North,,,18,54,39,16,15,1,0,15,23,1,1.8
2022/2023,Female,Disabled,NECO,Polytechnic,lga,Abeokuta North,South West,Ogun,Abeokuta North,,,8,25,18,7,7,0,0,7,11,0,1.8
2022/2023,Female,Disabled,NECO,College of Education,lga,Abeokuta North,South West,Ogun,Abeokuta North,,,7,20,14,6,5,0,0,6,8,1,1.8
2022/2023,Female,Disabled,NABTEB,University,lga,Abeokuta North,South West,Ogun,Abeokuta North,,,6,17,12,5,5,0,0,5,7,0,1.8
2022/2023,Female,Disabled,NABTEB,Polytechnic,lga,Abeokuta North,South West,Ogun,Abeokuta North,,,3,8,6,2,2,0,0,2,4,0,1.8
2022/2023,Female,Disabled,NABTEB,College of Education,lga,Abeokuta North,South West,Ogun,Abeokuta North,,,2,6,4,2,2,0,0,2,2,0,1.8
2022/2023,Female,ALL,WAEC,University,lga,Abeokuta South,South West,Ogun,Abeokuta South,,,877,2630,1903,797,732,40,0,727,1106,65,1.8
2022/2023,Female,ALL,WAEC,Polytechnic,lga,Abeokuta South,South West,Ogun,Abeokuta South,,,399,1196,865,362,333,18,0,331,503,29,1.8
2022/2023,Female,ALL,WAEC,College of Education,lga,Abeokuta South,South West,Ogun,Abeokuta South,,,319,956,692,290,266,15,0,264,402,24,1.8
2022/2023,Female,ALL,NECO,University,lga,Abeokuta South,South West,Ogun,Abeokuta South,,,410,1230,890,373,343,19,0,340,517,30,1.8
2022/2023,Female,ALL,NECO,Polytechnic,lga,Abeokuta South,South West,Ogun,Abeokuta South,,,186,559,405,170,156,9,0,154,235,14,1.8
2022/2023,Female,ALL,NECO,College of Education,lga,Abeokuta South,South West,Ogun,Abeokuta South,,,149,447,324,136,125,7,0,123,188,11,1.8
2022/2023,Female,ALL,NABTEB,University,lga,Abeokuta South,South West,Ogun,Abeokuta South,,,127,382,276,116,106,6,0,106,160,10,1.8
2022/2023,Female,ALL,NABTEB,Polytechnic,lga,Abeokuta South,South West,Ogun,Abeokuta South,,,58,174,126,53,48,3,0,48,73,5,1.8
2022/2023,Female,ALL,NABTEB,College of Education,lga,Abeokuta South,South West,Ogun,Abeokuta South,,,46,139,100,42,39,2,0,39,58,3,1.8
2022/2023,Female,Disabled,WAEC,University,lga,Abeokuta South,South West,Ogun,Abeokuta South,,,57,171,124,52,48,3,0,47,72,4,1.8
2022/2023,Female,Disabled,WAEC,Polytechnic,lga,Abeokuta South,South West,Ogun,Abeokuta South,,,26,78,56,24,22,1,0,22,32,2,1.8
2022/2023,Female,Disabled,WAEC,College of Education,lga,Abeokuta South,South West,Ogun,Abeokuta South,,,21,62,45,19,17,1,0,17,26,2,1.8
2022/2023,Female,Disabled,NECO,University,lga,Abeokuta South,South West,Ogun,Abeokuta South,,,27,80,58,24,22,1,0,22,34,2,1.8
2022/2023,Female,Disabled,NECO,Polytechnic,lga,Abeokuta South,South West,Ogun,Abeokuta South,,,12,36,26,11,10,1,0,10,15,1,1.8
2022/2023,Female,Disabled,NECO,College of Education,lga,Abeokuta South,South West,Ogun,Abeokuta South,,,10,29,21,9,8,0,0,8,12,1,1.8
2022/2023,Female,Disabled,NABTEB,University,lga,Abeokuta South,South West,Ogun,Abeokuta South,,,8,25,18,8,7,0,0,7,10,1,1.8
2022/2023,Female,Disabled,NABTEB,Polytechnic,lga,Abeokuta South,South West,Ogun,Abeokuta South,,,4,11,8,3,3,0,0,3,5,0,1.8
2022/2023,Female,Disabled,NABTEB,College of Education,lga,Abeokuta South,South West,Ogun,Abeokuta South,,,3,9,7,3,3,0,0,2,4,0,1.8
2022/2023,Female,ALL,WAEC,University,lga,Ijebu Ode,South West,Ogun,Ijebu Ode,,,935,2805,2030,850,781,43,0,775,1180,69,1.8
2022/2023,Female,ALL,WAEC,Polytechnic,lga,Ijebu Ode,South West,Ogun,Ijebu Ode,,,425,1275,923,386,355,20,0,352,537,31,1.8
2022/2023,Female,ALL,WAEC,College of Education,lga,Ijebu Ode,South West,Ogun,Ijebu Ode,,,340,1020,738,309,284,16,0,282,429,25,1.8
2022/2023,Female,ALL,NECO,University,lga,Ijebu Ode,South West,Ogun,Ijebu Ode,,,437,1312,949,398,365,20,0,363,551,33,1.8
2022/2023,Female,ALL,NECO,Polytechnic,lga,Ijebu Ode,South West,Ogun,Ijebu Ode,,,199,596,432,181,166,9,0,164,251,15,1.8
2022/2023,Female,ALL,NECO,College of Education,lga,Ijebu Ode,South West,Ogun,Ijebu Ode,,,159,477,345,145,133,7,0,132,200,12,1.8
2022/2023,Female,ALL,NABTEB,University,lga,Ijebu Ode,South West,Ogun,Ijebu Ode,,,136,407,295,123,113,6,0,112,172,10,1.8
2022/2023,Female,ALL,NABTEB,Polytechnic,lga,Ijebu Ode,South West,Ogun,Ijebu Ode,,,62,185,134,56,52,3,0,51,78,4,1.8
2022/2023,Female,ALL,NABTEB,College of Education,lga,Ijebu Ode,South West,Ogun,Ijebu Ode,,,49,148,107,45,41,2,0,41,62,4,1.8
2022/2023,Female,Disabled,WAEC,University,lga,Ijebu Ode,South West,Ogun,Ijebu Ode,,,61,182,132,55,51,3,0,50,77,4,1.8
2022/2023,Female,Disabled,WAEC,Polytechnic,lga,Ijebu Ode,South West,Ogun,Ijebu Ode,,,28,83,60,25,23,1,0,23,35,2,1.8
2022/2023,Female,Disabled,WAEC,College of Education,lga,Ijebu Ode,South West,Ogun,Ijebu Ode,,,22,66,48,20,18,1,0,18,28,2,1.8
2022/2023,Female,Disabled,NECO,University,lga,Ijebu Ode,South West,Ogun,Ijebu Ode,,,28,85,62,26,24,1,0,23,36,2,1.8
2022/2023,Female,Disabled,NECO,Polytechnic,lga,Ijebu Ode,South West,Ogun,Ijebu Ode,,,13,39,28,12,11,1,0,11,16,1,1.8
2022/2023,Female,Disabled,NECO,College of Education,lga,Ijebu Ode,South West,Ogun,Ijebu Ode,,,10,31,22,9,9,0,0,9,13,0,1.8
2022/2023,Female,Disabled,NABTEB,University,lga,Ijebu Ode,South West,Ogun,Ijebu Ode,,,9,26,19,8,7,0,0,7,11,1,1.8
2022/2023,Female,Disabled,NABTEB,Polytechnic,lga,Ijebu Ode,South West,Ogun,Ijebu Ode,,,4,12,9,4,3,0,0,3,5,1,1.8
2022/2023,Female,Disabled,NABTEB,College of Education,lga,Ijebu Ode,South West,Ogun,Ijebu Ode,,,3,10,7,3,3,0,0,3,4,0,1.8
2022/2023,Female,ALL,WAEC,University,lga,Shagamu,South West,Ogun,Shagamu,,,965,2896,2096,878,806,44,0,800,1218,72,1.8
2022/2023,Female,ALL,WAEC,Polytechnic,lga,Shagamu,South West,Ogun,Shagamu,,,439,1316,953,399,367,20,0,363,554,32,1.8
2022/2023,Female,ALL,WAEC,College of Education,lga,Shagamu,South West,Ogun,Shagamu,,,351,1053,762,319,293,16,0,291,443,26,1.8
2022/2023,Female,ALL,NECO,University,lga,Shagamu,South West,Ogun,Shagamu,,,452,1355,980,411,377,21,0,375,569,34,1.8
2022/2023,Female,ALL,NECO,Polytechnic,lga,Shagamu,South West,Ogun,Shagamu,,,205,616,446,187,171,9,0,170,259,16,1.8
2022/2023,Female,ALL,NECO,College of Education,lga,Shagamu,South West,Ogun,Shagamu,,,164,493,356,149,137,8,0,137,207,12,1.8
2022/2023,Female,ALL,NABTEB,University,lga,Shagamu,South West,Ogun,Shagamu,,,140,420,304,127,117,6,0,116,177,10,1.8
2022/2023,Female,ALL,NABTEB,Polytechnic,lga,Shagamu,South West,Ogun,Shagamu,,,64,191,138,58,53,3,0,53,80,5,1.8
2022/2023,Female,ALL,NABTEB,College of Education,lga,Shagamu,South West,Ogun,Shagamu,,,51,153,111,46,43,2,0,42,65,3,1.8
2022/2023,Female,Disabled,WAEC,University,lga,Shagamu,South West,Ogun,Shagamu,,,63,188,136,57,52,3,0,52,79,5,1.8
2022/2023,Female,Disabled,WAEC,Polytechnic,lga,Shagamu,South West,Ogun,Shagamu,,,29,86,62,26,24,1,0,24,36,2,1.8
2022/2023,Female,Disabled,WAEC,College of Education,lga,Shagamu,South West,Ogun,Shagamu,,,23,68,50,21,19,1,0,18,29,2,1.8
2022/2023,Female,Disabled,NECO,University,lga,Shagamu,South West,Ogun,Shagamu,,,29,88,64,27,25,1,0,24,37,2,1.8
2022/2023,Female,Disabled,NECO,Polytechnic,lga,Shagamu,South West,Ogun,Shagamu,,,13,40,29,12,11,1,0,11,17,1,1.8
2022/2023,Female,Disabled,NECO,College of Education,lga,Shagamu,South West,Ogun,Shagamu,,,11,32,23,10,9,0,0,9,13,1,1.8
2022/2023,Female,Disabled,NABTEB,University,lga,Shagamu,South West,Ogun,Shagamu,,,9,27,20,8,8,0,0,7,12,0,1.8
2022/2023,Female,Disabled,NABTEB,Polytechnic,lga,Shagamu,South West,Ogun,Shagamu,,,4,12,9,4,3,0,0,3,5,1,1.8
2022/2023,Female,Disabled,NABTEB,College of Education,lga,Shagamu,South West,Ogun,Shagamu,,,3,10,7,3,3,0,0,3,4,0,1.8
2022/2023,Female,ALL,WAEC,University,lga,Remo North,South West,Ogun,Remo North,,,551,1653,1197,501,461,25,0,456,696,40,1.8
2022/2023,Female,ALL,WAEC,Polytechnic,lga,Remo North,South West,Ogun,Remo North,,,250,751,544,228,209,11,0,207,316,19,1.8
2022/2023,Female,ALL,WAEC,College of Education,lga,Remo North,South West,Ogun,Remo North,,,200,601,435,182,168,9,0,166,253,14,1.8
2022/2023,Female,ALL,NECO,University,lga,Remo North,South West,Ogun,Remo North,,,258,773,560,234,215,12,0,213,326,19,1.8
2022/2023,Female,ALL,NECO,Polytechnic,lga,Remo North,South West,Ogun,Remo North,,,117,351,254,107,98,5,0,97,147,9,1.8
2022/2023,Female,ALL,NECO,College of Education,lga,Remo North,South West,Ogun,Remo North,,,94,281,204,85,78,4,0,77,119,7,1.8
2022/2023,Female,ALL,NABTEB,University,lga,Remo North,South West,Ogun,Remo North,,,80,240,174,73,67,4,0,66,101,6,1.8
2022/2023,Female,ALL,NABTEB,Polytechnic,lga,Remo North,South West,Ogun,Remo North,,,36,109,79,33,30,2,0,30,46,3,1.8
2022/2023,Female,ALL,NABTEB,College of Education,lga,Remo North,South West,Ogun,Remo North,,,29,87,63,26,24,1,0,24,37,2,1.8
2022/2023,Female,Disabled,WAEC,University,lga,Remo North,South West,Ogun,Remo North,,,36,107,78,33,30,2,0,29,45,3,1.8
2022/2023,Female,Disabled,WAEC,Polytechnic,lga,Remo North,South West,Ogun,Remo North,,,16,49,35,15,14,1,0,14,20,1,1.8
2022/2023,Female,Disabled,WAEC,College of Education,lga,Remo North,South West,Ogun,Remo North,,,13,39,28,12,11,1,0,11,16,1,1.8
2022/2023,Female,Disabled,NECO,University,lga,Remo North,South West,Ogun,Remo North,,,17,50,36,15,14,1,0,14,21,1,1.8
2022/2023,Female,Disabled,NECO,Polytechnic,lga,Remo North,South West,Ogun,Remo North,,,8,23,17,7,6,0,0,6,10,1,1.8
2022/2023,Female,Disabled,NECO,College of Education,lga,Remo North,South West,Ogun,Remo North,,,6,18,13,6,5,0,0,5,7,1,1.8
2022/2023,Female,Disabled,NABTEB,University,lga,Remo North,South West,Ogun,Remo North,,,5,16,11,5,4,0,0,5,6,1,1.8
2022/2023,Female,Disabled,NABTEB,Polytechnic,lga,Remo North,South West,Ogun,Remo North,,,2,7,5,2,2,0,0,2,3,0,1.8
2022/2023,Female,Disabled,NABTEB,College of Education,lga,Remo North,South West,Ogun,Remo North,,,2,6,4,2,2,0,0,2,2,0,1.8
2022/2023,Male,ALL,WAEC,University,lga,Abeokuta North,South West,Ogun,Abeokuta North,,,602,1805,1306,547,503,28,0,499,759,44,1.8
2022/2023,Male,ALL,WAEC,Polytechnic,lga,Abeokuta North,South West,Ogun,Abeokuta North,,,274,820,594,249,228,13,0,226,345,21,1.8
2022/2023,Male,ALL,WAEC,College of Education,lga,Abeokuta North,South West,Ogun,Abeokuta North,,,219,656,475,199,183,10,0,181,276,16,1.8
2022/2023,Male,ALL,NECO,University,lga,Abeokuta North,South West,Ogun,Abeokuta North,,,282,844,611,256,235,13,0,233,355,21,1.8
2022/2023,Male,ALL,NECO,Polytechnic,lga,Abeokuta North,South West,Ogun,Abeokuta North,,,128,384,278,116,107,6,0,106,162,9,1.8
2022/2023,Male,ALL,NECO,College of Education,lga,Abeokuta North,South West,Ogun,Abeokuta North,,,102,307,222,93,85,5,0,85,129,8,1.8
2022/2023,Male,ALL,NABTEB,University,lga,Abeokuta North,South West,Ogun,Abeokuta North,,,87,262,190,79,73,4,0,72,111,6,1.8
2022/2023,Male,ALL,NABTEB,Polytechnic,lga,Abeokuta North,South West,Ogun,Abeokuta North,,,40,119,86,36,33,2,0,33,50,3,1.8
2022/2023,Male,ALL,NABTEB,College of Education,lga,Abeokuta North,South West,Ogun,Abeokuta North,,,32,95,69,29,27,1,0,26,40,2,1.8
2022/2023,Male,Disabled,WAEC,University,lga,Abeokuta North,South West,Ogun,Abeokuta North,,,39,117,85,36,33,2,0,32,49,3,1.8
2022/2023,Male,Disabled,WAEC,Polytechnic,lga,Abeokuta North,South West,Ogun,Abeokuta North,,,18,53,39,16,15,1,0,14,23,1,1.8
2022/2023,Male,Disabled,WAEC,College of Education,lga,Abeokuta North,South West,Ogun,Abeokuta North,,,14,43,31,13,12,1,0,12,18,1,1.8
2022/2023,Male,Disabled,NECO,University,lga,Abeokuta North,South West,Ogun,Abeokuta North,,,18,55,40,17,15,1,0,15,23,2,1.8
2022/2023,Male,Disabled,NECO,Polytechnic,lga,Abeokuta North,South West,Ogun,Abeokuta North,,,8,25,18,8,7,0,0,7,10,1,1.8
2022/2023,Male,Disabled,NECO,College of Education,lga,Abeokuta North,South West,Ogun,Abeokuta North,,,7,20,14,6,6,0,0,6,8,0,1.8
2022/2023,Male,Disabled,NABTEB,University,lga,Abeokuta North,South West,Ogun,Abeokuta North,,,6,17,12,5,5,0,0,5,7,0,1.8
2022/2023,Male,Disabled,NABTEB,Polytechnic,lga,Abeokuta North,South West,Ogun,Abeokuta North,,,3,8,6,2,2,0,0,2,4,0,1.8
2022/2023,Male,Disabled,NABTEB,College of Education,lga,Abeokuta North,South West,Ogun,Abeokuta North,,,2,6,4,2,2,0,0,2,2,0,1.8
2022/2023,Male,ALL,WAEC,University,lga,Abeokuta South,South West,Ogun,Abeokuta South,,,891,2673,1934,811,745,41,0,739,1123,66,1.8
2022/2023,Male,ALL,WAEC,Polytechnic,lga,Abeokuta South,South West,Ogun,Abeokuta South,,,405,1215,879,368,339,19,0,336,511,29,1.8
2022/2023,Male,ALL,WAEC,College of Education,lga,Abeokuta South,South West,Ogun,Abeokuta South,,,324,972,703,295,271,15,0,269,408,24,1.8
2022/2023,Male,ALL,NECO,University,lga,Abeokuta South,South West,Ogun,Abeokuta South,,,417,1250,905,379,348,19,0,345,526,31,1.8
2022/2023,Male,ALL,NECO,Polytechnic,lga,Abeokuta South,South West,Ogun,Abeokuta South,,,189,568,411,172,158,9,0,157,239,14,1.8
2022/2023,Male,ALL,NECO,College of Education,lga,Abeokuta South,South West,Ogun,Abeokuta South,,,152,455,329,138,127,7,0,126,191,11,1.8
2022/2023,Male,ALL,NABTEB,University,lga,Abeokuta South,South West,Ogun,Abeokuta South,,,129,388,281,118,108,6,0,107,163,10,1.8
2022/2023,Male,ALL,NABTEB,Polytechnic,lga,Abeokuta South,South West,Ogun,Abeokuta South,,,59,176,128,53,49,3,0,48,75,4,1.8
2022/2023,Male,ALL,NABTEB,College of Education,lga,Abeokuta South,South West,Ogun,Abeokuta South,,,47,141,102,43,39,2,0,39,59,4,1.8
2022/2023,Male,Disabled,WAEC,University,lga,Abeokuta South,South West,Ogun,Abeokuta South,,,58,174,126,53,48,3,0,48,73,5,1.8
2022/2023,Male,Disabled,WAEC,Polytechnic,lga,Abeokuta South,South West,Ogun,Abeokuta South,,,26,79,57,24,22,1,0,22,33,2,1.8
2022/2023,Male,Disabled,WAEC,College of Education,lga,Abeokuta South,South West,Ogun,Abeokuta South,,,21,63,46,19,18,1,0,17,27,1,1.8
2022/2023,Male,Disabled,NECO,University,lga,Abeokuta South,South West,Ogun,Abeokuta South,,,27,81,59,25,23,1,0,22,34,2,1.8
2022/2023,Male,Disabled,NECO,Polytechnic,lga,Abeokuta South,South West,Ogun,Abeokuta South,,,12,37,27,11,10,1,0,10,16,1,1.8
2022/2023,Male,Disabled,NECO,College of Education,lga,Abeokuta South,South West,Ogun,Abeokuta South,,,10,30,21,9,8,0,0,9,12,1,1.8
2022/2023,Male,Disabled,NABTEB,University,lga,Abeokuta South,South West,Ogun,Abeokuta South,,,8,25,18,8,7,0,0,7,10,1,1.8
2022/2023,Male,Disabled,NABTEB,Polytechnic,lga,Abeokuta South,South West,Ogun,Abeokuta South,,,4,11,8,3,3,0,0,3,5,0,1.8
2022/2023,Male,Disabled,NABTEB,College of Education,lga,Abeokuta South,South West,Ogun,Abeokuta South,,,3,9,7,3,3,0,0,2,4,0,1.8
2022/2023,Male,ALL,WAEC,University,lga,Ijebu Ode,South West,Ogun,Ijebu Ode,,,950,2851,2063,864,794,44,0,788,1199,70,1.8
2022/2023,Male,ALL,WAEC,Polytechnic,lga,Ijebu Ode,South West,Ogun,Ijebu Ode,,,432,1296,938,393,361,20,0,358,545,32,1.8
2022/2023,Male,ALL,WAEC,College of Education,lga,Ijebu Ode,South West,Ogun,Ijebu Ode,,,346,1037,750,314,289,16,0,287,436,25,1.8
2022/2023,Male,ALL,NECO,University,lga,Ijebu Ode,South West,Ogun,Ijebu Ode,,,445,1334,965,404,371,20,0,369,561,33,1.8
2022/2023,Male,ALL,NECO,Polytechnic,lga,Ijebu Ode,South West,Ogun,Ijebu Ode,,,202,606,439,184,169,9,0,167,255,15,1.8
2022/2023,Male,ALL,NECO,College of Education,lga,Ijebu Ode,South West,Ogun,Ijebu Ode,,,162,485,351,147,135,7,0,134,204,12,1.8
2022/2023,Male,ALL,NABTEB,University,lga,Ijebu Ode,South West,Ogun,Ijebu Ode,,,138,414,300,125,115,6,0,114,175,10,1.8
2022/2023,Male,ALL,NABTEB,Polytechnic,lga,Ijebu Ode,South West,Ogun,Ijebu Ode,,,63,188,136,57,52,3,0,52,79,5,1.8
2022/2023,Male,ALL,NABTEB,College of Education,lga,Ijebu Ode,South West,Ogun,Ijebu Ode,,,50,151,109,46,42,2,0,42,63,4,1.8
2022/2023,Male,Disabled,WAEC,University,lga,Ijebu Ode,South West,Ogun,Ijebu Ode,,,62,185,134,56,52,3,0,51,78,4,1.8
2022/2023,Male,Disabled,WAEC,Polytechnic,lga,Ijebu Ode,South West,Ogun,Ijebu Ode,,,28,84,61,26,23,1,0,23,35,3,1.8
2022/2023,Male,Disabled,WAEC,College of Education,lga,Ijebu Ode,South West,Ogun,Ijebu Ode,,,22,67,49,20,19,1,0,18,29,1,1.8
2022/2023,Male,Disabled,NECO,University,lga,Ijebu Ode,South West,Ogun,Ijebu Ode,,,29,87,63,26,24,1,0,24,37,2,1.8
2022/2023,Male,Disabled,NECO,Polytechnic,lga,Ijebu Ode,South West,Ogun,Ijebu Ode,,,13,39,29,12,11,1,0,10,17,1,1.8
2022/2023,Male,Disabled,NECO,College of Education,lga,Ijebu Ode,South West,Ogun,Ijebu Ode,,,11,32,23,10,9,0,0,9,13,1,1.8
2022/2023,Male,Disabled,NABTEB,University,lga,Ijebu Ode,South West,Ogun,Ijebu Ode,,,9,27,19,8,7,0,0,8,11,1,1.8
2022/2023,Male,Disabled,NABTEB,Polytechnic,lga,Ijebu Ode,South West,Ogun,Ijebu Ode,,,4,12,9,4,3,0,0,3,5,1,1.8
2022/2023,Male,Disabled,NABTEB,College of Education,lga,Ijebu Ode,South West,Ogun,Ijebu Ode,,,3,10,7,3,3,0,0,3,4,0,1.8
2022/2023,Male,ALL,WAEC,University,lga,Shagamu,South West,Ogun,Shagamu,,,981,2944,2130,892,820,45,0,814,1238,72,1.8
2022/2023,Male,ALL,WAEC,Polytechnic,lga,Shagamu,South West,Ogun,Shagamu,,,446,1338,968,406,373,21,0,370,562,33,1.8
2022/2023,Male,ALL,WAEC,College of Education,lga,Shagamu,South West,Ogun,Shagamu,,,357,1071,775,325,298,16,0,296,450,27,1.8
2022/2023,Male,ALL,NECO,University,lga,Shagamu,South West,Ogun,Shagamu,,,459,1377,996,417,383,21,0,381,579,34,1.8
2022/2023,Male,ALL,NECO,Polytechnic,lga,Shagamu,South West,Ogun,Shagamu,,,209,626,453,190,174,10,0,173,263,16,1.8
2022/2023,Male,ALL,NECO,College of Education,lga,Shagamu,South West,Ogun,Shagamu,,,167,501,362,152,139,8,0,139,210,13,1.8
2022/2023,Male,ALL,NABTEB,University,lga,Shagamu,South West,Ogun,Shagamu,,,142,427,309,130,119,7,0,118,179,11,1.8
2022/2023,Male,ALL,NABTEB,Polytechnic,lga,Shagamu,South West,Ogun,Shagamu,,,65,194,141,59,54,3,0,53,82,5,1.8
2022/2023,Male,ALL,NABTEB,College of Education,lga,Shagamu,South West,Ogun,Shagamu,,,52,155,112,47,43,2,0,43,65,4,1.8
2022/2023,Male,Disabled,WAEC,University,lga,Shagamu,South West,Ogun,Shagamu,,,64,191,138,58,53,3,0,53,80,5,1.8
2022/2023,Male,Disabled,WAEC,Polytechnic,lga,Shagamu,South West,Ogun,Shagamu,,,29,87,63,26,24,1,0,24,37,2,1.8
2022/2023,Male,Disabled,WAEC,College of Education,lga,Shagamu,South West,Ogun,Shagamu,,,23,70,50,21,19,1,0,20,29,2,1.8
2022/2023,Male,Disabled,NECO,University,lga,Shagamu,South West,Ogun,Shagamu,,,30,90,65,27,25,1,0,25,38,2,1.8
2022/2023,Male,Disabled,NECO,Polytechnic,lga,Shagamu,South West,Ogun,Shagamu,,,14,41,29,12,11,1,0,12,17,1,1.8
2022/2023,Male,Disabled,NECO,College of Education,lga,Shagamu,South West,Ogun,Shagamu,,,11,33,24,10,9,0,0,9,14,1,1.8
2022/2023,Male,Disabled,NABTEB,University,lga,Shagamu,South West,Ogun,Shagamu,,,9,28,20,8,8,0,0,8,12,0,1.8
2022/2023,Male,Disabled,NABTEB,Polytechnic,lga,Shagamu,South West,Ogun,Shagamu,,,4,13,9,4,4,0,0,4,5,0,1.8
2022/2023,Male,Disabled,NABTEB,College of Education,lga,Shagamu,South West,Ogun,Shagamu,,,3,10,7,3,3,0,0,3,4,0,1.8
2022/2023,Male,ALL,WAEC,University,lga,Remo North,South West,Ogun,Remo North,,,560,1680,1216,509,468,26,0,464,707,41,1.8
2022/2023,Male,ALL,WAEC,Polytechnic,lga,Remo North,South West,Ogun,Remo North,,,255,764,553,232,213,12,0,211,321,19,1.8
2022/2023,Male,ALL,WAEC,College of Education,lga,Remo North,South West,Ogun,Remo North,,,204,611,442,185,170,9,0,169,257,15,1.8
2022/2023,Male,ALL,NECO,University,lga,Remo North,South West,Ogun,Remo North,,,262,786,569,238,219,12,0,217,331,19,1.8
2022/2023,Male,ALL,NECO,Polytechnic,lga,Remo North,South West,Ogun,Remo North,,,119,357,259,108,100,6,0,98,151,8,1.8
2022/2023,Male,ALL,NECO,College of Education,lga,Remo North,South West,Ogun,Remo North,,,95,286,207,87,80,4,0,79,120,7,1.8
2022/2023,Male,ALL,NABTEB,University,lga,Remo North,South West,Ogun,Remo North,,,81,244,177,74,68,4,0,67,103,6,1.8
2022/2023,Male,ALL,NABTEB,Polytechnic,lga,Remo North,South West,Ogun,Remo North,,,37,111,80,34,31,2,0,31,46,3,1.8
2022/2023,Male,ALL,NABTEB,College of Education,lga,Remo North,South West,Ogun,Remo North,,,30,89,64,27,25,1,0,25,37,2,1.8
2022/2023,Male,Disabled,WAEC,University,lga,Remo North,South West,Ogun,Remo North,,,36,109,79,33,30,2,0,30,46,3,1.8
2022/2023,Male,Disabled,WAEC,Polytechnic,lga,Remo North,South West,Ogun,Remo North,,,17,50,36,15,14,1,0,14,21,1,1.8
2022/2023,Male,Disabled,WAEC,College of Education,lga,Remo North,South West,Ogun,Remo North,,,13,40,29,12,11,1,0,11,17,1,1.8
2022/2023,Male,Disabled,NECO,University,lga,Remo North,South West,Ogun,Remo North,,,17,51,37,15,14,1,0,14,22,1,1.8
2022/2023,Male,Disabled,NECO,Polytechnic,lga,Remo North,South West,Ogun,Remo North,,,8,23,17,7,6,0,0,6,10,1,1.8
2022/2023,Male,Disabled,NECO,College of Education,lga,Remo North,South West,Ogun,Remo North,,,6,19,13,6,5,0,0,6,7,1,1.8
2022/2023,Male,Disabled,NABTEB,University,lga,Remo North,South West,Ogun,Remo North,,,5,16,11,5,4,0,0,5,6,1,1.8
2022/2023,Male,Disabled,NABTEB,Polytechnic,lga,Remo North,South West,Ogun,Remo North,,,2,7,5,2,2,0,0,2,3,0,1.8
2022/2023,Male,Disabled,NABTEB,College of Education,lga,Remo North,South West,Ogun,Remo North,,,2,6,4,2,2,0,0,2,2,0,1.8
2023/2024,Female,ALL,WAEC,University,lga,Abeokuta North,South West,Ogun,Abeokuta North,,,624,1843,1342,575,529,29,0,501,767,46,1.8
2023/2024,Female,ALL,WAEC,Polytechnic,lga,Abeokuta North,South West,Ogun,Abeokuta North,,,284,838,610,261,241,13,0,228,349,20,1.8
2023/2024,Female,ALL,WAEC,College of Education,lga,Abeokuta North,South West,Ogun,Abeokuta North,,,227,670,488,209,192,11,0,182,279,17,1.8
2023/2024,Female,ALL,NECO,University,lga,Abeokuta North,South West,Ogun,Abeokuta North,,,292,862,628,269,248,14,0,234,359,21,1.8
2023/2024,Female,ALL,NECO,Polytechnic,lga,Abeokuta North,South West,Ogun,Abeokuta North,,,133,392,285,122,113,6,0,107,163,9,1.8
2023/2024,Female,ALL,NECO,College of Education,lga,Abeokuta North,South West,Ogun,Abeokuta North,,,106,313,228,98,90,5,0,85,130,8,1.8
2023/2024,Female,ALL,NABTEB,University,lga,Abeokuta North,South West,Ogun,Abeokuta North,,,91,268,195,83,77,4,0,73,112,6,1.8
2023/2024,Female,ALL,NABTEB,Polytechnic,lga,Abeokuta North,South West,Ogun,Abeokuta North,,,41,122,89,38,35,2,0,33,51,3,1.8
2023/2024,Female,ALL,NABTEB,College of Education,lga,Abeokuta North,South West,Ogun,Abeokuta North,,,33,97,71,30,28,2,0,26,41,2,1.8
2023/2024,Female,Disabled,WAEC,University,lga,Abeokuta North,South West,Ogun,Abeokuta North,,,41,120,87,37,34,2,0,33,50,3,1.8
2023/2024,Female,Disabled,WAEC,Polytechnic,lga,Abeokuta North,South West,Ogun,Abeokuta North,,,18,54,40,17,16,1,0,14,23,1,1.8
2023/2024,Female,Disabled,WAEC,College of Education,lga,Abeokuta North,South West,Ogun,Abeokuta North,,,15,44,32,14,13,1,0,12,18,1,1.8
2023/2024,Female,Disabled,NECO,University,lga,Abeokuta North,South West,Ogun,Abeokuta North,,,19,56,41,17,16,1,0,15,24,1,1.8
2023/2024,Female,Disabled,NECO,Polytechnic,lga,Abeokuta North,South West,Ogun,Abeokuta North,,,9,25,19,8,7,0,0,6,11,1,1.8
2023/2024,Female,Disabled,NECO,College of Education,lga,Abeokuta North,South West,Ogun,Abeokuta North,,,7,20,15,6,6,0,0,5,9,0,1.8
2023/2024,Female,Disabled,NABTEB,University,lga,Abeokuta North,South West,Ogun,Abeokuta North,,,6,17,13,5,5,0,0,4,8,0,1.8
2023/2024,Female,Disabled,NABTEB,Polytechnic,lga,Abeokuta North,South West,Ogun,Abeokuta North,,,3,8,6,2,2,0,0,2,4,0,1.8
2023/2024,Female,Disabled,NABTEB,College of Education,lga,Abeokuta North,South West,Ogun,Abeokuta North,,,2,6,5,2,2,0,0,1,3,0,1.8
2023/2024,Female,ALL,WAEC,University,lga,Abeokuta South,South West,Ogun,Abeokuta South,,,925,2730,1988,851,784,43,0,742,1137,67,1.8
2023/2024,Female,ALL,WAEC,Polytechnic,lga,Abeokuta South,South West,Ogun,Abeokuta South,,,420,1241,903,387,356,20,0,338,516,31,1.8
2023/2024,Female,ALL,WAEC,College of Education,lga,Abeokuta South,South West,Ogun,Abeokuta South,,,336,993,723,309,285,16,0,270,414,24,1.8
2023/2024,Female,ALL,NECO,University,lga,Abeokuta South,South West,Ogun,Abeokuta South,,,433,1277,930,398,367,20,0,347,532,31,1.8
2023/2024,Female,ALL,NECO,Polytechnic,lga,Abeokuta South,South West,Ogun,Abeokuta South,,,197,580,423,181,167,9,0,157,242,14,1.8
2023/2024,Female,ALL,NECO,College of Education,lga,Abeokuta South,South West,Ogun,Abeokuta South,,,157,464,338,145,133,7,0,126,193,12,1.8
2023/2024,Female,ALL,NABTEB,University,lga,Abeokuta South,South West,Ogun,Abeokuta South,,,134,396,289,124,114,6,0,107,165,10,1.8
2023/2024,Female,ALL,NABTEB,Polytechnic,lga,Abeokuta South,South West,Ogun,Abeokuta South,,,61,180,131,56,52,3,0,49,75,4,1.8
2023/2024,Female,ALL,NABTEB,College of Education,lga,Abeokuta South,South West,Ogun,Abeokuta South,,,49,144,105,45,41,2,0,39,60,4,1.8
2023/2024,Female,Disabled,WAEC,University,lga,Abeokuta South,South West,Ogun,Abeokuta South,,,60,177,129,55,51,3,0,48,74,4,1.8
2023/2024,Female,Disabled,WAEC,Polytechnic,lga,Abeokuta South,South West,Ogun,Abeokuta South,,,27,81,59,25,23,1,0,22,34,2,1.8
2023/2024,Female,Disabled,WAEC,College of Education,lga,Abeokuta South,South West,Ogun,Abeokuta South,,,22,65,47,20,19,1,0,18,27,1,1.8
2023/2024,Female,Disabled,NECO,University,lga,Abeokuta South,South West,Ogun,Abeokuta South,,,28,83,60,26,24,1,0,23,34,2,1.8
2023/2024,Female,Disabled,NECO,Polytechnic,lga,Abeokuta South,South West,Ogun,Abeokuta South,,,13,38,27,12,11,1,0,11,15,1,1.8
2023/2024,Female,Disabled,NECO,College of Education,lga,Abeokuta South,South West,Ogun,Abeokuta South,,,10,30,22,9,9,0,0,8,13,0,1.8
2023/2024,Female,Disabled,NABTEB,University,lga,Abeokuta South,South West,Ogun,Abeokuta South,,,9,26,19,8,7,0,0,7,11,1,1.8
2023/2024,Female,Disabled,NABTEB,Polytechnic,lga,Abeokuta South,South West,Ogun,Abeokuta South,,,4,12,9,4,3,0,0,3,5,1,1.8
2023/2024,Female,Disabled,NABTEB,College of Education,lga,Abeokuta South,South West,Ogun,Abeokuta South,,,3,9,7,3,3,0,0,2,4,0,1.8
2023/2024,Female,ALL,WAEC,University,lga,Ijebu Ode,South West,Ogun,Ijebu Ode,,,987,2911,2120,907,836,46,0,791,1213,71,1.8
2023/2024,Female,ALL,WAEC,Polytechnic,lga,Ijebu Ode,South West,Ogun,Ijebu Ode,,,448,1323,963,412,380,21,0,360,551,32,1.8
2023/2024,Female,ALL,WAEC,College of Education,lga,Ijebu Ode,South West,Ogun,Ijebu Ode,,,359,1059,771,330,304,17,0,288,441,26,1.8
2023/2024,Female,ALL,NECO,University,lga,Ijebu Ode,South West,Ogun,Ijebu Ode,,,461,1362,991,424,391,22,0,371,567,33,1.8
2023/2024,Female,ALL,NECO,Polytechnic,lga,Ijebu Ode,South West,Ogun,Ijebu Ode,,,210,619,451,193,178,10,0,168,258,15,1.8
2023/2024,Female,ALL,NECO,College of Education,lga,Ijebu Ode,South West,Ogun,Ijebu Ode,,,168,495,361,154,142,8,0,134,207,12,1.8
2023/2024,Female,ALL,NABTEB,University,lga,Ijebu Ode,South West,Ogun,Ijebu Ode,,,143,423,308,132,121,7,0,115,176,11,1.8
2023/2024,Female,ALL,NABTEB,Polytechnic,lga,Ijebu Ode,South West,Ogun,Ijebu Ode,,,65,192,140,60,55,3,0,52,80,5,1.8
2023/2024,Female,ALL,NABTEB,College of Education,lga,Ijebu Ode,South West,Ogun,Ijebu Ode,,,52,154,112,48,44,2,0,42,64,4,1.8
2023/2024,Female,Disabled,WAEC,University,lga,Ijebu Ode,South West,Ogun,Ijebu Ode,,,64,189,138,59,54,3,0,51,79,5,1.8
2023/2024,Female,Disabled,WAEC,Polytechnic,lga,Ijebu Ode,South West,Ogun,Ijebu Ode,,,29,86,63,27,25,1,0,23,36,2,1.8
2023/2024,Female,Disabled,WAEC,College of Education,lga,Ijebu Ode,South West,Ogun,Ijebu Ode,,,23,69,50,21,20,1,0,19,29,1,1.8
2023/2024,Female,Disabled,NECO,University,lga,Ijebu Ode,South West,Ogun,Ijebu Ode,,,30,89,64,28,25,1,0,25,36,3,1.8
2023/2024,Female,Disabled,NECO,Polytechnic,lga,Ijebu Ode,South West,Ogun,Ijebu Ode,,,14,40,29,13,12,1,0,11,16,1,1.8
2023/2024,Female,Disabled,NECO,College of Education,lga,Ijebu Ode,South West,Ogun,Ijebu Ode,,,11,32,23,10,9,0,0,9,13,1,1.8
2023/2024,Female,Disabled,NABTEB,University,lga,Ijebu Ode,South West,Ogun,Ijebu Ode,,,9,27,20,9,8,0,0,7,11,1,1.8
2023/2024,Female,Disabled,NABTEB,Polytechnic,lga,Ijebu Ode,South West,Ogun,Ijebu Ode,,,4,12,9,4,4,0,0,3,5,0,1.8
2023/2024,Female,Disabled,NABTEB,College of Education,lga,Ijebu Ode,South West,Ogun,Ijebu Ode,,,3,10,7,3,3,0,0,3,4,0,1.8
2023/2024,Female,ALL,WAEC,University,lga,Shagamu,South West,Ogun,Shagamu,,,1019,3006,2189,937,863,47,0,817,1252,74,1.8
2023/2024,Female,ALL,WAEC,Polytechnic,lga,Shagamu,South West,Ogun,Shagamu,,,463,1366,995,426,392,22,0,371,569,34,1.8
2023/2024,Female,ALL,WAEC,College of Education,lga,Shagamu,South West,Ogun,Shagamu,,,370,1093,796,341,314,17,0,297,455,27,1.8
2023/2024,Female,ALL,NECO,University,lga,Shagamu,South West,Ogun,Shagamu,,,476,1406,1024,438,404,22,0,382,586,34,1.8
2023/2024,Female,ALL,NECO,Polytechnic,lga,Shagamu,South West,Ogun,Shagamu,,,217,639,465,199,184,10,0,174,266,15,1.8
2023/2024,Female,ALL,NECO,College of Education,lga,Shagamu,South West,Ogun,Shagamu,,,173,511,372,159,147,8,0,139,213,12,1.8
2023/2024,Female,ALL,NABTEB,University,lga,Shagamu,South West,Ogun,Shagamu,,,148,436,318,136,125,7,0,118,182,11,1.8
2023/2024,Female,ALL,NABTEB,Polytechnic,lga,Shagamu,South West,Ogun,Shagamu,,,67,198,144,62,57,3,0,54,82,5,1.8
2023/2024,Female,ALL,NABTEB,College of Education,lga,Shagamu,South West,Ogun,Shagamu,,,54,159,116,49,46,3,0,43,67,3,1.8
2023/2024,Female,Disabled,WAEC,University,lga,Shagamu,South West,Ogun,Shagamu,,,66,195,142,61,56,3,0,53,81,5,1.8
2023/2024,Female,Disabled,WAEC,Polytechnic,lga,Shagamu,South West,Ogun,Shagamu,,,30,89,65,28,26,1,0,24,37,2,1.8
2023/2024,Female,Disabled,WAEC,College of Education,lga,Shagamu,South West,Ogun,Shagamu,,,24,71,52,22,20,1,0,19,30,2,1.8
2023/2024,Female,Disabled,NECO,University,lga,Shagamu,South West,Ogun,Shagamu,,,31,91,67,28,26,1,0,24,39,2,1.8
2023/2024,Female,Disabled,NECO,Polytechnic,lga,Shagamu,South West,Ogun,Shagamu,,,14,42,30,13,12,1,0,12,17,1,1.8
2023/2024,Female,Disabled,NECO,College of Education,lga,Shagamu,South West,Ogun,Shagamu,,,11,33,24,10,10,1,0,9,14,0,1.8
2023/2024,Female,Disabled,NABTEB,University,lga,Shagamu,South West,Ogun,Shagamu,,,10,28,21,9,8,0,0,7,12,1,1.8
2023/2024,Female,Disabled,NABTEB,Polytechnic,lga,Shagamu,South West,Ogun,Shagamu,,,4,13,9,4,4,0,0,4,5,0,1.8
2023/2024,Female,Disabled,NABTEB,College of Education,lga,Shagamu,South West,Ogun,Shagamu,,,3,10,8,3,3,0,0,2,5,0,1.8
2023/2024,Female,ALL,WAEC,University,lga,Remo North,South West,Ogun,Remo North,,,581,1716,1249,535,493,27,0,467,714,42,1.8
2023/2024,Female,ALL,WAEC,Polytechnic,lga,Remo North,South West,Ogun,Remo North,,,264,780,568,243,224,12,0,212,325,19,1.8
2023/2024,Female,ALL,WAEC,College of Education,lga,Remo North,South West,Ogun,Remo North,,,211,624,454,195,179,10,0,170,259,16,1.8
2023/2024,Female,ALL,NECO,University,lga,Remo North,South West,Ogun,Remo North,,,272,803,584,250,230,13,0,219,334,20,1.8
2023/2024,Female,ALL,NECO,Polytechnic,lga,Remo North,South West,Ogun,Remo North,,,124,365,266,114,105,6,0,99,152,9,1.8
2023/2024,Female,ALL,NECO,College of Education,lga,Remo North,South West,Ogun,Remo North,,,99,292,213,91,84,5,0,79,122,7,1.8
2023/2024,Female,ALL,NABTEB,University,lga,Remo North,South West,Ogun,Remo North,,,84,249,181,78,72,4,0,68,103,6,1.8
2023/2024,Female,ALL,NABTEB,Polytechnic,lga,Remo North,South West,Ogun,Remo North,,,38,113,82,35,33,2,0,31,47,2,1.8
2023/2024,Female,ALL,NABTEB,College of Education,lga,Remo North,South West,Ogun,Remo North,,,31,91,66,28,26,1,0,25,38,2,1.8
2023/2024,Female,Disabled,WAEC,University,lga,Remo North,South West,Ogun,Remo North,,,38,112,81,35,32,2,0,31,46,3,1.8
2023/2024,Female,Disabled,WAEC,Polytechnic,lga,Remo North,South West,Ogun,Remo North,,,17,51,37,16,15,1,0,14,21,1,1.8
2023/2024,Female,Disabled,WAEC,College of Education,lga,Remo North,South West,Ogun,Remo North,,,14,41,30,13,12,1,0,11,17,1,1.8
2023/2024,Female,Disabled,NECO,University,lga,Remo North,South West,Ogun,Remo North,,,18,52,38,16,15,1,0,14,22,1,1.8
2023/2024,Female,Disabled,NECO,Polytechnic,lga,Remo North,South West,Ogun,Remo North,,,8,24,17,7,7,0,0,7,10,0,1.8
2023/2024,Female,Disabled,NECO,College of Education,lga,Remo North,South West,Ogun,Remo North,,,6,19,14,6,5,0,0,5,8,1,1.8
2023/2024,Female,Disabled,NABTEB,University,lga,Remo North,South West,Ogun,Remo North,,,5,16,12,5,5,0,0,4,7,0,1.8
2023/2024,Female,Disabled,NABTEB,Polytechnic,lga,Remo North,South West,Ogun,Remo North,,,2,7,5,2,2,0,0,2,3,0,1.8
2023/2024,Female,Disabled,NABTEB,College of Education,lga,Remo North,South West,Ogun,Remo North,,,2,6,4,2,2,0,0,2,2,0,1.8
2023/2024,Male,ALL,WAEC,University,lga,Abeokuta North,South West,Ogun,Abeokuta North,,,635,1873,1364,584,538,30,0,509,780,46,1.8
2023/2024,Male,ALL,WAEC,Polytechnic,lga,Abeokuta North,South West,Ogun,Abeokuta North,,,289,852,620,266,245,13,0,232,354,21,1.8
2023/2024,Male,ALL,WAEC,College of Education,lga,Abeokuta North,South West,Ogun,Abeokuta North,,,231,681,496,212,196,11,0,185,284,16,1.8
2023/2024,Male,ALL,NECO,University,lga,Abeokuta North,South West,Ogun,Abeokuta North,,,297,876,638,273,252,14,0,238,365,21,1.8
2023/2024,Male,ALL,NECO,Polytechnic,lga,Abeokuta North,South West,Ogun,Abeokuta North,,,135,398,290,124,114,6,0,108,166,10,1.8
2023/2024,Male,ALL,NECO,College of Education,lga,Abeokuta North,South West,Ogun,Abeokuta North,,,108,319,232,99,92,5,0,87,133,7,1.8
2023/2024,Male,ALL,NABTEB,University,lga,Abeokuta North,South West,Ogun,Abeokuta North,,,92,272,198,85,78,4,0,74,113,7,1.8
2023/2024,Male,ALL,NABTEB,Polytechnic,lga,Abeokuta North,South West,Ogun,Abeokuta North,,,42,124,90,39,36,2,0,34,51,3,1.8
2023/2024,Male,ALL,NABTEB,College of Education,lga,Abeokuta North,South West,Ogun,Abeokuta North,,,34,99,72,31,28,2,0,27,41,3,1.8
2023/2024,Male,Disabled,WAEC,University,lga,Abeokuta North,South West,Ogun,Abeokuta North,,,41,122,89,38,35,2,0,33,51,3,1.8
2023/2024,Male,Disabled,WAEC,Polytechnic,lga,Abeokuta North,South West,Ogun,Abeokuta North,,,19,55,40,17,16,1,0,15,23,1,1.8
2023/2024,Male,Disabled,WAEC,College of Education,lga,Abeokuta North,South West,Ogun,Abeokuta North,,,15,44,32,14,13,1,0,12,18,1,1.8
2023/2024,Male,Disabled,NECO,University,lga,Abeokuta North,South West,Ogun,Abeokuta North,,,19,57,41,18,16,1,0,16,23,2,1.8
2023/2024,Male,Disabled,NECO,Polytechnic,lga,Abeokuta North,South West,Ogun,Abeokuta North,,,9,26,19,8,7,0,0,7,11,1,1.8
2023/2024,Male,Disabled,NECO,College of Education,lga,Abeokuta North,South West,Ogun,Abeokuta North,,,7,21,15,6,6,0,0,6,9,0,1.8
2023/2024,Male,Disabled,NABTEB,University,lga,Abeokuta North,South West,Ogun,Abeokuta North,,,6,18,13,6,5,0,0,5,7,1,1.8
2023/2024,Male,Disabled,NABTEB,Polytechnic,lga,Abeokuta North,South West,Ogun,Abeokuta North,,,3,8,6,3,2,0,0,2,3,1,1.8
2023/2024,Male,Disabled,NABTEB,College of Education,lga,Abeokuta North,South West,Ogun,Abeokuta North,,,2,6,5,2,2,0,0,1,3,0,1.8
2023/2024,Male,ALL,WAEC,University,lga,Abeokuta South,South West,Ogun,Abeokuta South,,,940,2775,2020,865,797,44,0,755,1155,68,1.8
2023/2024,Male,ALL,WAEC,Polytechnic,lga,Abeokuta South,South West,Ogun,Abeokuta South,,,427,1261,918,393,362,20,0,343,525,31,1.8
2023/2024,Male,ALL,WAEC,College of Education,lga,Abeokuta South,South West,Ogun,Abeokuta South,,,342,1009,735,314,290,16,0,274,421,24,1.8
2023/2024,Male,ALL,NECO,University,lga,Abeokuta South,South West,Ogun,Abeokuta South,,,440,1298,945,404,373,21,0,353,541,31,1.8
2023/2024,Male,ALL,NECO,Polytechnic,lga,Abeokuta South,South West,Ogun,Abeokuta South,,,200,590,430,184,169,9,0,160,246,15,1.8
2023/2024,Male,ALL,NECO,College of Education,lga,Abeokuta South,South West,Ogun,Abeokuta South,,,160,472,344,147,136,7,0,128,197,11,1.8
2023/2024,Male,ALL,NABTEB,University,lga,Abeokuta South,South West,Ogun,Abeokuta South,,,136,403,293,126,116,6,0,110,167,10,1.8
2023/2024,Male,ALL,NABTEB,Polytechnic,lga,Abeokuta South,South West,Ogun,Abeokuta South,,,62,183,133,57,53,3,0,50,76,4,1.8
2023/2024,Male,ALL,NABTEB,College of Education,lga,Abeokuta South,South West,Ogun,Abeokuta South,,,50,146,107,46,42,2,0,39,61,4,1.8
2023/2024,Male,Disabled,WAEC,University,lga,Abeokuta South,South West,Ogun,Abeokuta South,,,61,180,131,56,52,3,0,49,75,4,1.8
2023/2024,Male,Disabled,WAEC,Polytechnic,lga,Abeokuta South,South West,Ogun,Abeokuta South,,,28,82,60,26,24,1,0,22,34,2,1.8
2023/2024,Male,Disabled,WAEC,College of Education,lga,Abeokuta South,South West,Ogun,Abeokuta South,,,22,66,48,20,19,1,0,18,28,1,1.8
2023/2024,Male,Disabled,NECO,University,lga,Abeokuta South,South West,Ogun,Abeokuta South,,,29,84,61,26,24,1,0,23,35,2,1.8
2023/2024,Male,Disabled,NECO,Polytechnic,lga,Abeokuta South,South West,Ogun,Abeokuta South,,,13,38,28,12,11,1,0,10,16,1,1.8
2023/2024,Male,Disabled,NECO,College of Education,lga,Abeokuta South,South West,Ogun,Abeokuta South,,,10,31,22,10,9,0,0,9,12,1,1.8
2023/2024,Male,Disabled,NABTEB,University,lga,Abeokuta South,South West,Ogun,Abeokuta South,,,9,26,19,8,8,0,0,7,11,0,1.8
2023/2024,Male,Disabled,NABTEB,Polytechnic,lga,Abeokuta South,South West,Ogun,Abeokuta South,,,4,12,9,4,3,0,0,3,5,1,1.8
2023/2024,Male,Disabled,NABTEB,College of Education,lga,Abeokuta South,South West,Ogun,Abeokuta South,,,3,10,7,3,3,0,0,3,4,0,1.8
2023/2024,Male,ALL,WAEC,University,lga,Ijebu Ode,South West,Ogun,Ijebu Ode,,,1003,2960,2155,922,850,47,0,805,1233,72,1.8
2023/2024,Male,ALL,WAEC,Polytechnic,lga,Ijebu Ode,South West,Ogun,Ijebu Ode,,,456,1345,979,419,386,21,0,366,560,33,1.8
2023/2024,Male,ALL,WAEC,College of Education,lga,Ijebu Ode,South West,Ogun,Ijebu Ode,,,365,1076,784,335,309,17,0,292,449,26,1.8
2023/2024,Male,ALL,NECO,University,lga,Ijebu Ode,South West,Ogun,Ijebu Ode,,,469,1384,1008,431,397,22,0,376,577,34,1.8
2023/2024,Male,ALL,NECO,Polytechnic,lga,Ijebu Ode,South West,Ogun,Ijebu Ode,,,213,629,458,196,181,10,0,171,262,15,1.8
2023/2024,Male,ALL,NECO,College of Education,lga,Ijebu Ode,South West,Ogun,Ijebu Ode,,,171,503,367,157,145,8,0,136,210,12,1.8
2023/2024,Male,ALL,NABTEB,University,lga,Ijebu Ode,South West,Ogun,Ijebu Ode,,,146,430,313,134,123,7,0,117,179,11,1.8
2023/2024,Male,ALL,NABTEB,Polytechnic,lga,Ijebu Ode,South West,Ogun,Ijebu Ode,,,66,195,142,61,56,3,0,53,81,5,1.8
2023/2024,Male,ALL,NABTEB,College of Education,lga,Ijebu Ode,South West,Ogun,Ijebu Ode,,,53,156,114,49,45,2,0,42,65,4,1.8
2023/2024,Male,Disabled,WAEC,University,lga,Ijebu Ode,South West,Ogun,Ijebu Ode,,,65,192,140,60,55,3,0,52,80,5,1.8
2023/2024,Male,Disabled,WAEC,Polytechnic,lga,Ijebu Ode,South West,Ogun,Ijebu Ode,,,30,87,64,27,25,1,0,23,37,2,1.8
2023/2024,Male,Disabled,WAEC,College of Education,lga,Ijebu Ode,South West,Ogun,Ijebu Ode,,,24,70,51,22,20,1,0,19,29,2,1.8
2023/2024,Male,Disabled,NECO,University,lga,Ijebu Ode,South West,Ogun,Ijebu Ode,,,30,90,66,28,26,1,0,24,38,2,1.8
2023/2024,Male,Disabled,NECO,Polytechnic,lga,Ijebu Ode,South West,Ogun,Ijebu Ode,,,14,41,30,13,12,1,0,11,17,1,1.8
2023/2024,Male,Disabled,NECO,College of Education,lga,Ijebu Ode,South West,Ogun,Ijebu Ode,,,11,33,24,10,9,0,0,9,14,1,1.8
2023/2024,Male,Disabled,NABTEB,University,lga,Ijebu Ode,South West,Ogun,Ijebu Ode,,,9,28,20,9,8,0,0,8,11,1,1.8
2023/2024,Male,Disabled,NABTEB,Polytechnic,lga,Ijebu Ode,South West,Ogun,Ijebu Ode,,,4,13,9,4,4,0,0,4,5,0,1.8
2023/2024,Male,Disabled,NABTEB,College of Education,lga,Ijebu Ode,South West,Ogun,Ijebu Ode,,,3,10,7,3,3,0,0,3,4,0,1.8
2023/2024,Male,ALL,WAEC,University,lga,Shagamu,South West,Ogun,Shagamu,,,1035,3056,2225,952,878,48,0,831,1273,74,1.8
2023/2024,Male,ALL,WAEC,Polytechnic,lga,Shagamu,South West,Ogun,Shagamu,,,471,1389,1011,433,399,22,0,378,578,34,1.8
2023/2024,Male,ALL,WAEC,College of Education,lga,Shagamu,South West,Ogun,Shagamu,,,376,1111,809,346,319,18,0,302,463,27,1.8
2023/2024,Male,ALL,NECO,University,lga,Shagamu,South West,Ogun,Shagamu,,,484,1429,1041,445,411,23,0,388,596,34,1.8
2023/2024,Male,ALL,NECO,Polytechnic,lga,Shagamu,South West,Ogun,Shagamu,,,220,650,473,202,187,10,0,177,271,15,1.8
2023/2024,Male,ALL,NECO,College of Education,lga,Shagamu,South West,Ogun,Shagamu,,,176,520,378,162,149,8,0,142,216,13,1.8
2023/2024,Male,ALL,NABTEB,University,lga,Shagamu,South West,Ogun,Shagamu,,,150,444,323,138,127,7,0,121,185,11,1.8
2023/2024,Male,ALL,NABTEB,Polytechnic,lga,Shagamu,South West,Ogun,Shagamu,,,68,202,147,63,58,3,0,55,84,5,1.8
2023/2024,Male,ALL,NABTEB,College of Education,lga,Shagamu,South West,Ogun,Shagamu,,,55,161,117,50,46,3,0,44,67,4,1.8
2023/2024,Male,Disabled,WAEC,University,lga,Shagamu,South West,Ogun,Shagamu,,,67,199,145,62,57,3,0,54,83,5,1.8
2023/2024,Male,Disabled,WAEC,Polytechnic,lga,Shagamu,South West,Ogun,Shagamu,,,31,90,66,28,26,1,0,24,38,2,1.8
2023/2024,Male,Disabled,WAEC,College of Education,lga,Shagamu,South West,Ogun,Shagamu,,,24,72,53,23,21,1,0,19,30,2,1.8
2023/2024,Male,Disabled,NECO,University,lga,Shagamu,South West,Ogun,Shagamu,,,31,93,68,29,27,1,0,25,39,2,1.8
2023/2024,Male,Disabled,NECO,Polytechnic,lga,Shagamu,South West,Ogun,Shagamu,,,14,42,31,13,12,1,0,11,18,1,1.8
2023/2024,Male,Disabled,NECO,College of Education,lga,Shagamu,South West,Ogun,Shagamu,,,11,34,25,11,10,1,0,9,14,1,1.8
2023/2024,Male,Disabled,NABTEB,University,lga,Shagamu,South West,Ogun,Shagamu,,,10,29,21,9,8,0,0,8,12,1,1.8
2023/2024,Male,Disabled,NABTEB,Polytechnic,lga,Shagamu,South West,Ogun,Shagamu,,,4,13,10,4,4,0,0,3,6,0,1.8
2023/2024,Male,Disabled,NABTEB,College of Education,lga,Shagamu,South West,Ogun,Shagamu,,,4,10,8,3,3,0,0,2,5,0,1.8
2023/2024,Male,ALL,WAEC,University,lga,Remo North,South West,Ogun,Remo North,,,591,1745,1270,544,501,28,0,475,726,43,1.8
2023/2024,Male,ALL,WAEC,Polytechnic,lga,Remo North,South West,Ogun,Remo North,,,269,793,577,247,228,13,0,216,330,19,1.8
2023/2024,Male,ALL,WAEC,College of Education,lga,Remo North,South West,Ogun,Remo North,,,215,634,462,198,182,10,0,172,264,16,1.8
2023/2024,Male,ALL,NECO,University,lga,Remo North,South West,Ogun,Remo North,,,276,816,594,254,234,13,0,222,340,20,1.8
2023/2024,Male,ALL,NECO,Polytechnic,lga,Remo North,South West,Ogun,Remo North,,,126,371,270,116,107,6,0,101,154,9,1.8
2023/2024,Male,ALL,NECO,College of Education,lga,Remo North,South West,Ogun,Remo North,,,101,297,216,93,85,5,0,81,123,8,1.8
2023/2024,Male,ALL,NABTEB,University,lga,Remo North,South West,Ogun,Remo North,,,86,253,184,79,73,4,0,69,105,6,1.8
2023/2024,Male,ALL,NABTEB,Polytechnic,lga,Remo North,South West,Ogun,Remo North,,,39,115,84,36,33,2,0,31,48,3,1.8
2023/2024,Male,ALL,NABTEB,College of Education,lga,Remo North,South West,Ogun,Remo North,,,31,92,67,29,26,1,0,25,38,3,1.8
2023/2024,Male,Disabled,WAEC,University,lga,Remo North,South West,Ogun,Remo North,,,38,113,83,35,33,2,0,30,48,2,1.8
2023/2024,Male,Disabled,WAEC,Polytechnic,lga,Remo North,South West,Ogun,Remo North,,,17,52,38,16,15,1,0,14,22,1,1.8
2023/2024,Male,Disabled,WAEC,College of Education,lga,Remo North,South West,Ogun,Remo North,,,14,41,30,13,12,1,0,11,17,1,1.8
2023/2024,Male,Disabled,NECO,University,lga,Remo North,South West,Ogun,Remo North,,,18,53,39,17,15,1,0,14,22,2,1.8
2023/2024,Male,Disabled,NECO,Polytechnic,lga,Remo North,South West,Ogun,Remo North,,,8,24,18,8,7,0,0,6,10,1,1.8
2023/2024,Male,Disabled,NECO,College of Education,lga,Remo North,South West,Ogun,Remo North,,,7,19,14,6,6,0,0,5,8,0,1.8
2023/2024,Male,Disabled,NABTEB,University,lga,Remo North,South West,Ogun,Remo North,,,6,16,12,5,5,0,0,4,7,0,1.8
2023/2024,Male,Disabled,NABTEB,Polytechnic,lga,Remo North,South West,Ogun,Remo North,,,3,7,5,2,2,0,0,2,3,0,1.8
2023/2024,Male,Disabled,NABTEB,College of Education,lga,Remo North,South West,Ogun,Remo North,,,2,6,4,2,2,0,0,2,2,0,1.8
2024/2025,Female,ALL,WAEC,University,lga,Abeokuta North,South West,Ogun,Abeokuta North,,,651,1932,1402,596,548,30,0,530,806,48,1.8
2024/2025,Female,ALL,WAEC,Polytechnic,lga,Abeokuta North,South West,Ogun,Abeokuta North,,,296,878,637,271,249,14,0,241,366,22,1.8
2024/2025,Female,ALL,WAEC,College of Education,lga,Abeokuta North,South West,Ogun,Abeokuta North,,,237,703,510,217,199,11,0,193,293,18,1.8
2024/2025,Female,ALL,NECO,University,lga,Abeokuta North,South West,Ogun,Abeokuta North,,,304,904,656,279,256,14,0,248,377,23,1.8
2024/2025,Female,ALL,NECO,Polytechnic,lga,Abeokuta North,South West,Ogun,Abeokuta North,,,138,411,298,127,117,6,0,113,171,10,1.8
2024/2025,Female,ALL,NECO,College of Education,lga,Abeokuta North,South West,Ogun,Abeokuta North,,,111,329,238,101,93,5,0,91,137,8,1.8
2024/2025,Female,ALL,NABTEB,University,lga,Abeokuta North,South West,Ogun,Abeokuta North,,,94,280,203,86,80,4,0,77,117,6,1.8
2024/2025,Female,ALL,NABTEB,Polytechnic,lga,Abeokuta North,South West,Ogun,Abeokuta North,,,43,127,92,39,36,2,0,35,53,3,1.8
2024/2025,Female,ALL,NABTEB,College of Education,lga,Abeokuta North,South West,Ogun,Abeokuta North,,,34,102,74,31,29,2,0,28,43,2,1.8
2024/2025,Female,Disabled,WAEC,University,lga,Abeokuta North,South West,Ogun,Abeokuta North,,,42,126,91,39,36,2,0,35,52,3,1.8
2024/2025,Female,Disabled,WAEC,Polytechnic,lga,Abeokuta North,South West,Ogun,Abeokuta North,,,19,57,41,18,16,1,0,16,23,2,1.8
2024/2025,Female,Disabled,WAEC,College of Education,lga,Abeokuta North,South West,Ogun,Abeokuta North,,,15,46,33,14,13,1,0,13,19,1,1.8
2024/2025,Female,Disabled,NECO,University,lga,Abeokuta North,South West,Ogun,Abeokuta North,,,20,59,43,18,17,1,0,16,25,1,1.8
2024/2025,Female,Disabled,NECO,Polytechnic,lga,Abeokuta North,South West,Ogun,Abeokuta North,,,9,27,19,8,8,0,0,8,11,0,1.8
2024/2025,Female,Disabled,NECO,College of Education,lga,Abeokuta North,South West,Ogun,Abeokuta North,,,7,21,15,7,6,0,0,6,8,1,1.8
2024/2025,Female,Disabled,NABTEB,University,lga,Abeokuta North,South West,Ogun,Abeokuta North,,,6,18,13,6,5,0,0,5,7,1,1.8
2024/2025,Female,Disabled,NABTEB,Polytechnic,lga,Abeokuta North,South West,Ogun,Abeokuta North,,,3,8,6,3,2,0,0,2,3,1,1.8
2024/2025,Female,Disabled,NABTEB,College of Education,lga,Abeokuta North,South West,Ogun,Abeokuta North,,,2,7,5,2,2,0,0,2,3,0,1.8
2024/2025,Female,ALL,WAEC,University,lga,Abeokuta South,South West,Ogun,Abeokuta South,,,963,2862,2076,883,812,45,0,786,1193,71,1.8
2024/2025,Female,ALL,WAEC,Polytechnic,lga,Abeokuta South,South West,Ogun,Abeokuta South,,,438,1301,944,401,369,20,0,357,543,32,1.8
2024/2025,Female,ALL,WAEC,College of Education,lga,Abeokuta South,South West,Ogun,Abeokuta South,,,350,1041,755,321,295,16,0,286,434,26,1.8
2024/2025,Female,ALL,NECO,University,lga,Abeokuta South,South West,Ogun,Abeokuta South,,,451,1339,971,413,380,21,0,368,558,33,1.8
2024/2025,Female,ALL,NECO,Polytechnic,lga,Abeokuta South,South West,Ogun,Abeokuta South,,,205,609,441,188,173,10,0,168,253,15,1.8
2024/2025,Female,ALL,NECO,College of Education,lga,Abeokuta South,South West,Ogun,Abeokuta South,,,164,487,353,150,138,8,0,134,203,12,1.8
2024/2025,Female,ALL,NABTEB,University,lga,Abeokuta South,South West,Ogun,Abeokuta South,,,140,416,301,128,118,6,0,115,173,10,1.8
2024/2025,Female,ALL,NABTEB,Polytechnic,lga,Abeokuta South,South West,Ogun,Abeokuta South,,,64,189,137,58,54,3,0,52,79,4,1.8
2024/2025,Female,ALL,NABTEB,College of Education,lga,Abeokuta South,South West,Ogun,Abeokuta South,,,51,151,110,47,43,2,0,41,63,4,1.8
2024/2025,Female,Disabled,WAEC,University,lga,Abeokuta South,South West,Ogun,Abeokuta South,,,63,186,135,57,53,3,0,51,78,4,1.8
2024/2025,Female,Disabled,WAEC,Polytechnic,lga,Abeokuta South,South West,Ogun,Abeokuta South,,,28,85,61,26,24,1,0,24,35,2,1.8
2024/2025,Female,Disabled,WAEC,College of Education,lga,Abeokuta South,South West,Ogun,Abeokuta South,,,23,68,49,21,19,1,0,19,28,2,1.8
2024/2025,Female,Disabled,NECO,University,lga,Abeokuta South,South West,Ogun,Abeokuta South,,,29,87,63,27,25,1,0,24,36,2,1.8
2024/2025,Female,Disabled,NECO,Polytechnic,lga,Abeokuta South,South West,Ogun,Abeokuta South,,,13,40,29,12,11,1,0,11,17,1,1.8
2024/2025,Female,Disabled,NECO,College of Education,lga,Abeokuta South,South West,Ogun,Abeokuta South,,,11,32,23,10,9,0,0,9,13,1,1.8
2024/2025,Female,Disabled,NABTEB,University,lga,Abeokuta South,South West,Ogun,Abeokuta South,,,9,27,20,8,8,0,0,7,12,0,1.8
2024/2025,Female,Disabled,NABTEB,Polytechnic,lga,Abeokuta South,South West,Ogun,Abeokuta South,,,4,12,9,4,3,0,0,3,5,1,1.8
2024/2025,Female,Disabled,NABTEB,College of Education,lga,Abeokuta South,South West,Ogun,Abeokuta South,,,3,10,7,3,3,0,0,3,4,0,1.8
2024/2025,Female,ALL,WAEC,University,lga,Ijebu Ode,South West,Ogun,Ijebu Ode,,,1027,3053,2214,941,866,48,0,839,1273,75,1.8
2024/2025,Female,ALL,WAEC,Polytechnic,lga,Ijebu Ode,South West,Ogun,Ijebu Ode,,,467,1388,1006,428,394,22,0,382,578,34,1.8
2024/2025,Female,ALL,WAEC,College of Education,lga,Ijebu Ode,South West,Ogun,Ijebu Ode,,,374,1110,805,342,315,17,0,305,463,27,1.8
2024/2025,Female,ALL,NECO,University,lga,Ijebu Ode,South West,Ogun,Ijebu Ode,,,481,1428,1036,440,405,22,0,392,596,35,1.8
2024/2025,Female,ALL,NECO,Polytechnic,lga,Ijebu Ode,South West,Ogun,Ijebu Ode,,,218,649,471,200,184,10,0,178,271,16,1.8
2024/2025,Female,ALL,NECO,College of Education,lga,Ijebu Ode,South West,Ogun,Ijebu Ode,,,175,519,377,160,147,8,0,142,217,13,1.8
2024/2025,Female,ALL,NABTEB,University,lga,Ijebu Ode,South West,Ogun,Ijebu Ode,,,149,443,321,137,126,7,0,122,184,11,1.8
2024/2025,Female,ALL,NABTEB,Polytechnic,lga,Ijebu Ode,South West,Ogun,Ijebu Ode,,,68,201,146,62,57,3,0,55,84,5,1.8
2024/2025,Female,ALL,NABTEB,College of Education,lga,Ijebu Ode,South West,Ogun,Ijebu Ode,,,54,161,117,50,46,3,0,44,67,4,1.8
2024/2025,Female,Disabled,WAEC,University,lga,Ijebu Ode,South West,Ogun,Ijebu Ode,,,67,198,144,61,56,3,0,54,83,5,1.8
2024/2025,Female,Disabled,WAEC,Polytechnic,lga,Ijebu Ode,South West,Ogun,Ijebu Ode,,,30,90,65,28,26,1,0,25,37,2,1.8
2024/2025,Female,Disabled,WAEC,College of Education,lga,Ijebu Ode,South West,Ogun,Ijebu Ode,,,24,72,52,22,20,1,0,20,30,2,1.8
2024/2025,Female,Disabled,NECO,University,lga,Ijebu Ode,South West,Ogun,Ijebu Ode,,,31,93,67,29,26,1,0,26,38,3,1.8
2024/2025,Female,Disabled,NECO,Polytechnic,lga,Ijebu Ode,South West,Ogun,Ijebu Ode,,,14,42,31,13,12,1,0,11,18,1,1.8
2024/2025,Female,Disabled,NECO,College of Education,lga,Ijebu Ode,South West,Ogun,Ijebu Ode,,,11,34,24,10,10,1,0,10,14,0,1.8
2024/2025,Female,Disabled,NABTEB,University,lga,Ijebu Ode,South West,Ogun,Ijebu Ode,,,10,29,21,9,8,0,0,8,12,1,1.8
2024/2025,Female,Disabled,NABTEB,Polytechnic,lga,Ijebu Ode,South West,Ogun,Ijebu Ode,,,4,13,9,4,4,0,0,4,5,0,1.8
2024/2025,Female,Disabled,NABTEB,College of Education,lga,Ijebu Ode,South West,Ogun,Ijebu Ode,,,4,10,8,3,3,0,0,2,5,0,1.8
2024/2025,Female,ALL,WAEC,University,lga,Shagamu,South West,Ogun,Shagamu,,,1061,3152,2286,972,894,49,0,866,1314,78,1.8
2024/2025,Female,ALL,WAEC,Polytechnic,lga,Shagamu,South West,Ogun,Shagamu,,,482,1433,1039,442,406,22,0,394,597,36,1.8
2024/2025,Female,ALL,WAEC,College of Education,lga,Shagamu,South West,Ogun,Shagamu,,,386,1146,831,353,325,18,0,315,478,28,1.8
2024/2025,Female,ALL,NECO,University,lga,Shagamu,South West,Ogun,Shagamu,,,496,1474,1069,454,418,23,0,405,615,36,1.8
2024/2025,Female,ALL,NECO,Polytechnic,lga,Shagamu,South West,Ogun,Shagamu,,,226,670,486,207,190,10,0,184,279,17,1.8
2024/2025,Female,ALL,NECO,College of Education,lga,Shagamu,South West,Ogun,Shagamu,,,180,536,389,165,152,8,0,147,224,13,1.8
2024/2025,Female,ALL,NABTEB,University,lga,Shagamu,South West,Ogun,Shagamu,,,154,458,332,141,130,7,0,126,191,11,1.8
2024/2025,Female,ALL,NABTEB,Polytechnic,lga,Shagamu,South West,Ogun,Shagamu,,,70,208,151,64,59,3,0,57,87,5,1.8
2024/2025,Female,ALL,NABTEB,College of Education,lga,Shagamu,South West,Ogun,Shagamu,,,56,166,121,51,47,3,0,45,70,4,1.8
2024/2025,Female,Disabled,WAEC,University,lga,Shagamu,South West,Ogun,Shagamu,,,69,205,149,63,58,3,0,56,86,5,1.8
2024/2025,Female,Disabled,WAEC,Polytechnic,lga,Shagamu,South West,Ogun,Shagamu,,,31,93,68,29,26,1,0,25,39,3,1.8
2024/2025,Female,Disabled,WAEC,College of Education,lga,Shagamu,South West,Ogun,Shagamu,,,25,74,54,23,21,1,0,20,31,2,1.8
2024/2025,Female,Disabled,NECO,University,lga,Shagamu,South West,Ogun,Shagamu,,,32,96,70,30,27,1,0,26,40,3,1.8
2024/2025,Female,Disabled,NECO,Polytechnic,lga,Shagamu,South West,Ogun,Shagamu,,,15,44,32,13,12,1,0,12,19,1,1.8
2024/2025,Female,Disabled,NECO,College of Education,lga,Shagamu,South West,Ogun,Shagamu,,,12,35,25,11,10,1,0,10,14,1,1.8
2024/2025,Female,Disabled,NABTEB,University,lga,Shagamu,South West,Ogun,Shagamu,,,10,30,22,9,8,0,0,8,13,1,1.8
2024/2025,Female,Disabled,NABTEB,Polytechnic,lga,Shagamu,South West,Ogun,Shagamu,,,5,14,10,4,4,0,0,4,6,0,1.8
2024/2025,Female,Disabled,NABTEB,College of Education,lga,Shagamu,South West,Ogun,Shagamu,,,4,11,8,3,3,0,0,3,5,0,1.8
2024/2025,Female,ALL,WAEC,University,lga,Remo North,South West,Ogun,Remo North,,,606,1799,1305,555,510,28,0,494,750,45,1.8
2024/2025,Female,ALL,WAEC,Polytechnic,lga,Remo North,South West,Ogun,Remo North,,,275,818,593,252,232,13,0,225,341,20,1.8
2024/2025,Female,ALL,WAEC,College of Education,lga,Remo North,South West,Ogun,Remo North,,,220,654,475,202,186,10,0,179,273,16,1.8
2024/2025,Female,ALL,NECO,University,lga,Remo North,South West,Ogun,Remo North,,,283,842,610,260,239,13,0,232,350,21,1.8
2024/2025,Female,ALL,NECO,Polytechnic,lga,Remo North,South West,Ogun,Remo North,,,129,383,277,118,109,6,0,106,159,9,1.8
2024/2025,Female,ALL,NECO,College of Education,lga,Remo North,South West,Ogun,Remo North,,,103,306,222,94,87,5,0,84,128,7,1.8
2024/2025,Female,ALL,NABTEB,University,lga,Remo North,South West,Ogun,Remo North,,,88,261,189,81,74,4,0,72,108,7,1.8
2024/2025,Female,ALL,NABTEB,Polytechnic,lga,Remo North,South West,Ogun,Remo North,,,40,119,86,37,34,2,0,33,49,3,1.8
2024/2025,Female,ALL,NABTEB,College of Education,lga,Remo North,South West,Ogun,Remo North,,,32,95,69,29,27,1,0,26,40,2,1.8
2024/2025,Female,Disabled,WAEC,University,lga,Remo North,South West,Ogun,Remo North,,,39,117,85,36,33,2,0,32,49,3,1.8
2024/2025,Female,Disabled,WAEC,Polytechnic,lga,Remo North,South West,Ogun,Remo North,,,18,53,39,16,15,1,0,14,23,1,1.8
2024/2025,Female,Disabled,WAEC,College of Education,lga,Remo North,South West,Ogun,Remo North,,,14,43,31,13,12,1,0,12,18,1,1.8
2024/2025,Female,Disabled,NECO,University,lga,Remo North,South West,Ogun,Remo North,,,18,55,40,17,16,1,0,15,23,1,1.8
2024/2025,Female,Disabled,NECO,Polytechnic,lga,Remo North,South West,Ogun,Remo North,,,8,25,18,8,7,0,0,7,10,1,1.8
2024/2025,Female,Disabled,NECO,College of Education,lga,Remo North,South West,Ogun,Remo North,,,7,20,14,6,6,0,0,6,8,0,1.8
2024/2025,Female,Disabled,NABTEB,University,lga,Remo North,South West,Ogun,Remo North,,,6,17,12,5,5,0,0,5,7,0,1.8
2024/2025,Female,Disabled,NABTEB,Polytechnic,lga,Remo North,South West,Ogun,Remo North,,,3,8,6,2,2,0,0,2,4,0,1.8
2024/2025,Female,Disabled,NABTEB,College of Education,lga,Remo North,South West,Ogun,Remo North,,,2,6,4,2,2,0,0,2,2,0,1.8
2024/2025,Male,ALL,WAEC,University,lga,Abeokuta North,South West,Ogun,Abeokuta North,,,661,1964,1425,606,557,31,0,539,819,49,1.8
2024/2025,Male,ALL,WAEC,Polytechnic,lga,Abeokuta North,South West,Ogun,Abeokuta North,,,301,893,648,275,253,14,0,245,373,22,1.8
2024/2025,Male,ALL,WAEC,College of Education,lga,Abeokuta North,South West,Ogun,Abeokuta North,,,240,714,518,220,203,11,0,196,298,17,1.8
2024/2025,Male,ALL,NECO,University,lga,Abeokuta North,South West,Ogun,Abeokuta North,,,309,919,666,283,261,14,0,253,383,22,1.8
2024/2025,Male,ALL,NECO,Polytechnic,lga,Abeokuta North,South West,Ogun,Abeokuta North,,,141,418,303,129,118,6,0,115,174,11,1.8
2024/2025,Male,ALL,NECO,College of Education,lga,Abeokuta North,South West,Ogun,Abeokuta North,,,112,334,242,103,95,5,0,92,139,8,1.8
2024/2025,Male,ALL,NABTEB,University,lga,Abeokuta North,South West,Ogun,Abeokuta North,,,96,285,207,88,81,4,0,78,119,7,1.8
2024/2025,Male,ALL,NABTEB,Polytechnic,lga,Abeokuta North,South West,Ogun,Abeokuta North,,,44,130,94,40,37,2,0,36,54,3,1.8
2024/2025,Male,ALL,NABTEB,College of Education,lga,Abeokuta North,South West,Ogun,Abeokuta North,,,35,104,75,32,29,2,0,29,43,3,1.8
2024/2025,Male,Disabled,WAEC,University,lga,Abeokuta North,South West,Ogun,Abeokuta North,,,43,128,93,39,36,2,0,35,54,3,1.8
2024/2025,Male,Disabled,WAEC,Polytechnic,lga,Abeokuta North,South West,Ogun,Abeokuta North,,,20,58,42,18,16,1,0,16,24,2,1.8
2024/2025,Male,Disabled,WAEC,College of Education,lga,Abeokuta North,South West,Ogun,Abeokuta North,,,16,46,34,14,13,1,0,12,20,1,1.8
2024/2025,Male,Disabled,NECO,University,lga,Abeokuta North,South West,Ogun,Abeokuta North,,,20,60,43,18,17,1,0,17,25,1,1.8
2024/2025,Male,Disabled,NECO,Polytechnic,lga,Abeokuta North,South West,Ogun,Abeokuta North,,,9,27,20,8,8,0,0,7,12,0,1.8
2024/2025,Male,Disabled,NECO,College of Education,lga,Abeokuta North,South West,Ogun,Abeokuta North,,,7,22,16,7,6,0,0,6,9,1,1.8
2024/2025,Male,Disabled,NABTEB,University,lga,Abeokuta North,South West,Ogun,Abeokuta North,,,6,19,13,6,5,0,0,6,7,1,1.8
2024/2025,Male,Disabled,NABTEB,Polytechnic,lga,Abeokuta North,South West,Ogun,Abeokuta North,,,3,8,6,3,2,0,0,2,3,1,1.8
2024/2025,Male,Disabled,NABTEB,College of Education,lga,Abeokuta North,South West,Ogun,Abeokuta North,,,2,7,5,2,2,0,0,2,3,0,1.8
2024/2025,Male,ALL,WAEC,University,lga,Abeokuta South,South West,Ogun,Abeokuta South,,,979,2909,2110,897,825,45,0,799,1213,72,1.8
2024/2025,Male,ALL,WAEC,Polytechnic,lga,Abeokuta South,South West,Ogun,Abeokuta South,,,445,1322,959,408,375,21,0,363,551,33,1.8
2024/2025,Male,ALL,WAEC,College of Education,lga,Abeokuta South,South West,Ogun,Abeokuta South,,,356,1058,767,326,300,16,0,291,441,26,1.8
2024/2025,Male,ALL,NECO,University,lga,Abeokuta South,South West,Ogun,Abeokuta South,,,458,1361,987,419,386,21,0,374,568,33,1.8
2024/2025,Male,ALL,NECO,Polytechnic,lga,Abeokuta South,South West,Ogun,Abeokuta South,,,208,619,449,191,175,10,0,170,258,16,1.8
2024/2025,Male,ALL,NECO,College of Education,lga,Abeokuta South,South West,Ogun,Abeokuta South,,,167,495,359,153,140,8,0,136,206,13,1.8
2024/2025,Male,ALL,NABTEB,University,lga,Abeokuta South,South West,Ogun,Abeokuta South,,,142,422,306,130,120,7,0,116,176,10,1.8
2024/2025,Male,ALL,NABTEB,Polytechnic,lga,Abeokuta South,South West,Ogun,Abeokuta South,,,65,192,139,59,54,3,0,53,80,5,1.8
2024/2025,Male,ALL,NABTEB,College of Education,lga,Abeokuta South,South West,Ogun,Abeokuta South,,,52,154,111,47,44,2,0,43,64,3,1.8
2024/2025,Male,Disabled,WAEC,University,lga,Abeokuta South,South West,Ogun,Abeokuta South,,,64,189,137,58,54,3,0,52,79,4,1.8
2024/2025,Male,Disabled,WAEC,Polytechnic,lga,Abeokuta South,South West,Ogun,Abeokuta South,,,29,86,62,26,24,1,0,24,36,2,1.8
2024/2025,Male,Disabled,WAEC,College of Education,lga,Abeokuta South,South West,Ogun,Abeokuta South,,,23,69,50,21,20,1,0,19,29,1,1.8
2024/2025,Male,Disabled,NECO,University,lga,Abeokuta South,South West,Ogun,Abeokuta South,,,30,88,64,27,25,1,0,24,37,2,1.8
2024/2025,Male,Disabled,NECO,Polytechnic,lga,Abeokuta South,South West,Ogun,Abeokuta South,,,14,40,29,12,11,1,0,11,17,1,1.8
2024/2025,Male,Disabled,NECO,College of Education,lga,Abeokuta South,South West,Ogun,Abeokuta South,,,11,32,23,10,9,0,0,9,13,1,1.8
2024/2025,Male,Disabled,NABTEB,University,lga,Abeokuta South,South West,Ogun,Abeokuta South,,,9,27,20,8,8,0,0,7,12,0,1.8
2024/2025,Male,Disabled,NABTEB,Polytechnic,lga,Abeokuta South,South West,Ogun,Abeokuta South,,,4,12,9,4,4,0,0,3,5,0,1.8
2024/2025,Male,Disabled,NABTEB,College of Education,lga,Abeokuta South,South West,Ogun,Abeokuta South,,,3,10,7,3,3,0,0,3,4,0,1.8
2024/2025,Male,ALL,WAEC,University,lga,Ijebu Ode,South West,Ogun,Ijebu Ode,,,1044,3103,2251,957,880,48,0,852,1294,77,1.8
2024/2025,Male,ALL,WAEC,Polytechnic,lga,Ijebu Ode,South West,Ogun,Ijebu Ode,,,475,1410,1023,435,400,22,0,387,588,35,1.8
2024/2025,Male,ALL,WAEC,College of Education,lga,Ijebu Ode,South West,Ogun,Ijebu Ode,,,380,1128,819,348,320,18,0,309,471,28,1.8
2024/2025,Male,ALL,NECO,University,lga,Ijebu Ode,South West,Ogun,Ijebu Ode,,,489,1451,1053,447,412,23,0,398,606,35,1.8
2024/2025,Male,ALL,NECO,Polytechnic,lga,Ijebu Ode,South West,Ogun,Ijebu Ode,,,222,660,479,203,187,10,0,181,276,16,1.8
2024/2025,Male,ALL,NECO,College of Education,lga,Ijebu Ode,South West,Ogun,Ijebu Ode,,,178,528,383,163,150,8,0,145,220,13,1.8
2024/2025,Male,ALL,NABTEB,University,lga,Ijebu Ode,South West,Ogun,Ijebu Ode,,,152,450,327,139,128,7,0,123,188,11,1.8
2024/2025,Male,ALL,NABTEB,Polytechnic,lga,Ijebu Ode,South West,Ogun,Ijebu Ode,,,69,205,149,63,58,3,0,56,86,5,1.8
2024/2025,Male,ALL,NABTEB,College of Education,lga,Ijebu Ode,South West,Ogun,Ijebu Ode,,,55,164,119,50,46,3,0,45,69,4,1.8
2024/2025,Male,Disabled,WAEC,University,lga,Ijebu Ode,South West,Ogun,Ijebu Ode,,,68,202,146,62,57,3,0,56,84,5,1.8
2024/2025,Male,Disabled,WAEC,Polytechnic,lga,Ijebu Ode,South West,Ogun,Ijebu Ode,,,31,92,67,28,26,1,0,25,39,2,1.8
2024/2025,Male,Disabled,WAEC,College of Education,lga,Ijebu Ode,South West,Ogun,Ijebu Ode,,,25,73,53,23,21,1,0,20,30,2,1.8
2024/2025,Male,Disabled,NECO,University,lga,Ijebu Ode,South West,Ogun,Ijebu Ode,,,32,94,68,29,27,1,0,26,39,2,1.8
2024/2025,Male,Disabled,NECO,Polytechnic,lga,Ijebu Ode,South West,Ogun,Ijebu Ode,,,14,43,31,13,12,1,0,12,18,1,1.8
2024/2025,Male,Disabled,NECO,College of Education,lga,Ijebu Ode,South West,Ogun,Ijebu Ode,,,12,34,25,11,10,1,0,9,14,1,1.8
2024/2025,Male,Disabled,NABTEB,University,lga,Ijebu Ode,South West,Ogun,Ijebu Ode,,,10,29,21,9,8,0,0,8,12,1,1.8
2024/2025,Male,Disabled,NABTEB,Polytechnic,lga,Ijebu Ode,South West,Ogun,Ijebu Ode,,,4,13,10,4,4,0,0,3,6,0,1.8
2024/2025,Male,Disabled,NABTEB,College of Education,lga,Ijebu Ode,South West,Ogun,Ijebu Ode,,,4,11,8,3,3,0,0,3,5,0,1.8
2024/2025,Male,ALL,WAEC,University,lga,Shagamu,South West,Ogun,Shagamu,,,1078,3204,2324,988,909,50,0,880,1336,79,1.8
2024/2025,Male,ALL,WAEC,Polytechnic,lga,Shagamu,South West,Ogun,Shagamu,,,490,1456,1056,449,413,23,0,400,607,36,1.8
2024/2025,Male,ALL,WAEC,College of Education,lga,Shagamu,South West,Ogun,Shagamu,,,392,1165,845,359,330,18,0,320,486,29,1.8
2024/2025,Male,ALL,NECO,University,lga,Shagamu,South West,Ogun,Shagamu,,,504,1499,1087,462,425,23,0,412,625,37,1.8
2024/2025,Male,ALL,NECO,Polytechnic,lga,Shagamu,South West,Ogun,Shagamu,,,229,681,494,210,193,11,0,187,284,17,1.8
2024/2025,Male,ALL,NECO,College of Education,lga,Shagamu,South West,Ogun,Shagamu,,,183,545,395,168,155,9,0,150,227,13,1.8
2024/2025,Male,ALL,NABTEB,University,lga,Shagamu,South West,Ogun,Shagamu,,,157,465,337,143,132,7,0,128,194,11,1.8
2024/2025,Male,ALL,NABTEB,Polytechnic,lga,Shagamu,South West,Ogun,Shagamu,,,71,211,153,65,60,3,0,58,88,5,1.8
2024/2025,Male,ALL,NABTEB,College of Education,lga,Shagamu,South West,Ogun,Shagamu,,,57,169,123,52,48,3,0,46,71,4,1.8
2024/2025,Male,Disabled,WAEC,University,lga,Shagamu,South West,Ogun,Shagamu,,,70,208,151,64,59,3,0,57,87,5,1.8
2024/2025,Male,Disabled,WAEC,Polytechnic,lga,Shagamu,South West,Ogun,Shagamu,,,32,95,69,29,27,1,0,26,40,2,1.8
2024/2025,Male,Disabled,WAEC,College of Education,lga,Shagamu,South West,Ogun,Shagamu,,,25,76,55,23,21,1,0,21,32,2,1.8
2024/2025,Male,Disabled,NECO,University,lga,Shagamu,South West,Ogun,Shagamu,,,33,97,71,30,28,2,0,26,41,2,1.8
2024/2025,Male,Disabled,NECO,Polytechnic,lga,Shagamu,South West,Ogun,Shagamu,,,15,44,32,14,13,1,0,12,18,1,1.8
2024/2025,Male,Disabled,NECO,College of Education,lga,Shagamu,South West,Ogun,Shagamu,,,12,35,26,11,10,1,0,9,15,1,1.8
2024/2025,Male,Disabled,NABTEB,University,lga,Shagamu,South West,Ogun,Shagamu,,,10,30,22,9,9,0,0,8,13,0,1.8
2024/2025,Male,Disabled,NABTEB,Polytechnic,lga,Shagamu,South West,Ogun,Shagamu,,,5,14,10,4,4,0,0,4,6,0,1.8
2024/2025,Male,Disabled,NABTEB,College of Education,lga,Shagamu,South West,Ogun,Shagamu,,,4,11,8,3,3,0,0,3,5,0,1.8
2024/2025,Male,ALL,WAEC,University,lga,Remo North,South West,Ogun,Remo North,,,616,1829,1327,564,519,29,0,502,763,45,1.8
2024/2025,Male,ALL,WAEC,Polytechnic,lga,Remo North,South West,Ogun,Remo North,,,280,831,603,256,236,13,0,228,347,20,1.8
2024/2025,Male,ALL,WAEC,College of Education,lga,Remo North,South West,Ogun,Remo North,,,224,665,482,205,189,10,0,183,277,16,1.8
2024/2025,Male,ALL,NECO,University,lga,Remo North,South West,Ogun,Remo North,,,288,856,621,264,243,13,0,235,357,21,1.8
2024/2025,Male,ALL,NECO,Polytechnic,lga,Remo North,South West,Ogun,Remo North,,,131,389,282,120,110,6,0,107,162,10,1.8
2024/2025,Male,ALL,NECO,College of Education,lga,Remo North,South West,Ogun,Remo North,,,105,311,226,96,88,5,0,85,130,8,1.8
2024/2025,Male,ALL,NABTEB,University,lga,Remo North,South West,Ogun,Remo North,,,89,266,193,82,75,4,0,73,111,7,1.8
2024/2025,Male,ALL,NABTEB,Polytechnic,lga,Remo North,South West,Ogun,Remo North,,,41,121,88,37,34,2,0,33,51,3,1.8
2024/2025,Male,ALL,NABTEB,College of Education,lga,Remo North,South West,Ogun,Remo North,,,33,97,70,30,27,1,0,27,40,3,1.8
2024/2025,Male,Disabled,WAEC,University,lga,Remo North,South West,Ogun,Remo North,,,40,119,86,37,34,2,0,33,49,3,1.8
2024/2025,Male,Disabled,WAEC,Polytechnic,lga,Remo North,South West,Ogun,Remo North,,,18,54,39,17,15,1,0,15,22,2,1.8
2024/2025,Male,Disabled,WAEC,College of Education,lga,Remo North,South West,Ogun,Remo North,,,15,43,31,13,12,1,0,12,18,1,1.8
2024/2025,Male,Disabled,NECO,University,lga,Remo North,South West,Ogun,Remo North,,,19,56,40,17,16,1,0,16,23,1,1.8
2024/2025,Male,Disabled,NECO,Polytechnic,lga,Remo North,South West,Ogun,Remo North,,,9,25,18,8,7,0,0,7,10,1,1.8
2024/2025,Male,Disabled,NECO,College of Education,lga,Remo North,South West,Ogun,Remo North,,,7,20,15,6,6,0,0,5,9,0,1.8
2024/2025,Male,Disabled,NABTEB,University,lga,Remo North,South West,Ogun,Remo North,,,6,17,13,5,5,0,0,4,8,0,1.8
2024/2025,Male,Disabled,NABTEB,Polytechnic,lga,Remo North,South West,Ogun,Remo North,,,3,8,6,2,2,0,0,2,4,0,1.8
2024/2025,Male,Disabled,NABTEB,College of Education,lga,Remo North,South West,Ogun,Remo North,,,2,6,5,2,2,0,0,1,3,0,1.8
